ISO-10303-21;
HEADER;
/* Generated by software containing ST-Developer
 * from STEP Tools, Inc. (www.steptools.com) 
 */

FILE_DESCRIPTION(
/* description */ (''),
/* implementation_level */ '2;1');

FILE_NAME(
/* name */ 'epaper73_case.step',
/* time_stamp */ '2026-08-30T08:17:05+02:00',
/* author */ (''),
/* organization */ (''),
/* preprocessor_version */ 'ST-DEVELOPER v20.1',
/* originating_system */ 'Autodesk Translation Framework v15.8.0.0',
/* authorisation */ '');

FILE_SCHEMA (('AUTOMOTIVE_DESIGN { 1 0 10303 214 3 1 1 }'));
ENDSEC;

DATA;
#10=MECHANICAL_DESIGN_GEOMETRIC_PRESENTATION_REPRESENTATION('',(#190,#191,
#192,#193,#194,#195,#196,#197,#198,#199),#10931);
#11=SHAPE_REPRESENTATION_RELATIONSHIP('SRR','None',#10938,#12);
#12=ADVANCED_BREP_SHAPE_REPRESENTATION('',(#200,#201,#202,#203,#204,#205,
#206,#207,#208,#209),#10930);
#13=B_SPLINE_CURVE_WITH_KNOTS('',3,(#8643,#8644,#8645,#8646,#8647,#8648,
#8649),.UNSPECIFIED.,.F.,.F.,(4,3,4),(0.,0.0846765096520269,0.155904072435588),
 .UNSPECIFIED.);
#14=B_SPLINE_CURVE_WITH_KNOTS('',3,(#8651,#8652,#8653,#8654,#8655),
 .UNSPECIFIED.,.F.,.F.,(4,1,4),(0.,0.082794648839546,0.152439241803948),
 .UNSPECIFIED.);
#15=B_SPLINE_CURVE_WITH_KNOTS('',3,(#8668,#8669,#8670,#8671,#8672,#8673,
#8674),.UNSPECIFIED.,.F.,.F.,(4,3,4),(0.,0.0730938011310519,0.154133269082174),
 .UNSPECIFIED.);
#16=B_SPLINE_CURVE_WITH_KNOTS('',3,(#8676,#8677,#8678,#8679,#8680),
 .UNSPECIFIED.,.F.,.F.,(4,1,4),(0.,0.0668074318013502,0.140877170200306),
 .UNSPECIFIED.);
#17=B_SPLINE_CURVE_WITH_KNOTS('',3,(#8693,#8694,#8695,#8696,#8697,#8698,
#8699),.UNSPECIFIED.,.F.,.F.,(4,3,4),(0.,0.086964115571182,0.165411429010266),
 .UNSPECIFIED.);
#18=B_SPLINE_CURVE_WITH_KNOTS('',3,(#8701,#8702,#8703,#8704,#8705),
 .UNSPECIFIED.,.F.,.F.,(4,1,4),(0.,0.0853704001757425,0.162380078213861),
 .UNSPECIFIED.);
#19=B_SPLINE_CURVE_WITH_KNOTS('',3,(#8718,#8719,#8720,#8721,#8722,#8723,
#8724),.UNSPECIFIED.,.F.,.F.,(4,3,4),(0.,0.0763038943414745,0.153953564793775),
 .UNSPECIFIED.);
#20=B_SPLINE_CURVE_WITH_KNOTS('',3,(#8726,#8727,#8728,#8729,#8730),
 .UNSPECIFIED.,.F.,.F.,(4,1,4),(0.,0.0738971102213404,0.149097547965519),
 .UNSPECIFIED.);
#21=B_SPLINE_CURVE_WITH_KNOTS('',3,(#8743,#8744,#8745,#8746,#8747,#8748,
#8749),.UNSPECIFIED.,.F.,.F.,(4,3,4),(0.,0.0785415394514547,0.157348844764124),
 .UNSPECIFIED.);
#22=B_SPLINE_CURVE_WITH_KNOTS('',3,(#8751,#8752,#8753,#8754,#8755),
 .UNSPECIFIED.,.F.,.F.,(4,1,4),(0.,0.0779556021323534,0.156174987453602),
 .UNSPECIFIED.);
#23=B_SPLINE_CURVE_WITH_KNOTS('',3,(#8768,#8769,#8770,#8771,#8772,#8773,
#8774),.UNSPECIFIED.,.F.,.F.,(4,3,4),(0.,0.0966846448634009,0.182989596433009),
 .UNSPECIFIED.);
#24=B_SPLINE_CURVE_WITH_KNOTS('',3,(#8776,#8777,#8778,#8779,#8780),
 .UNSPECIFIED.,.F.,.F.,(4,1,4),(0.,0.0958549525976375,0.181419284486472),
 .UNSPECIFIED.);
#25=B_SPLINE_CURVE_WITH_KNOTS('',3,(#8793,#8794,#8795,#8796,#8797,#8798,
#8799),.UNSPECIFIED.,.F.,.F.,(4,3,4),(0.,0.0780458768852303,0.151558357188635),
 .UNSPECIFIED.);
#26=B_SPLINE_CURVE_WITH_KNOTS('',3,(#8801,#8802,#8803,#8804,#8805),
 .UNSPECIFIED.,.F.,.F.,(4,1,4),(0.,0.0765952573720454,0.148741379289246),
 .UNSPECIFIED.);
#27=B_SPLINE_CURVE_WITH_KNOTS('',3,(#8818,#8819,#8820,#8821,#8822,#8823,
#8824),.UNSPECIFIED.,.F.,.F.,(4,3,4),(0.,0.0720214089441555,0.144011190756979),
 .UNSPECIFIED.);
#28=B_SPLINE_CURVE_WITH_KNOTS('',3,(#8826,#8827,#8828,#8829,#8830),
 .UNSPECIFIED.,.F.,.F.,(4,1,4),(0.,0.0711887359957141,0.142346210516046),
 .UNSPECIFIED.);
#29=B_SPLINE_CURVE_WITH_KNOTS('',3,(#8843,#8844,#8845,#8846,#8847,#8848,
#8849),.UNSPECIFIED.,.F.,.F.,(4,3,4),(0.,0.0848635591619152,0.165059861229475),
 .UNSPECIFIED.);
#30=B_SPLINE_CURVE_WITH_KNOTS('',3,(#8851,#8852,#8853,#8854,#8855),
 .UNSPECIFIED.,.F.,.F.,(4,1,4),(0.,0.0831233560262327,0.161675161236645),
 .UNSPECIFIED.);
#31=B_SPLINE_CURVE_WITH_KNOTS('',3,(#8868,#8869,#8870,#8871,#8872,#8873,
#8874),.UNSPECIFIED.,.F.,.F.,(4,3,4),(0.,0.0911177821550311,0.195585249538617),
 .UNSPECIFIED.);
#32=B_SPLINE_CURVE_WITH_KNOTS('',3,(#8876,#8877,#8878,#8879,#8880),
 .UNSPECIFIED.,.F.,.F.,(4,1,4),(0.,0.0820518826565315,0.176125203719139),
 .UNSPECIFIED.);
#33=B_SPLINE_CURVE_WITH_KNOTS('',3,(#8899,#8900,#8901,#8902,#8903,#8904,
#8905),.UNSPECIFIED.,.F.,.F.,(4,3,4),(0.,0.12658169239915,0.240272288275965),
 .UNSPECIFIED.);
#34=B_SPLINE_CURVE_WITH_KNOTS('',3,(#8907,#8908,#8909,#8910,#8911),
 .UNSPECIFIED.,.F.,.F.,(4,1,4),(0.,0.124021995796082,0.235413574915016),
 .UNSPECIFIED.);
#35=B_SPLINE_CURVE_WITH_KNOTS('',3,(#8924,#8925,#8926,#8927,#8928,#8929,
#8930),.UNSPECIFIED.,.F.,.F.,(4,3,4),(0.,0.117087891833112,0.242379756702832),
 .UNSPECIFIED.);
#36=B_SPLINE_CURVE_WITH_KNOTS('',3,(#8932,#8933,#8934,#8935,#8936),
 .UNSPECIFIED.,.F.,.F.,(4,1,4),(0.,0.108976031496575,0.225587663993712),
 .UNSPECIFIED.);
#37=B_SPLINE_CURVE_WITH_KNOTS('',3,(#8949,#8950,#8951,#8952,#8953,#8954,
#8955),.UNSPECIFIED.,.F.,.F.,(4,3,4),(0.,0.120272578367746,0.223365896500339),
 .UNSPECIFIED.);
#38=B_SPLINE_CURVE_WITH_KNOTS('',3,(#8957,#8958,#8959,#8960,#8961),
 .UNSPECIFIED.,.F.,.F.,(4,1,4),(0.,0.117994575299368,0.219135271327883),
 .UNSPECIFIED.);
#39=B_SPLINE_CURVE_WITH_KNOTS('',3,(#8974,#8975,#8976,#8977,#8978,#8979,
#8980),.UNSPECIFIED.,.F.,.F.,(4,3,4),(0.,0.102520109587406,0.211545369535635),
 .UNSPECIFIED.);
#40=B_SPLINE_CURVE_WITH_KNOTS('',3,(#8982,#8983,#8984,#8985,#8986),
 .UNSPECIFIED.,.F.,.F.,(4,1,4),(0.,0.0961569280522456,0.198415247116773),
 .UNSPECIFIED.);
#41=B_SPLINE_CURVE_WITH_KNOTS('',3,(#8999,#9000,#9001,#9002,#9003,#9004,
#9005),.UNSPECIFIED.,.F.,.F.,(4,3,4),(0.,0.111834092050909,0.22689071467538),
 .UNSPECIFIED.);
#42=B_SPLINE_CURVE_WITH_KNOTS('',3,(#9007,#9008,#9009,#9010,#9011),
 .UNSPECIFIED.,.F.,.F.,(4,1,4),(0.,0.108296268702366,0.219713124611154),
 .UNSPECIFIED.);
#43=B_SPLINE_CURVE_WITH_KNOTS('',3,(#9024,#9025,#9026,#9027,#9028,#9029,
#9030),.UNSPECIFIED.,.F.,.F.,(4,3,4),(0.,0.118923203832262,0.227318960085182),
 .UNSPECIFIED.);
#44=B_SPLINE_CURVE_WITH_KNOTS('',3,(#9032,#9033,#9034,#9035,#9036),
 .UNSPECIFIED.,.F.,.F.,(4,1,4),(0.,0.117592490417892,0.224775332098565),
 .UNSPECIFIED.);
#45=B_SPLINE_CURVE_WITH_KNOTS('',3,(#9049,#9050,#9051,#9052,#9053,#9054,
#9055),.UNSPECIFIED.,.F.,.F.,(4,3,4),(0.,0.101689715753092,0.201237783819939),
 .UNSPECIFIED.);
#46=B_SPLINE_CURVE_WITH_KNOTS('',3,(#9057,#9058,#9059,#9060,#9061),
 .UNSPECIFIED.,.F.,.F.,(4,1,4),(0.,0.100231220818739,0.198351510747698),
 .UNSPECIFIED.);
#47=B_SPLINE_CURVE_WITH_KNOTS('',3,(#9074,#9075,#9076,#9077,#9078,#9079,
#9080),.UNSPECIFIED.,.F.,.F.,(4,3,4),(0.,0.102918732701234,0.208684310976717),
 .UNSPECIFIED.);
#48=B_SPLINE_CURVE_WITH_KNOTS('',3,(#9082,#9083,#9084,#9085,#9086),
 .UNSPECIFIED.,.F.,.F.,(4,1,4),(0.,0.0993991183449301,0.201547725852013),
 .UNSPECIFIED.);
#49=B_SPLINE_CURVE_WITH_KNOTS('',3,(#9099,#9100,#9101,#9102,#9103,#9104,
#9105),.UNSPECIFIED.,.F.,.F.,(4,3,4),(0.,0.113686558521733,0.217894533812741),
 .UNSPECIFIED.);
#50=B_SPLINE_CURVE_WITH_KNOTS('',3,(#9107,#9108,#9109,#9110,#9111),
 .UNSPECIFIED.,.F.,.F.,(4,1,4),(0.,0.111556114625216,0.213811271150189),
 .UNSPECIFIED.);
#51=B_SPLINE_CURVE_WITH_KNOTS('',3,(#9123,#9124,#9125,#9126,#9127,#9128,
#9129),.UNSPECIFIED.,.F.,.F.,(4,3,4),(0.,0.10839949448856,0.224159034215619),
 .UNSPECIFIED.);
#52=B_SPLINE_CURVE_WITH_KNOTS('',3,(#9130,#9131,#9132,#9133,#9134),
 .UNSPECIFIED.,.F.,.F.,(4,1,4),(0.,0.101139416440154,0.209145937601662),
 .UNSPECIFIED.);
#53=B_SPLINE_CURVE_WITH_KNOTS('',3,(#9148,#9149,#9150,#9151,#9152,#9153,
#9154),.UNSPECIFIED.,.F.,.F.,(4,3,4),(0.,0.0800498544866845,0.161295604909347),
 .UNSPECIFIED.);
#54=B_SPLINE_CURVE_WITH_KNOTS('',3,(#9158,#9159,#9160,#9161,#9162),
 .UNSPECIFIED.,.F.,.F.,(4,1,4),(0.,0.0788522577335271,0.158882520038967),
 .UNSPECIFIED.);
#55=B_SPLINE_CURVE_WITH_KNOTS('',3,(#9219,#9220,#9221,#9222,#9223,#9224,
#9225),.UNSPECIFIED.,.F.,.F.,(4,3,4),(0.,0.0988749898660728,0.177311735948963),
 .UNSPECIFIED.);
#56=B_SPLINE_CURVE_WITH_KNOTS('',3,(#9226,#9227,#9228,#9229,#9230),
 .UNSPECIFIED.,.F.,.F.,(4,1,4),(0.,0.0977908479310568,0.175367552806461),
 .UNSPECIFIED.);
#57=B_SPLINE_CURVE_WITH_KNOTS('',3,(#9387,#9388,#9389,#9390,#9391,#9392,
#9393),.UNSPECIFIED.,.F.,.F.,(4,3,4),(0.,0.0774650117929698,0.152410086420873),
 .UNSPECIFIED.);
#58=B_SPLINE_CURVE_WITH_KNOTS('',3,(#9397,#9398,#9399,#9400,#9401),
 .UNSPECIFIED.,.F.,.F.,(4,1,4),(0.,0.0763837797809384,0.150282794878788),
 .UNSPECIFIED.);
#59=B_SPLINE_CURVE_WITH_KNOTS('',3,(#9414,#9415,#9416,#9417,#9418,#9419,
#9420),.UNSPECIFIED.,.F.,.F.,(4,3,4),(0.,0.0766767201863625,0.155469554157227),
 .UNSPECIFIED.);
#60=B_SPLINE_CURVE_WITH_KNOTS('',3,(#9422,#9423,#9424,#9425,#9426),
 .UNSPECIFIED.,.F.,.F.,(4,1,4),(0.,0.0738654194082788,0.149769366701266),
 .UNSPECIFIED.);
#61=B_SPLINE_CURVE_WITH_KNOTS('',3,(#9439,#9440,#9441,#9442,#9443,#9444,
#9445),.UNSPECIFIED.,.F.,.F.,(4,3,4),(0.,0.108868700181295,0.217478051074382),
 .UNSPECIFIED.);
#62=B_SPLINE_CURVE_WITH_KNOTS('',3,(#9447,#9448,#9449,#9450,#9451),
 .UNSPECIFIED.,.F.,.F.,(4,1,4),(0.,0.106337054225474,0.212420790102537),
 .UNSPECIFIED.);
#63=B_SPLINE_CURVE_WITH_KNOTS('',3,(#9464,#9465,#9466,#9467,#9468,#9469,
#9470),.UNSPECIFIED.,.F.,.F.,(4,3,4),(0.,0.137037696416333,0.315809715278227),
 .UNSPECIFIED.);
#64=B_SPLINE_CURVE_WITH_KNOTS('',3,(#9472,#9473,#9474,#9475,#9476),
 .UNSPECIFIED.,.F.,.F.,(4,1,4),(0.,0.119654785184963,0.275749991638336),
 .UNSPECIFIED.);
#65=B_SPLINE_CURVE_WITH_KNOTS('',3,(#9490,#9491,#9492,#9493,#9494,#9495,
#9496),.UNSPECIFIED.,.F.,.F.,(4,3,4),(0.,0.104675247825144,0.20663465948286),
 .UNSPECIFIED.);
#66=B_SPLINE_CURVE_WITH_KNOTS('',3,(#9500,#9501,#9502,#9503,#9504),
 .UNSPECIFIED.,.F.,.F.,(4,1,4),(0.,0.103158697895871,0.203640907046301),
 .UNSPECIFIED.);
#67=B_SPLINE_CURVE_WITH_KNOTS('',3,(#9517,#9518,#9519,#9520,#9521,#9522,
#9523),.UNSPECIFIED.,.F.,.F.,(4,3,4),(0.,0.102430532798266,0.205660668051101),
 .UNSPECIFIED.);
#68=B_SPLINE_CURVE_WITH_KNOTS('',3,(#9525,#9526,#9527,#9528,#9529),
 .UNSPECIFIED.,.F.,.F.,(4,1,4),(0.,0.100650741226829,0.202087191338896),
 .UNSPECIFIED.);
#69=B_SPLINE_CURVE_WITH_KNOTS('',3,(#9542,#9543,#9544,#9545,#9546,#9547,
#9548),.UNSPECIFIED.,.F.,.F.,(4,3,4),(0.,0.109208557142085,0.213932993809327),
 .UNSPECIFIED.);
#70=B_SPLINE_CURVE_WITH_KNOTS('',3,(#9550,#9551,#9552,#9553,#9554),
 .UNSPECIFIED.,.F.,.F.,(4,1,4),(0.,0.107824460081513,0.211221630930449),
 .UNSPECIFIED.);
#71=B_SPLINE_CURVE_WITH_KNOTS('',3,(#9567,#9568,#9569,#9570,#9571,#9572,
#9573),.UNSPECIFIED.,.F.,.F.,(4,3,4),(0.,0.102983971016873,0.206278190538634),
 .UNSPECIFIED.);
#72=B_SPLINE_CURVE_WITH_KNOTS('',3,(#9575,#9576,#9577,#9578,#9579),
 .UNSPECIFIED.,.F.,.F.,(4,1,4),(0.,0.101364934282538,0.203035239575717),
 .UNSPECIFIED.);
#73=B_SPLINE_CURVE_WITH_KNOTS('',3,(#9592,#9593,#9594,#9595,#9596,#9597,
#9598),.UNSPECIFIED.,.F.,.F.,(4,3,4),(0.,0.104066305643311,0.208325051413102),
 .UNSPECIFIED.);
#74=B_SPLINE_CURVE_WITH_KNOTS('',3,(#9600,#9601,#9602,#9603,#9604),
 .UNSPECIFIED.,.F.,.F.,(4,1,4),(0.,0.103039573204364,0.206269687894537),
 .UNSPECIFIED.);
#75=B_SPLINE_CURVE_WITH_KNOTS('',3,(#9617,#9618,#9619,#9620,#9621,#9622,
#9623),.UNSPECIFIED.,.F.,.F.,(4,3,4),(0.,0.134423324763991,0.252200315824306),
 .UNSPECIFIED.);
#76=B_SPLINE_CURVE_WITH_KNOTS('',3,(#9625,#9626,#9627,#9628,#9629),
 .UNSPECIFIED.,.F.,.F.,(4,1,4),(0.,0.130717003241412,0.245246645691671),
 .UNSPECIFIED.);
#77=B_SPLINE_CURVE_WITH_KNOTS('',3,(#9642,#9643,#9644,#9645,#9646,#9647,
#9648),.UNSPECIFIED.,.F.,.F.,(4,3,4),(0.,0.112336163295488,0.226579344992054),
 .UNSPECIFIED.);
#78=B_SPLINE_CURVE_WITH_KNOTS('',3,(#9650,#9651,#9652,#9653,#9654),
 .UNSPECIFIED.,.F.,.F.,(4,1,4),(0.,0.107604431903581,0.217035556349062),
 .UNSPECIFIED.);
#79=B_SPLINE_CURVE_WITH_KNOTS('',3,(#9667,#9668,#9669,#9670,#9671,#9672,
#9673),.UNSPECIFIED.,.F.,.F.,(4,3,4),(0.,0.114153990022652,0.225354197161547),
 .UNSPECIFIED.);
#80=B_SPLINE_CURVE_WITH_KNOTS('',3,(#9675,#9676,#9677,#9678,#9679),
 .UNSPECIFIED.,.F.,.F.,(4,1,4),(0.,0.110943307606737,0.219015910098295),
 .UNSPECIFIED.);
#81=B_SPLINE_CURVE_WITH_KNOTS('',3,(#9692,#9693,#9694,#9695,#9696,#9697,
#9698),.UNSPECIFIED.,.F.,.F.,(4,3,4),(0.,0.131656342455977,0.28718556587465),
 .UNSPECIFIED.);
#82=B_SPLINE_CURVE_WITH_KNOTS('',3,(#9700,#9701,#9702,#9703,#9704),
 .UNSPECIFIED.,.F.,.F.,(4,1,4),(0.,0.116978515309723,0.255168421723643),
 .UNSPECIFIED.);
#83=B_SPLINE_CURVE_WITH_KNOTS('',3,(#9716,#9717,#9718,#9719,#9720,#9721,
#9722),.UNSPECIFIED.,.F.,.F.,(4,3,4),(0.,0.0927575926904536,0.176426302405684),
 .UNSPECIFIED.);
#84=B_SPLINE_CURVE_WITH_KNOTS('',3,(#9723,#9724,#9725,#9726,#9727),
 .UNSPECIFIED.,.F.,.F.,(4,1,4),(0.,0.0918450240436714,0.174690583448634),
 .UNSPECIFIED.);
#85=B_SPLINE_CURVE_WITH_KNOTS('',3,(#9739,#9740,#9741,#9742,#9743,#9744,
#9745),.UNSPECIFIED.,.F.,.F.,(4,3,4),(0.,0.184810585091537,0.345828190341694),
 .UNSPECIFIED.);
#86=B_SPLINE_CURVE_WITH_KNOTS('',3,(#9747,#9748,#9749,#9750,#9751),
 .UNSPECIFIED.,.F.,.F.,(4,1,4),(0.,0.179560124757617,0.336003227151188),
 .UNSPECIFIED.);
#87=B_SPLINE_CURVE_WITH_KNOTS('',3,(#9764,#9765,#9766,#9767,#9768,#9769,
#9770),.UNSPECIFIED.,.F.,.F.,(4,3,4),(0.,0.159192849703612,0.326239837419903),
 .UNSPECIFIED.);
#88=B_SPLINE_CURVE_WITH_KNOTS('',3,(#9772,#9773,#9774,#9775,#9776),
 .UNSPECIFIED.,.F.,.F.,(4,1,4),(0.,0.148834286302325,0.305011647546857),
 .UNSPECIFIED.);
#89=B_SPLINE_CURVE_WITH_KNOTS('',3,(#9789,#9790,#9791,#9792,#9793,#9794,
#9795),.UNSPECIFIED.,.F.,.F.,(4,3,4),(0.,0.107430096945583,0.211080817545909),
 .UNSPECIFIED.);
#90=B_SPLINE_CURVE_WITH_KNOTS('',3,(#9797,#9798,#9799,#9800,#9801),
 .UNSPECIFIED.,.F.,.F.,(4,1,4),(0.,0.106148563355115,0.20856283454413),
 .UNSPECIFIED.);
#91=B_SPLINE_CURVE_WITH_KNOTS('',3,(#9814,#9815,#9816,#9817,#9818,#9819,
#9820),.UNSPECIFIED.,.F.,.F.,(4,3,4),(0.,0.103157815502472,0.207394426400951),
 .UNSPECIFIED.);
#92=B_SPLINE_CURVE_WITH_KNOTS('',3,(#9822,#9823,#9824,#9825,#9826),
 .UNSPECIFIED.,.F.,.F.,(4,1,4),(0.,0.100789891693046,0.202633815701461),
 .UNSPECIFIED.);
#93=B_SPLINE_CURVE_WITH_KNOTS('',3,(#9839,#9840,#9841,#9842,#9843,#9844,
#9845),.UNSPECIFIED.,.F.,.F.,(4,3,4),(0.,0.113747448574291,0.235363013019517),
 .UNSPECIFIED.);
#94=B_SPLINE_CURVE_WITH_KNOTS('',3,(#9847,#9848,#9849,#9850,#9851),
 .UNSPECIFIED.,.F.,.F.,(4,1,4),(0.,0.106912152874825,0.221219611907053),
 .UNSPECIFIED.);
#95=B_SPLINE_CURVE_WITH_KNOTS('',3,(#9863,#9864,#9865,#9866,#9867,#9868,
#9869),.UNSPECIFIED.,.F.,.F.,(4,3,4),(0.,0.117104293915609,0.227081304212685),
 .UNSPECIFIED.);
#96=B_SPLINE_CURVE_WITH_KNOTS('',3,(#9870,#9871,#9872,#9873,#9874),
 .UNSPECIFIED.,.F.,.F.,(4,1,4),(0.,0.115931765297607,0.224807610235293),
 .UNSPECIFIED.);
#97=B_SPLINE_CURVE_WITH_KNOTS('',3,(#9888,#9889,#9890,#9891,#9892,#9893,
#9894),.UNSPECIFIED.,.F.,.F.,(4,3,4),(0.,0.0425704791188508,0.0847109849355236),
 .UNSPECIFIED.);
#98=B_SPLINE_CURVE_WITH_KNOTS('',3,(#9898,#9899,#9900,#9901,#9902),
 .UNSPECIFIED.,.F.,.F.,(4,1,4),(0.,0.0417709016189224,0.0831199058837206),
 .UNSPECIFIED.);
#99=B_SPLINE_CURVE_WITH_KNOTS('',3,(#9915,#9916,#9917,#9918,#9919,#9920,
#9921),.UNSPECIFIED.,.F.,.F.,(4,3,4),(0.,0.0424755987014513,0.109599705762866),
 .UNSPECIFIED.);
#100=B_SPLINE_CURVE_WITH_KNOTS('',3,(#9923,#9924,#9925,#9926,#9927),
 .UNSPECIFIED.,.F.,.F.,(4,1,4),(0.,0.0384328233681834,0.0991681403338334),
 .UNSPECIFIED.);
#101=B_SPLINE_CURVE_WITH_KNOTS('',3,(#9953,#9954,#9955,#9956,#9957,#9958,
#9959),.UNSPECIFIED.,.F.,.F.,(4,3,4),(0.,0.0978192033806762,0.192365699704122),
 .UNSPECIFIED.);
#102=B_SPLINE_CURVE_WITH_KNOTS('',3,(#9963,#9964,#9965,#9966,#9967),
 .UNSPECIFIED.,.F.,.F.,(4,1,4),(0.,0.0955906146178189,0.187983083388475),
 .UNSPECIFIED.);
#103=B_SPLINE_CURVE_WITH_KNOTS('',3,(#9980,#9981,#9982,#9983,#9984,#9985,
#9986),.UNSPECIFIED.,.F.,.F.,(4,3,4),(0.,0.120762242905934,0.286403684048702),
 .UNSPECIFIED.);
#104=B_SPLINE_CURVE_WITH_KNOTS('',3,(#9988,#9989,#9990,#9991,#9992),
 .UNSPECIFIED.,.F.,.F.,(4,1,4),(0.,0.105424074720296,0.250027182840895),
 .UNSPECIFIED.);
#105=B_SPLINE_CURVE_WITH_KNOTS('',3,(#10029,#10030,#10031,#10032,#10033,
#10034),.UNSPECIFIED.,.F.,.F.,(4,2,4),(0.,0.0781654716642956,0.159169398418519),
 .UNSPECIFIED.);
#106=B_SPLINE_CURVE_WITH_KNOTS('',3,(#10036,#10037,#10038,#10039,#10040),
 .UNSPECIFIED.,.F.,.F.,(4,1,4),(0.,0.0882399857266931,0.152912843973573),
 .UNSPECIFIED.);
#107=B_SPLINE_CURVE_WITH_KNOTS('',3,(#10053,#10054,#10055,#10056,#10057,
#10058,#10059),.UNSPECIFIED.,.F.,.F.,(4,3,4),(0.,0.0622857980534804,0.131506833175806),
 .UNSPECIFIED.);
#108=B_SPLINE_CURVE_WITH_KNOTS('',3,(#10061,#10062,#10063,#10064,#10065),
 .UNSPECIFIED.,.F.,.F.,(4,1,4),(0.,0.0562063870020088,0.118671096620475),
 .UNSPECIFIED.);
#109=B_SPLINE_CURVE_WITH_KNOTS('',3,(#10077,#10078,#10079,#10080,#10081,
#10082,#10083),.UNSPECIFIED.,.F.,.F.,(4,3,4),(0.,0.047827249744544,0.092297014297744),
 .UNSPECIFIED.);
#110=B_SPLINE_CURVE_WITH_KNOTS('',3,(#10084,#10085,#10086,#10087,#10088),
 .UNSPECIFIED.,.F.,.F.,(4,1,4),(0.,0.0470192874216708,0.0907378088141634),
 .UNSPECIFIED.);
#111=B_SPLINE_CURVE_WITH_KNOTS('',3,(#10112,#10113,#10114,#10115,#10116,
#10117,#10118),.UNSPECIFIED.,.F.,.F.,(4,3,4),(0.,0.0716216658315449,0.124356403419227),
 .UNSPECIFIED.);
#112=B_SPLINE_CURVE_WITH_KNOTS('',3,(#10120,#10121,#10122,#10123,#10124),
 .UNSPECIFIED.,.F.,.F.,(4,1,4),(0.,0.0702851695907336,0.122035850500484),
 .UNSPECIFIED.);
#113=B_SPLINE_CURVE_WITH_KNOTS('',3,(#10137,#10138,#10139,#10140,#10141,
#10142,#10143),.UNSPECIFIED.,.F.,.F.,(4,3,4),(0.,0.0566065062549337,0.107393656633597),
 .UNSPECIFIED.);
#114=B_SPLINE_CURVE_WITH_KNOTS('',3,(#10145,#10146,#10147,#10148,#10149),
 .UNSPECIFIED.,.F.,.F.,(4,1,4),(0.,0.0560058486225193,0.106254091170232),
 .UNSPECIFIED.);
#115=B_SPLINE_CURVE_WITH_KNOTS('',3,(#10162,#10163,#10164,#10165,#10166,
#10167,#10168),.UNSPECIFIED.,.F.,.F.,(4,3,4),(0.,0.0521583947823542,0.108057878386283),
 .UNSPECIFIED.);
#116=B_SPLINE_CURVE_WITH_KNOTS('',3,(#10170,#10171,#10172,#10173,#10174),
 .UNSPECIFIED.,.F.,.F.,(4,1,4),(0.,0.0488546017297702,0.101213325953654),
 .UNSPECIFIED.);
#117=B_SPLINE_CURVE_WITH_KNOTS('',3,(#10186,#10187,#10188,#10189,#10190,
#10191,#10192),.UNSPECIFIED.,.F.,.F.,(4,3,4),(0.,0.0575554247685407,0.117344774153379),
 .UNSPECIFIED.);
#118=B_SPLINE_CURVE_WITH_KNOTS('',3,(#10193,#10194,#10195,#10196,#10197),
 .UNSPECIFIED.,.F.,.F.,(4,1,4),(0.,0.0552054366047606,0.112553586677118),
 .UNSPECIFIED.);
#119=B_SPLINE_SURFACE_WITH_KNOTS('',3,1,((#8632,#8633),(#8634,#8635),(#8636,
#8637),(#8638,#8639),(#8640,#8641)),.UNSPECIFIED.,.F.,.F.,.F.,(4,1,4),(2,
2),(-0.152439241803948,-0.082794648839546,0.),(0.,0.065),.UNSPECIFIED.);
#120=B_SPLINE_SURFACE_WITH_KNOTS('',3,1,((#8657,#8658),(#8659,#8660),(#8661,
#8662),(#8663,#8664),(#8665,#8666)),.UNSPECIFIED.,.F.,.F.,.F.,(4,1,4),(2,
2),(-0.140877170200306,-0.0668074318013502,0.),(0.,0.065),.UNSPECIFIED.);
#121=B_SPLINE_SURFACE_WITH_KNOTS('',3,1,((#8682,#8683),(#8684,#8685),(#8686,
#8687),(#8688,#8689),(#8690,#8691)),.UNSPECIFIED.,.F.,.F.,.F.,(4,1,4),(2,
2),(-0.162380078213861,-0.0853704001757425,0.),(0.,0.065),.UNSPECIFIED.);
#122=B_SPLINE_SURFACE_WITH_KNOTS('',3,1,((#8707,#8708),(#8709,#8710),(#8711,
#8712),(#8713,#8714),(#8715,#8716)),.UNSPECIFIED.,.F.,.F.,.F.,(4,1,4),(2,
2),(-0.149097547965519,-0.0738971102213404,0.),(0.,0.065),.UNSPECIFIED.);
#123=B_SPLINE_SURFACE_WITH_KNOTS('',3,1,((#8732,#8733),(#8734,#8735),(#8736,
#8737),(#8738,#8739),(#8740,#8741)),.UNSPECIFIED.,.F.,.F.,.F.,(4,1,4),(2,
2),(-0.156174987453602,-0.0779556021323534,0.),(0.,0.065),.UNSPECIFIED.);
#124=B_SPLINE_SURFACE_WITH_KNOTS('',3,1,((#8757,#8758),(#8759,#8760),(#8761,
#8762),(#8763,#8764),(#8765,#8766)),.UNSPECIFIED.,.F.,.F.,.F.,(4,1,4),(2,
2),(-0.181419284486472,-0.0958549525976375,0.),(0.,0.065),.UNSPECIFIED.);
#125=B_SPLINE_SURFACE_WITH_KNOTS('',3,1,((#8782,#8783),(#8784,#8785),(#8786,
#8787),(#8788,#8789),(#8790,#8791)),.UNSPECIFIED.,.F.,.F.,.F.,(4,1,4),(2,
2),(-0.148741379289246,-0.0765952573720454,0.),(0.,0.065),.UNSPECIFIED.);
#126=B_SPLINE_SURFACE_WITH_KNOTS('',3,1,((#8807,#8808),(#8809,#8810),(#8811,
#8812),(#8813,#8814),(#8815,#8816)),.UNSPECIFIED.,.F.,.F.,.F.,(4,1,4),(2,
2),(-0.142346210516046,-0.0711887359957141,0.),(0.,0.065),.UNSPECIFIED.);
#127=B_SPLINE_SURFACE_WITH_KNOTS('',3,1,((#8832,#8833),(#8834,#8835),(#8836,
#8837),(#8838,#8839),(#8840,#8841)),.UNSPECIFIED.,.F.,.F.,.F.,(4,1,4),(2,
2),(-0.161675161236645,-0.0831233560262327,0.),(0.,0.065),.UNSPECIFIED.);
#128=B_SPLINE_SURFACE_WITH_KNOTS('',3,1,((#8857,#8858),(#8859,#8860),(#8861,
#8862),(#8863,#8864),(#8865,#8866)),.UNSPECIFIED.,.F.,.F.,.F.,(4,1,4),(2,
2),(-0.176125203719139,-0.0820518826565315,0.),(0.,0.065),.UNSPECIFIED.);
#129=B_SPLINE_SURFACE_WITH_KNOTS('',3,1,((#8888,#8889),(#8890,#8891),(#8892,
#8893),(#8894,#8895),(#8896,#8897)),.UNSPECIFIED.,.F.,.F.,.F.,(4,1,4),(2,
2),(-0.235413574915016,-0.124021995796082,0.),(0.,0.065),.UNSPECIFIED.);
#130=B_SPLINE_SURFACE_WITH_KNOTS('',3,1,((#8913,#8914),(#8915,#8916),(#8917,
#8918),(#8919,#8920),(#8921,#8922)),.UNSPECIFIED.,.F.,.F.,.F.,(4,1,4),(2,
2),(-0.225587663993712,-0.108976031496575,0.),(0.,0.065),.UNSPECIFIED.);
#131=B_SPLINE_SURFACE_WITH_KNOTS('',3,1,((#8938,#8939),(#8940,#8941),(#8942,
#8943),(#8944,#8945),(#8946,#8947)),.UNSPECIFIED.,.F.,.F.,.F.,(4,1,4),(2,
2),(-0.219135271327883,-0.117994575299368,0.),(0.,0.065),.UNSPECIFIED.);
#132=B_SPLINE_SURFACE_WITH_KNOTS('',3,1,((#8963,#8964),(#8965,#8966),(#8967,
#8968),(#8969,#8970),(#8971,#8972)),.UNSPECIFIED.,.F.,.F.,.F.,(4,1,4),(2,
2),(-0.198415247116773,-0.0961569280522456,0.),(0.,0.065),.UNSPECIFIED.);
#133=B_SPLINE_SURFACE_WITH_KNOTS('',3,1,((#8988,#8989),(#8990,#8991),(#8992,
#8993),(#8994,#8995),(#8996,#8997)),.UNSPECIFIED.,.F.,.F.,.F.,(4,1,4),(2,
2),(-0.219713124611154,-0.108296268702366,0.),(0.,0.065),.UNSPECIFIED.);
#134=B_SPLINE_SURFACE_WITH_KNOTS('',3,1,((#9013,#9014),(#9015,#9016),(#9017,
#9018),(#9019,#9020),(#9021,#9022)),.UNSPECIFIED.,.F.,.F.,.F.,(4,1,4),(2,
2),(-0.224775332098565,-0.117592490417892,0.),(0.,0.065),.UNSPECIFIED.);
#135=B_SPLINE_SURFACE_WITH_KNOTS('',3,1,((#9038,#9039),(#9040,#9041),(#9042,
#9043),(#9044,#9045),(#9046,#9047)),.UNSPECIFIED.,.F.,.F.,.F.,(4,1,4),(2,
2),(-0.198351510747698,-0.100231220818739,0.),(0.,0.065),.UNSPECIFIED.);
#136=B_SPLINE_SURFACE_WITH_KNOTS('',3,1,((#9063,#9064),(#9065,#9066),(#9067,
#9068),(#9069,#9070),(#9071,#9072)),.UNSPECIFIED.,.F.,.F.,.F.,(4,1,4),(2,
2),(-0.201547725852013,-0.0993991183449301,0.),(0.,0.065),.UNSPECIFIED.);
#137=B_SPLINE_SURFACE_WITH_KNOTS('',3,1,((#9088,#9089),(#9090,#9091),(#9092,
#9093),(#9094,#9095),(#9096,#9097)),.UNSPECIFIED.,.F.,.F.,.F.,(4,1,4),(2,
2),(-0.213811271150189,-0.111556114625216,0.),(0.,0.065),.UNSPECIFIED.);
#138=B_SPLINE_SURFACE_WITH_KNOTS('',3,1,((#9113,#9114),(#9115,#9116),(#9117,
#9118),(#9119,#9120),(#9121,#9122)),.UNSPECIFIED.,.F.,.F.,.F.,(4,1,4),(2,
2),(-0.209145937601662,-0.101139416440154,0.),(0.,0.065),.UNSPECIFIED.);
#139=B_SPLINE_SURFACE_WITH_KNOTS('',3,1,((#9136,#9137),(#9138,#9139),(#9140,
#9141),(#9142,#9143),(#9144,#9145)),.UNSPECIFIED.,.F.,.F.,.F.,(4,1,4),(2,
2),(-0.158882520038967,-0.0788522577335271,0.),(0.,0.065),.UNSPECIFIED.);
#140=B_SPLINE_SURFACE_WITH_KNOTS('',3,1,((#9209,#9210),(#9211,#9212),(#9213,
#9214),(#9215,#9216),(#9217,#9218)),.UNSPECIFIED.,.F.,.F.,.F.,(4,1,4),(2,
2),(-0.175367552806461,-0.0977908479310568,0.),(0.,0.065),.UNSPECIFIED.);
#141=B_SPLINE_SURFACE_WITH_KNOTS('',3,1,((#9375,#9376),(#9377,#9378),(#9379,
#9380),(#9381,#9382),(#9383,#9384)),.UNSPECIFIED.,.F.,.F.,.F.,(4,1,4),(2,
2),(-0.150282794878788,-0.0763837797809384,0.),(0.,0.065),.UNSPECIFIED.);
#142=B_SPLINE_SURFACE_WITH_KNOTS('',3,1,((#9403,#9404),(#9405,#9406),(#9407,
#9408),(#9409,#9410),(#9411,#9412)),.UNSPECIFIED.,.F.,.F.,.F.,(4,1,4),(2,
2),(-0.149769366701266,-0.0738654194082788,0.),(0.,0.065),.UNSPECIFIED.);
#143=B_SPLINE_SURFACE_WITH_KNOTS('',3,1,((#9428,#9429),(#9430,#9431),(#9432,
#9433),(#9434,#9435),(#9436,#9437)),.UNSPECIFIED.,.F.,.F.,.F.,(4,1,4),(2,
2),(-0.212420790102537,-0.106337054225474,0.),(0.,0.065),.UNSPECIFIED.);
#144=B_SPLINE_SURFACE_WITH_KNOTS('',3,1,((#9453,#9454),(#9455,#9456),(#9457,
#9458),(#9459,#9460),(#9461,#9462)),.UNSPECIFIED.,.F.,.F.,.F.,(4,1,4),(2,
2),(-0.275749991638336,-0.119654785184963,0.),(0.,0.065),.UNSPECIFIED.);
#145=B_SPLINE_SURFACE_WITH_KNOTS('',3,1,((#9478,#9479),(#9480,#9481),(#9482,
#9483),(#9484,#9485),(#9486,#9487)),.UNSPECIFIED.,.F.,.F.,.F.,(4,1,4),(2,
2),(-0.203640907046301,-0.103158697895871,0.),(0.,0.065),.UNSPECIFIED.);
#146=B_SPLINE_SURFACE_WITH_KNOTS('',3,1,((#9506,#9507),(#9508,#9509),(#9510,
#9511),(#9512,#9513),(#9514,#9515)),.UNSPECIFIED.,.F.,.F.,.F.,(4,1,4),(2,
2),(-0.202087191338896,-0.100650741226829,0.),(0.,0.065),.UNSPECIFIED.);
#147=B_SPLINE_SURFACE_WITH_KNOTS('',3,1,((#9531,#9532),(#9533,#9534),(#9535,
#9536),(#9537,#9538),(#9539,#9540)),.UNSPECIFIED.,.F.,.F.,.F.,(4,1,4),(2,
2),(-0.211221630930449,-0.107824460081513,0.),(0.,0.065),.UNSPECIFIED.);
#148=B_SPLINE_SURFACE_WITH_KNOTS('',3,1,((#9556,#9557),(#9558,#9559),(#9560,
#9561),(#9562,#9563),(#9564,#9565)),.UNSPECIFIED.,.F.,.F.,.F.,(4,1,4),(2,
2),(-0.203035239575717,-0.101364934282538,0.),(0.,0.065),.UNSPECIFIED.);
#149=B_SPLINE_SURFACE_WITH_KNOTS('',3,1,((#9581,#9582),(#9583,#9584),(#9585,
#9586),(#9587,#9588),(#9589,#9590)),.UNSPECIFIED.,.F.,.F.,.F.,(4,1,4),(2,
2),(-0.206269687894537,-0.103039573204364,0.),(0.,0.065),.UNSPECIFIED.);
#150=B_SPLINE_SURFACE_WITH_KNOTS('',3,1,((#9606,#9607),(#9608,#9609),(#9610,
#9611),(#9612,#9613),(#9614,#9615)),.UNSPECIFIED.,.F.,.F.,.F.,(4,1,4),(2,
2),(-0.245246645691671,-0.130717003241412,0.),(0.,0.065),.UNSPECIFIED.);
#151=B_SPLINE_SURFACE_WITH_KNOTS('',3,1,((#9631,#9632),(#9633,#9634),(#9635,
#9636),(#9637,#9638),(#9639,#9640)),.UNSPECIFIED.,.F.,.F.,.F.,(4,1,4),(2,
2),(-0.217035556349062,-0.107604431903581,0.),(0.,0.065),.UNSPECIFIED.);
#152=B_SPLINE_SURFACE_WITH_KNOTS('',3,1,((#9656,#9657),(#9658,#9659),(#9660,
#9661),(#9662,#9663),(#9664,#9665)),.UNSPECIFIED.,.F.,.F.,.F.,(4,1,4),(2,
2),(-0.219015910098295,-0.110943307606737,0.),(0.,0.065),.UNSPECIFIED.);
#153=B_SPLINE_SURFACE_WITH_KNOTS('',3,1,((#9681,#9682),(#9683,#9684),(#9685,
#9686),(#9687,#9688),(#9689,#9690)),.UNSPECIFIED.,.F.,.F.,.F.,(4,1,4),(2,
2),(-0.255168421723643,-0.116978515309723,0.),(0.,0.065),.UNSPECIFIED.);
#154=B_SPLINE_SURFACE_WITH_KNOTS('',3,1,((#9706,#9707),(#9708,#9709),(#9710,
#9711),(#9712,#9713),(#9714,#9715)),.UNSPECIFIED.,.F.,.F.,.F.,(4,1,4),(2,
2),(-0.174690583448634,-0.0918450240436714,0.),(0.,0.065),.UNSPECIFIED.);
#155=B_SPLINE_SURFACE_WITH_KNOTS('',3,1,((#9728,#9729),(#9730,#9731),(#9732,
#9733),(#9734,#9735),(#9736,#9737)),.UNSPECIFIED.,.F.,.F.,.F.,(4,1,4),(2,
2),(-0.336003227151188,-0.179560124757617,0.),(0.,0.065),.UNSPECIFIED.);
#156=B_SPLINE_SURFACE_WITH_KNOTS('',3,1,((#9753,#9754),(#9755,#9756),(#9757,
#9758),(#9759,#9760),(#9761,#9762)),.UNSPECIFIED.,.F.,.F.,.F.,(4,1,4),(2,
2),(-0.305011647546857,-0.148834286302325,0.),(0.,0.065),.UNSPECIFIED.);
#157=B_SPLINE_SURFACE_WITH_KNOTS('',3,1,((#9778,#9779),(#9780,#9781),(#9782,
#9783),(#9784,#9785),(#9786,#9787)),.UNSPECIFIED.,.F.,.F.,.F.,(4,1,4),(2,
2),(-0.20856283454413,-0.106148563355115,0.),(0.,0.065),.UNSPECIFIED.);
#158=B_SPLINE_SURFACE_WITH_KNOTS('',3,1,((#9803,#9804),(#9805,#9806),(#9807,
#9808),(#9809,#9810),(#9811,#9812)),.UNSPECIFIED.,.F.,.F.,.F.,(4,1,4),(2,
2),(-0.202633815701461,-0.100789891693046,0.),(0.,0.065),.UNSPECIFIED.);
#159=B_SPLINE_SURFACE_WITH_KNOTS('',3,1,((#9828,#9829),(#9830,#9831),(#9832,
#9833),(#9834,#9835),(#9836,#9837)),.UNSPECIFIED.,.F.,.F.,.F.,(4,1,4),(2,
2),(-0.221219611907053,-0.106912152874825,0.),(0.,0.065),.UNSPECIFIED.);
#160=B_SPLINE_SURFACE_WITH_KNOTS('',3,1,((#9853,#9854),(#9855,#9856),(#9857,
#9858),(#9859,#9860),(#9861,#9862)),.UNSPECIFIED.,.F.,.F.,.F.,(4,1,4),(2,
2),(-0.224807610235293,-0.115931765297607,0.),(0.,0.065),.UNSPECIFIED.);
#161=B_SPLINE_SURFACE_WITH_KNOTS('',3,1,((#9876,#9877),(#9878,#9879),(#9880,
#9881),(#9882,#9883),(#9884,#9885)),.UNSPECIFIED.,.F.,.F.,.F.,(4,1,4),(2,
2),(-0.0831199058837206,-0.0417709016189224,0.),(0.,0.065),
 .UNSPECIFIED.);
#162=B_SPLINE_SURFACE_WITH_KNOTS('',3,1,((#9904,#9905),(#9906,#9907),(#9908,
#9909),(#9910,#9911),(#9912,#9913)),.UNSPECIFIED.,.F.,.F.,.F.,(4,1,4),(2,
2),(-0.0991681403338334,-0.0384328233681834,0.),(0.,0.065),
 .UNSPECIFIED.);
#163=B_SPLINE_SURFACE_WITH_KNOTS('',3,1,((#9941,#9942),(#9943,#9944),(#9945,
#9946),(#9947,#9948),(#9949,#9950)),.UNSPECIFIED.,.F.,.F.,.F.,(4,1,4),(2,
2),(-0.187983083388475,-0.0955906146178189,0.),(0.,0.065),.UNSPECIFIED.);
#164=B_SPLINE_SURFACE_WITH_KNOTS('',3,1,((#9969,#9970),(#9971,#9972),(#9973,
#9974),(#9975,#9976),(#9977,#9978)),.UNSPECIFIED.,.F.,.F.,.F.,(4,1,4),(2,
2),(-0.250027182840895,-0.105424074720296,0.),(0.,0.065),.UNSPECIFIED.);
#165=B_SPLINE_SURFACE_WITH_KNOTS('',3,1,((#10018,#10019),(#10020,#10021),
(#10022,#10023),(#10024,#10025),(#10026,#10027)),.UNSPECIFIED.,.F.,.F.,
 .F.,(4,1,4),(2,2),(-0.152912843973573,-0.0882399857266931,0.),(0.,0.065),
 .UNSPECIFIED.);
#166=B_SPLINE_SURFACE_WITH_KNOTS('',3,1,((#10042,#10043),(#10044,#10045),
(#10046,#10047),(#10048,#10049),(#10050,#10051)),.UNSPECIFIED.,.F.,.F.,
 .F.,(4,1,4),(2,2),(-0.118671096620475,-0.0562063870020088,0.),(0.,0.065),
 .UNSPECIFIED.);
#167=B_SPLINE_SURFACE_WITH_KNOTS('',3,1,((#10067,#10068),(#10069,#10070),
(#10071,#10072),(#10073,#10074),(#10075,#10076)),.UNSPECIFIED.,.F.,.F.,
 .F.,(4,1,4),(2,2),(-0.0907378088141634,-0.0470192874216708,0.),(0.,0.065),
 .UNSPECIFIED.);
#168=B_SPLINE_SURFACE_WITH_KNOTS('',3,1,((#10101,#10102),(#10103,#10104),
(#10105,#10106),(#10107,#10108),(#10109,#10110)),.UNSPECIFIED.,.F.,.F.,
 .F.,(4,1,4),(2,2),(-0.122035850500484,-0.0702851695907336,0.),(0.,0.065),
 .UNSPECIFIED.);
#169=B_SPLINE_SURFACE_WITH_KNOTS('',3,1,((#10126,#10127),(#10128,#10129),
(#10130,#10131),(#10132,#10133),(#10134,#10135)),.UNSPECIFIED.,.F.,.F.,
 .F.,(4,1,4),(2,2),(-0.106254091170232,-0.0560058486225193,0.),(0.,0.065),
 .UNSPECIFIED.);
#170=B_SPLINE_SURFACE_WITH_KNOTS('',3,1,((#10151,#10152),(#10153,#10154),
(#10155,#10156),(#10157,#10158),(#10159,#10160)),.UNSPECIFIED.,.F.,.F.,
 .F.,(4,1,4),(2,2),(-0.101213325953654,-0.0488546017297702,0.),(0.,0.065),
 .UNSPECIFIED.);
#171=B_SPLINE_SURFACE_WITH_KNOTS('',3,1,((#10176,#10177),(#10178,#10179),
(#10180,#10181),(#10182,#10183),(#10184,#10185)),.UNSPECIFIED.,.F.,.F.,
 .F.,(4,1,4),(2,2),(-0.112553586677118,-0.0552054366047606,0.),(0.,0.065),
 .UNSPECIFIED.);
#172=CIRCLE('',#6497,3.);
#173=CIRCLE('',#6498,3.);
#174=CIRCLE('',#6501,3.);
#175=CIRCLE('',#6502,3.);
#176=CIRCLE('',#6505,3.);
#177=CIRCLE('',#6506,3.);
#178=CIRCLE('',#6509,3.);
#179=CIRCLE('',#6510,3.);
#180=CIRCLE('',#6513,3.);
#181=CIRCLE('',#6514,3.);
#182=CIRCLE('',#6517,3.);
#183=CIRCLE('',#6518,3.);
#184=CYLINDRICAL_SURFACE('',#6496,3.);
#185=CYLINDRICAL_SURFACE('',#6500,3.);
#186=CYLINDRICAL_SURFACE('',#6504,3.);
#187=CYLINDRICAL_SURFACE('',#6508,3.);
#188=CYLINDRICAL_SURFACE('',#6512,3.);
#189=CYLINDRICAL_SURFACE('',#6516,3.);
#190=STYLED_ITEM('',(#10947),#200);
#191=STYLED_ITEM('',(#10947),#201);
#192=STYLED_ITEM('',(#10947),#202);
#193=STYLED_ITEM('',(#10947),#203);
#194=STYLED_ITEM('',(#10947),#204);
#195=STYLED_ITEM('',(#10947),#205);
#196=STYLED_ITEM('',(#10947),#206);
#197=STYLED_ITEM('',(#10947),#207);
#198=STYLED_ITEM('',(#10947),#208);
#199=STYLED_ITEM('',(#10947),#209);
#200=MANIFOLD_SOLID_BREP('frame',#6395);
#201=MANIFOLD_SOLID_BREP('plate',#6396);
#202=MANIFOLD_SOLID_BREP('base',#6397);
#203=MANIFOLD_SOLID_BREP('lid',#6398);
#204=MANIFOLD_SOLID_BREP('proxy_panel',#6399);
#205=MANIFOLD_SOLID_BREP('proxy_hat_pcb',#6400);
#206=MANIFOLD_SOLID_BREP('proxy_hat_socketF',#6401);
#207=MANIFOLD_SOLID_BREP('proxy_hat_socketR',#6402);
#208=MANIFOLD_SOLID_BREP('proxy_hat_parts',#6403);
#209=MANIFOLD_SOLID_BREP('proxy_pico',#6404);
#210=FACE_BOUND('',#589,.T.);
#211=FACE_BOUND('',#595,.T.);
#212=FACE_BOUND('',#641,.T.);
#213=FACE_BOUND('',#649,.T.);
#214=FACE_BOUND('',#676,.T.);
#215=FACE_BOUND('',#677,.T.);
#216=FACE_BOUND('',#678,.T.);
#217=FACE_BOUND('',#679,.T.);
#218=FACE_BOUND('',#680,.T.);
#219=FACE_BOUND('',#681,.T.);
#220=FACE_BOUND('',#724,.T.);
#221=FACE_BOUND('',#768,.T.);
#222=FACE_BOUND('',#789,.T.);
#223=FACE_BOUND('',#796,.T.);
#224=FACE_BOUND('',#797,.T.);
#225=FACE_BOUND('',#798,.T.);
#226=FACE_BOUND('',#799,.T.);
#227=FACE_BOUND('',#800,.T.);
#228=FACE_BOUND('',#819,.T.);
#229=FACE_BOUND('',#827,.T.);
#230=FACE_BOUND('',#828,.T.);
#231=FACE_BOUND('',#885,.T.);
#232=FACE_BOUND('',#886,.T.);
#233=FACE_BOUND('',#887,.T.);
#234=FACE_BOUND('',#888,.T.);
#235=FACE_BOUND('',#889,.T.);
#236=FACE_BOUND('',#891,.T.);
#237=FACE_BOUND('',#897,.T.);
#238=FACE_OUTER_BOUND('',#578,.T.);
#239=FACE_OUTER_BOUND('',#579,.T.);
#240=FACE_OUTER_BOUND('',#580,.T.);
#241=FACE_OUTER_BOUND('',#581,.T.);
#242=FACE_OUTER_BOUND('',#582,.T.);
#243=FACE_OUTER_BOUND('',#583,.T.);
#244=FACE_OUTER_BOUND('',#584,.T.);
#245=FACE_OUTER_BOUND('',#585,.T.);
#246=FACE_OUTER_BOUND('',#586,.T.);
#247=FACE_OUTER_BOUND('',#587,.T.);
#248=FACE_OUTER_BOUND('',#588,.T.);
#249=FACE_OUTER_BOUND('',#590,.T.);
#250=FACE_OUTER_BOUND('',#591,.T.);
#251=FACE_OUTER_BOUND('',#592,.T.);
#252=FACE_OUTER_BOUND('',#593,.T.);
#253=FACE_OUTER_BOUND('',#594,.T.);
#254=FACE_OUTER_BOUND('',#596,.T.);
#255=FACE_OUTER_BOUND('',#597,.T.);
#256=FACE_OUTER_BOUND('',#598,.T.);
#257=FACE_OUTER_BOUND('',#599,.T.);
#258=FACE_OUTER_BOUND('',#600,.T.);
#259=FACE_OUTER_BOUND('',#601,.T.);
#260=FACE_OUTER_BOUND('',#602,.T.);
#261=FACE_OUTER_BOUND('',#603,.T.);
#262=FACE_OUTER_BOUND('',#604,.T.);
#263=FACE_OUTER_BOUND('',#605,.T.);
#264=FACE_OUTER_BOUND('',#606,.T.);
#265=FACE_OUTER_BOUND('',#607,.T.);
#266=FACE_OUTER_BOUND('',#608,.T.);
#267=FACE_OUTER_BOUND('',#609,.T.);
#268=FACE_OUTER_BOUND('',#610,.T.);
#269=FACE_OUTER_BOUND('',#611,.T.);
#270=FACE_OUTER_BOUND('',#612,.T.);
#271=FACE_OUTER_BOUND('',#613,.T.);
#272=FACE_OUTER_BOUND('',#614,.T.);
#273=FACE_OUTER_BOUND('',#615,.T.);
#274=FACE_OUTER_BOUND('',#616,.T.);
#275=FACE_OUTER_BOUND('',#617,.T.);
#276=FACE_OUTER_BOUND('',#618,.T.);
#277=FACE_OUTER_BOUND('',#619,.T.);
#278=FACE_OUTER_BOUND('',#620,.T.);
#279=FACE_OUTER_BOUND('',#621,.T.);
#280=FACE_OUTER_BOUND('',#622,.T.);
#281=FACE_OUTER_BOUND('',#623,.T.);
#282=FACE_OUTER_BOUND('',#624,.T.);
#283=FACE_OUTER_BOUND('',#625,.T.);
#284=FACE_OUTER_BOUND('',#626,.T.);
#285=FACE_OUTER_BOUND('',#627,.T.);
#286=FACE_OUTER_BOUND('',#628,.T.);
#287=FACE_OUTER_BOUND('',#629,.T.);
#288=FACE_OUTER_BOUND('',#630,.T.);
#289=FACE_OUTER_BOUND('',#631,.T.);
#290=FACE_OUTER_BOUND('',#632,.T.);
#291=FACE_OUTER_BOUND('',#633,.T.);
#292=FACE_OUTER_BOUND('',#634,.T.);
#293=FACE_OUTER_BOUND('',#635,.T.);
#294=FACE_OUTER_BOUND('',#636,.T.);
#295=FACE_OUTER_BOUND('',#637,.T.);
#296=FACE_OUTER_BOUND('',#638,.T.);
#297=FACE_OUTER_BOUND('',#639,.T.);
#298=FACE_OUTER_BOUND('',#640,.T.);
#299=FACE_OUTER_BOUND('',#642,.T.);
#300=FACE_OUTER_BOUND('',#643,.T.);
#301=FACE_OUTER_BOUND('',#644,.T.);
#302=FACE_OUTER_BOUND('',#645,.T.);
#303=FACE_OUTER_BOUND('',#646,.T.);
#304=FACE_OUTER_BOUND('',#647,.T.);
#305=FACE_OUTER_BOUND('',#648,.T.);
#306=FACE_OUTER_BOUND('',#650,.T.);
#307=FACE_OUTER_BOUND('',#651,.T.);
#308=FACE_OUTER_BOUND('',#652,.T.);
#309=FACE_OUTER_BOUND('',#653,.T.);
#310=FACE_OUTER_BOUND('',#654,.T.);
#311=FACE_OUTER_BOUND('',#655,.T.);
#312=FACE_OUTER_BOUND('',#656,.T.);
#313=FACE_OUTER_BOUND('',#657,.T.);
#314=FACE_OUTER_BOUND('',#658,.T.);
#315=FACE_OUTER_BOUND('',#659,.T.);
#316=FACE_OUTER_BOUND('',#660,.T.);
#317=FACE_OUTER_BOUND('',#661,.T.);
#318=FACE_OUTER_BOUND('',#662,.T.);
#319=FACE_OUTER_BOUND('',#663,.T.);
#320=FACE_OUTER_BOUND('',#664,.T.);
#321=FACE_OUTER_BOUND('',#665,.T.);
#322=FACE_OUTER_BOUND('',#666,.T.);
#323=FACE_OUTER_BOUND('',#667,.T.);
#324=FACE_OUTER_BOUND('',#668,.T.);
#325=FACE_OUTER_BOUND('',#669,.T.);
#326=FACE_OUTER_BOUND('',#670,.T.);
#327=FACE_OUTER_BOUND('',#671,.T.);
#328=FACE_OUTER_BOUND('',#672,.T.);
#329=FACE_OUTER_BOUND('',#673,.T.);
#330=FACE_OUTER_BOUND('',#674,.T.);
#331=FACE_OUTER_BOUND('',#675,.T.);
#332=FACE_OUTER_BOUND('',#682,.T.);
#333=FACE_OUTER_BOUND('',#683,.T.);
#334=FACE_OUTER_BOUND('',#684,.T.);
#335=FACE_OUTER_BOUND('',#685,.T.);
#336=FACE_OUTER_BOUND('',#686,.T.);
#337=FACE_OUTER_BOUND('',#687,.T.);
#338=FACE_OUTER_BOUND('',#688,.T.);
#339=FACE_OUTER_BOUND('',#689,.T.);
#340=FACE_OUTER_BOUND('',#690,.T.);
#341=FACE_OUTER_BOUND('',#691,.T.);
#342=FACE_OUTER_BOUND('',#692,.T.);
#343=FACE_OUTER_BOUND('',#693,.T.);
#344=FACE_OUTER_BOUND('',#694,.T.);
#345=FACE_OUTER_BOUND('',#695,.T.);
#346=FACE_OUTER_BOUND('',#696,.T.);
#347=FACE_OUTER_BOUND('',#697,.T.);
#348=FACE_OUTER_BOUND('',#698,.T.);
#349=FACE_OUTER_BOUND('',#699,.T.);
#350=FACE_OUTER_BOUND('',#700,.T.);
#351=FACE_OUTER_BOUND('',#701,.T.);
#352=FACE_OUTER_BOUND('',#702,.T.);
#353=FACE_OUTER_BOUND('',#703,.T.);
#354=FACE_OUTER_BOUND('',#704,.T.);
#355=FACE_OUTER_BOUND('',#705,.T.);
#356=FACE_OUTER_BOUND('',#706,.T.);
#357=FACE_OUTER_BOUND('',#707,.T.);
#358=FACE_OUTER_BOUND('',#708,.T.);
#359=FACE_OUTER_BOUND('',#709,.T.);
#360=FACE_OUTER_BOUND('',#710,.T.);
#361=FACE_OUTER_BOUND('',#711,.T.);
#362=FACE_OUTER_BOUND('',#712,.T.);
#363=FACE_OUTER_BOUND('',#713,.T.);
#364=FACE_OUTER_BOUND('',#714,.T.);
#365=FACE_OUTER_BOUND('',#715,.T.);
#366=FACE_OUTER_BOUND('',#716,.T.);
#367=FACE_OUTER_BOUND('',#717,.T.);
#368=FACE_OUTER_BOUND('',#718,.T.);
#369=FACE_OUTER_BOUND('',#719,.T.);
#370=FACE_OUTER_BOUND('',#720,.T.);
#371=FACE_OUTER_BOUND('',#721,.T.);
#372=FACE_OUTER_BOUND('',#722,.T.);
#373=FACE_OUTER_BOUND('',#723,.T.);
#374=FACE_OUTER_BOUND('',#725,.T.);
#375=FACE_OUTER_BOUND('',#726,.T.);
#376=FACE_OUTER_BOUND('',#727,.T.);
#377=FACE_OUTER_BOUND('',#728,.T.);
#378=FACE_OUTER_BOUND('',#729,.T.);
#379=FACE_OUTER_BOUND('',#730,.T.);
#380=FACE_OUTER_BOUND('',#731,.T.);
#381=FACE_OUTER_BOUND('',#732,.T.);
#382=FACE_OUTER_BOUND('',#733,.T.);
#383=FACE_OUTER_BOUND('',#734,.T.);
#384=FACE_OUTER_BOUND('',#735,.T.);
#385=FACE_OUTER_BOUND('',#736,.T.);
#386=FACE_OUTER_BOUND('',#737,.T.);
#387=FACE_OUTER_BOUND('',#738,.T.);
#388=FACE_OUTER_BOUND('',#739,.T.);
#389=FACE_OUTER_BOUND('',#740,.T.);
#390=FACE_OUTER_BOUND('',#741,.T.);
#391=FACE_OUTER_BOUND('',#742,.T.);
#392=FACE_OUTER_BOUND('',#743,.T.);
#393=FACE_OUTER_BOUND('',#744,.T.);
#394=FACE_OUTER_BOUND('',#745,.T.);
#395=FACE_OUTER_BOUND('',#746,.T.);
#396=FACE_OUTER_BOUND('',#747,.T.);
#397=FACE_OUTER_BOUND('',#748,.T.);
#398=FACE_OUTER_BOUND('',#749,.T.);
#399=FACE_OUTER_BOUND('',#750,.T.);
#400=FACE_OUTER_BOUND('',#751,.T.);
#401=FACE_OUTER_BOUND('',#752,.T.);
#402=FACE_OUTER_BOUND('',#753,.T.);
#403=FACE_OUTER_BOUND('',#754,.T.);
#404=FACE_OUTER_BOUND('',#755,.T.);
#405=FACE_OUTER_BOUND('',#756,.T.);
#406=FACE_OUTER_BOUND('',#757,.T.);
#407=FACE_OUTER_BOUND('',#758,.T.);
#408=FACE_OUTER_BOUND('',#759,.T.);
#409=FACE_OUTER_BOUND('',#760,.T.);
#410=FACE_OUTER_BOUND('',#761,.T.);
#411=FACE_OUTER_BOUND('',#762,.T.);
#412=FACE_OUTER_BOUND('',#763,.T.);
#413=FACE_OUTER_BOUND('',#764,.T.);
#414=FACE_OUTER_BOUND('',#765,.T.);
#415=FACE_OUTER_BOUND('',#766,.T.);
#416=FACE_OUTER_BOUND('',#767,.T.);
#417=FACE_OUTER_BOUND('',#769,.T.);
#418=FACE_OUTER_BOUND('',#770,.T.);
#419=FACE_OUTER_BOUND('',#771,.T.);
#420=FACE_OUTER_BOUND('',#772,.T.);
#421=FACE_OUTER_BOUND('',#773,.T.);
#422=FACE_OUTER_BOUND('',#774,.T.);
#423=FACE_OUTER_BOUND('',#775,.T.);
#424=FACE_OUTER_BOUND('',#776,.T.);
#425=FACE_OUTER_BOUND('',#777,.T.);
#426=FACE_OUTER_BOUND('',#778,.T.);
#427=FACE_OUTER_BOUND('',#779,.T.);
#428=FACE_OUTER_BOUND('',#780,.T.);
#429=FACE_OUTER_BOUND('',#781,.T.);
#430=FACE_OUTER_BOUND('',#782,.T.);
#431=FACE_OUTER_BOUND('',#783,.T.);
#432=FACE_OUTER_BOUND('',#784,.T.);
#433=FACE_OUTER_BOUND('',#785,.T.);
#434=FACE_OUTER_BOUND('',#786,.T.);
#435=FACE_OUTER_BOUND('',#787,.T.);
#436=FACE_OUTER_BOUND('',#788,.T.);
#437=FACE_OUTER_BOUND('',#790,.T.);
#438=FACE_OUTER_BOUND('',#791,.T.);
#439=FACE_OUTER_BOUND('',#792,.T.);
#440=FACE_OUTER_BOUND('',#793,.T.);
#441=FACE_OUTER_BOUND('',#794,.T.);
#442=FACE_OUTER_BOUND('',#795,.T.);
#443=FACE_OUTER_BOUND('',#801,.T.);
#444=FACE_OUTER_BOUND('',#802,.T.);
#445=FACE_OUTER_BOUND('',#803,.T.);
#446=FACE_OUTER_BOUND('',#804,.T.);
#447=FACE_OUTER_BOUND('',#805,.T.);
#448=FACE_OUTER_BOUND('',#806,.T.);
#449=FACE_OUTER_BOUND('',#807,.T.);
#450=FACE_OUTER_BOUND('',#808,.T.);
#451=FACE_OUTER_BOUND('',#809,.T.);
#452=FACE_OUTER_BOUND('',#810,.T.);
#453=FACE_OUTER_BOUND('',#811,.T.);
#454=FACE_OUTER_BOUND('',#812,.T.);
#455=FACE_OUTER_BOUND('',#813,.T.);
#456=FACE_OUTER_BOUND('',#814,.T.);
#457=FACE_OUTER_BOUND('',#815,.T.);
#458=FACE_OUTER_BOUND('',#816,.T.);
#459=FACE_OUTER_BOUND('',#817,.T.);
#460=FACE_OUTER_BOUND('',#818,.T.);
#461=FACE_OUTER_BOUND('',#820,.T.);
#462=FACE_OUTER_BOUND('',#821,.T.);
#463=FACE_OUTER_BOUND('',#822,.T.);
#464=FACE_OUTER_BOUND('',#823,.T.);
#465=FACE_OUTER_BOUND('',#824,.T.);
#466=FACE_OUTER_BOUND('',#825,.T.);
#467=FACE_OUTER_BOUND('',#826,.T.);
#468=FACE_OUTER_BOUND('',#829,.T.);
#469=FACE_OUTER_BOUND('',#830,.T.);
#470=FACE_OUTER_BOUND('',#831,.T.);
#471=FACE_OUTER_BOUND('',#832,.T.);
#472=FACE_OUTER_BOUND('',#833,.T.);
#473=FACE_OUTER_BOUND('',#834,.T.);
#474=FACE_OUTER_BOUND('',#835,.T.);
#475=FACE_OUTER_BOUND('',#836,.T.);
#476=FACE_OUTER_BOUND('',#837,.T.);
#477=FACE_OUTER_BOUND('',#838,.T.);
#478=FACE_OUTER_BOUND('',#839,.T.);
#479=FACE_OUTER_BOUND('',#840,.T.);
#480=FACE_OUTER_BOUND('',#841,.T.);
#481=FACE_OUTER_BOUND('',#842,.T.);
#482=FACE_OUTER_BOUND('',#843,.T.);
#483=FACE_OUTER_BOUND('',#844,.T.);
#484=FACE_OUTER_BOUND('',#845,.T.);
#485=FACE_OUTER_BOUND('',#846,.T.);
#486=FACE_OUTER_BOUND('',#847,.T.);
#487=FACE_OUTER_BOUND('',#848,.T.);
#488=FACE_OUTER_BOUND('',#849,.T.);
#489=FACE_OUTER_BOUND('',#850,.T.);
#490=FACE_OUTER_BOUND('',#851,.T.);
#491=FACE_OUTER_BOUND('',#852,.T.);
#492=FACE_OUTER_BOUND('',#853,.T.);
#493=FACE_OUTER_BOUND('',#854,.T.);
#494=FACE_OUTER_BOUND('',#855,.T.);
#495=FACE_OUTER_BOUND('',#856,.T.);
#496=FACE_OUTER_BOUND('',#857,.T.);
#497=FACE_OUTER_BOUND('',#858,.T.);
#498=FACE_OUTER_BOUND('',#859,.T.);
#499=FACE_OUTER_BOUND('',#860,.T.);
#500=FACE_OUTER_BOUND('',#861,.T.);
#501=FACE_OUTER_BOUND('',#862,.T.);
#502=FACE_OUTER_BOUND('',#863,.T.);
#503=FACE_OUTER_BOUND('',#864,.T.);
#504=FACE_OUTER_BOUND('',#865,.T.);
#505=FACE_OUTER_BOUND('',#866,.T.);
#506=FACE_OUTER_BOUND('',#867,.T.);
#507=FACE_OUTER_BOUND('',#868,.T.);
#508=FACE_OUTER_BOUND('',#869,.T.);
#509=FACE_OUTER_BOUND('',#870,.T.);
#510=FACE_OUTER_BOUND('',#871,.T.);
#511=FACE_OUTER_BOUND('',#872,.T.);
#512=FACE_OUTER_BOUND('',#873,.T.);
#513=FACE_OUTER_BOUND('',#874,.T.);
#514=FACE_OUTER_BOUND('',#875,.T.);
#515=FACE_OUTER_BOUND('',#876,.T.);
#516=FACE_OUTER_BOUND('',#877,.T.);
#517=FACE_OUTER_BOUND('',#878,.T.);
#518=FACE_OUTER_BOUND('',#879,.T.);
#519=FACE_OUTER_BOUND('',#880,.T.);
#520=FACE_OUTER_BOUND('',#881,.T.);
#521=FACE_OUTER_BOUND('',#882,.T.);
#522=FACE_OUTER_BOUND('',#883,.T.);
#523=FACE_OUTER_BOUND('',#884,.T.);
#524=FACE_OUTER_BOUND('',#890,.T.);
#525=FACE_OUTER_BOUND('',#892,.T.);
#526=FACE_OUTER_BOUND('',#893,.T.);
#527=FACE_OUTER_BOUND('',#894,.T.);
#528=FACE_OUTER_BOUND('',#895,.T.);
#529=FACE_OUTER_BOUND('',#896,.T.);
#530=FACE_OUTER_BOUND('',#898,.T.);
#531=FACE_OUTER_BOUND('',#899,.T.);
#532=FACE_OUTER_BOUND('',#900,.T.);
#533=FACE_OUTER_BOUND('',#901,.T.);
#534=FACE_OUTER_BOUND('',#902,.T.);
#535=FACE_OUTER_BOUND('',#903,.T.);
#536=FACE_OUTER_BOUND('',#904,.T.);
#537=FACE_OUTER_BOUND('',#905,.T.);
#538=FACE_OUTER_BOUND('',#906,.T.);
#539=FACE_OUTER_BOUND('',#907,.T.);
#540=FACE_OUTER_BOUND('',#908,.T.);
#541=FACE_OUTER_BOUND('',#909,.T.);
#542=FACE_OUTER_BOUND('',#910,.T.);
#543=FACE_OUTER_BOUND('',#911,.T.);
#544=FACE_OUTER_BOUND('',#912,.T.);
#545=FACE_OUTER_BOUND('',#913,.T.);
#546=FACE_OUTER_BOUND('',#914,.T.);
#547=FACE_OUTER_BOUND('',#915,.T.);
#548=FACE_OUTER_BOUND('',#916,.T.);
#549=FACE_OUTER_BOUND('',#917,.T.);
#550=FACE_OUTER_BOUND('',#918,.T.);
#551=FACE_OUTER_BOUND('',#919,.T.);
#552=FACE_OUTER_BOUND('',#920,.T.);
#553=FACE_OUTER_BOUND('',#921,.T.);
#554=FACE_OUTER_BOUND('',#922,.T.);
#555=FACE_OUTER_BOUND('',#923,.T.);
#556=FACE_OUTER_BOUND('',#924,.T.);
#557=FACE_OUTER_BOUND('',#925,.T.);
#558=FACE_OUTER_BOUND('',#926,.T.);
#559=FACE_OUTER_BOUND('',#927,.T.);
#560=FACE_OUTER_BOUND('',#928,.T.);
#561=FACE_OUTER_BOUND('',#929,.T.);
#562=FACE_OUTER_BOUND('',#930,.T.);
#563=FACE_OUTER_BOUND('',#931,.T.);
#564=FACE_OUTER_BOUND('',#932,.T.);
#565=FACE_OUTER_BOUND('',#933,.T.);
#566=FACE_OUTER_BOUND('',#934,.T.);
#567=FACE_OUTER_BOUND('',#935,.T.);
#568=FACE_OUTER_BOUND('',#936,.T.);
#569=FACE_OUTER_BOUND('',#937,.T.);
#570=FACE_OUTER_BOUND('',#938,.T.);
#571=FACE_OUTER_BOUND('',#939,.T.);
#572=FACE_OUTER_BOUND('',#940,.T.);
#573=FACE_OUTER_BOUND('',#941,.T.);
#574=FACE_OUTER_BOUND('',#942,.T.);
#575=FACE_OUTER_BOUND('',#943,.T.);
#576=FACE_OUTER_BOUND('',#944,.T.);
#577=FACE_OUTER_BOUND('',#945,.T.);
#578=EDGE_LOOP('',(#3986,#3987,#3988,#3989));
#579=EDGE_LOOP('',(#3990,#3991,#3992,#3993));
#580=EDGE_LOOP('',(#3994,#3995,#3996,#3997,#3998,#3999,#4000,#4001));
#581=EDGE_LOOP('',(#4002,#4003,#4004,#4005,#4006,#4007));
#582=EDGE_LOOP('',(#4008,#4009,#4010,#4011,#4012,#4013,#4014,#4015,#4016,
#4017,#4018,#4019,#4020,#4021));
#583=EDGE_LOOP('',(#4022,#4023,#4024,#4025,#4026,#4027,#4028,#4029,#4030,
#4031,#4032,#4033,#4034,#4035));
#584=EDGE_LOOP('',(#4036,#4037,#4038,#4039));
#585=EDGE_LOOP('',(#4040,#4041,#4042,#4043));
#586=EDGE_LOOP('',(#4044,#4045,#4046,#4047));
#587=EDGE_LOOP('',(#4048,#4049,#4050,#4051));
#588=EDGE_LOOP('',(#4052,#4053,#4054,#4055,#4056,#4057,#4058,#4059,#4060,
#4061,#4062,#4063,#4064,#4065,#4066,#4067,#4068,#4069,#4070,#4071,#4072,
#4073,#4074,#4075));
#589=EDGE_LOOP('',(#4076,#4077,#4078,#4079));
#590=EDGE_LOOP('',(#4080,#4081,#4082,#4083));
#591=EDGE_LOOP('',(#4084,#4085,#4086,#4087));
#592=EDGE_LOOP('',(#4088,#4089,#4090,#4091));
#593=EDGE_LOOP('',(#4092,#4093,#4094,#4095));
#594=EDGE_LOOP('',(#4096,#4097,#4098,#4099,#4100,#4101,#4102,#4103,#4104,
#4105,#4106,#4107));
#595=EDGE_LOOP('',(#4108,#4109,#4110,#4111));
#596=EDGE_LOOP('',(#4112,#4113,#4114,#4115));
#597=EDGE_LOOP('',(#4116,#4117,#4118,#4119));
#598=EDGE_LOOP('',(#4120,#4121,#4122,#4123));
#599=EDGE_LOOP('',(#4124,#4125,#4126,#4127));
#600=EDGE_LOOP('',(#4128,#4129,#4130,#4131));
#601=EDGE_LOOP('',(#4132,#4133,#4134,#4135));
#602=EDGE_LOOP('',(#4136,#4137,#4138,#4139));
#603=EDGE_LOOP('',(#4140,#4141,#4142,#4143));
#604=EDGE_LOOP('',(#4144,#4145,#4146,#4147));
#605=EDGE_LOOP('',(#4148,#4149,#4150,#4151));
#606=EDGE_LOOP('',(#4152,#4153,#4154,#4155));
#607=EDGE_LOOP('',(#4156,#4157,#4158,#4159));
#608=EDGE_LOOP('',(#4160,#4161,#4162,#4163));
#609=EDGE_LOOP('',(#4164,#4165,#4166,#4167));
#610=EDGE_LOOP('',(#4168,#4169,#4170,#4171));
#611=EDGE_LOOP('',(#4172,#4173,#4174,#4175));
#612=EDGE_LOOP('',(#4176,#4177,#4178,#4179));
#613=EDGE_LOOP('',(#4180,#4181,#4182,#4183));
#614=EDGE_LOOP('',(#4184,#4185,#4186,#4187,#4188,#4189));
#615=EDGE_LOOP('',(#4190,#4191,#4192,#4193));
#616=EDGE_LOOP('',(#4194,#4195,#4196,#4197,#4198,#4199));
#617=EDGE_LOOP('',(#4200,#4201,#4202,#4203));
#618=EDGE_LOOP('',(#4204,#4205,#4206,#4207));
#619=EDGE_LOOP('',(#4208,#4209,#4210,#4211,#4212,#4213,#4214,#4215,#4216,
#4217,#4218,#4219));
#620=EDGE_LOOP('',(#4220,#4221,#4222,#4223));
#621=EDGE_LOOP('',(#4224,#4225,#4226,#4227));
#622=EDGE_LOOP('',(#4228,#4229,#4230,#4231,#4232,#4233));
#623=EDGE_LOOP('',(#4234,#4235,#4236,#4237,#4238,#4239));
#624=EDGE_LOOP('',(#4240,#4241,#4242,#4243));
#625=EDGE_LOOP('',(#4244,#4245,#4246,#4247));
#626=EDGE_LOOP('',(#4248,#4249,#4250,#4251));
#627=EDGE_LOOP('',(#4252,#4253,#4254,#4255));
#628=EDGE_LOOP('',(#4256,#4257,#4258,#4259));
#629=EDGE_LOOP('',(#4260,#4261,#4262,#4263));
#630=EDGE_LOOP('',(#4264,#4265,#4266,#4267));
#631=EDGE_LOOP('',(#4268,#4269,#4270,#4271));
#632=EDGE_LOOP('',(#4272,#4273,#4274,#4275));
#633=EDGE_LOOP('',(#4276,#4277,#4278,#4279));
#634=EDGE_LOOP('',(#4280,#4281,#4282,#4283));
#635=EDGE_LOOP('',(#4284,#4285,#4286,#4287));
#636=EDGE_LOOP('',(#4288,#4289,#4290,#4291));
#637=EDGE_LOOP('',(#4292,#4293,#4294,#4295));
#638=EDGE_LOOP('',(#4296,#4297,#4298,#4299,#4300,#4301,#4302,#4303,#4304,
#4305,#4306,#4307));
#639=EDGE_LOOP('',(#4308,#4309,#4310,#4311,#4312,#4313));
#640=EDGE_LOOP('',(#4314,#4315,#4316,#4317,#4318,#4319,#4320,#4321,#4322,
#4323,#4324,#4325));
#641=EDGE_LOOP('',(#4326,#4327,#4328,#4329));
#642=EDGE_LOOP('',(#4330,#4331,#4332,#4333));
#643=EDGE_LOOP('',(#4334,#4335,#4336,#4337));
#644=EDGE_LOOP('',(#4338,#4339,#4340,#4341));
#645=EDGE_LOOP('',(#4342,#4343,#4344,#4345));
#646=EDGE_LOOP('',(#4346,#4347,#4348,#4349,#4350,#4351,#4352,#4353,#4354,
#4355,#4356,#4357));
#647=EDGE_LOOP('',(#4358,#4359,#4360,#4361));
#648=EDGE_LOOP('',(#4362,#4363,#4364,#4365));
#649=EDGE_LOOP('',(#4366,#4367,#4368,#4369));
#650=EDGE_LOOP('',(#4370,#4371,#4372,#4373));
#651=EDGE_LOOP('',(#4374,#4375,#4376,#4377));
#652=EDGE_LOOP('',(#4378,#4379,#4380,#4381));
#653=EDGE_LOOP('',(#4382,#4383,#4384,#4385,#4386,#4387,#4388,#4389,#4390,
#4391,#4392,#4393));
#654=EDGE_LOOP('',(#4394,#4395,#4396,#4397));
#655=EDGE_LOOP('',(#4398,#4399,#4400,#4401));
#656=EDGE_LOOP('',(#4402,#4403,#4404,#4405));
#657=EDGE_LOOP('',(#4406,#4407,#4408,#4409));
#658=EDGE_LOOP('',(#4410,#4411,#4412,#4413));
#659=EDGE_LOOP('',(#4414,#4415,#4416,#4417));
#660=EDGE_LOOP('',(#4418,#4419,#4420,#4421));
#661=EDGE_LOOP('',(#4422));
#662=EDGE_LOOP('',(#4423,#4424,#4425,#4426));
#663=EDGE_LOOP('',(#4427));
#664=EDGE_LOOP('',(#4428,#4429,#4430,#4431));
#665=EDGE_LOOP('',(#4432));
#666=EDGE_LOOP('',(#4433,#4434,#4435,#4436));
#667=EDGE_LOOP('',(#4437));
#668=EDGE_LOOP('',(#4438,#4439,#4440,#4441));
#669=EDGE_LOOP('',(#4442));
#670=EDGE_LOOP('',(#4443,#4444,#4445,#4446));
#671=EDGE_LOOP('',(#4447));
#672=EDGE_LOOP('',(#4448,#4449,#4450,#4451));
#673=EDGE_LOOP('',(#4452,#4453,#4454,#4455));
#674=EDGE_LOOP('',(#4456,#4457,#4458,#4459));
#675=EDGE_LOOP('',(#4460,#4461,#4462,#4463,#4464,#4465,#4466,#4467,#4468,
#4469,#4470,#4471));
#676=EDGE_LOOP('',(#4472));
#677=EDGE_LOOP('',(#4473));
#678=EDGE_LOOP('',(#4474));
#679=EDGE_LOOP('',(#4475));
#680=EDGE_LOOP('',(#4476));
#681=EDGE_LOOP('',(#4477));
#682=EDGE_LOOP('',(#4478,#4479,#4480,#4481));
#683=EDGE_LOOP('',(#4482,#4483,#4484,#4485));
#684=EDGE_LOOP('',(#4486,#4487,#4488,#4489));
#685=EDGE_LOOP('',(#4490,#4491,#4492,#4493));
#686=EDGE_LOOP('',(#4494,#4495,#4496,#4497));
#687=EDGE_LOOP('',(#4498,#4499,#4500,#4501));
#688=EDGE_LOOP('',(#4502,#4503,#4504,#4505));
#689=EDGE_LOOP('',(#4506,#4507,#4508,#4509));
#690=EDGE_LOOP('',(#4510,#4511,#4512,#4513));
#691=EDGE_LOOP('',(#4514,#4515,#4516,#4517));
#692=EDGE_LOOP('',(#4518,#4519,#4520,#4521));
#693=EDGE_LOOP('',(#4522,#4523,#4524,#4525));
#694=EDGE_LOOP('',(#4526,#4527,#4528,#4529));
#695=EDGE_LOOP('',(#4530,#4531,#4532,#4533));
#696=EDGE_LOOP('',(#4534,#4535,#4536,#4537));
#697=EDGE_LOOP('',(#4538,#4539,#4540,#4541));
#698=EDGE_LOOP('',(#4542,#4543,#4544,#4545));
#699=EDGE_LOOP('',(#4546,#4547,#4548,#4549));
#700=EDGE_LOOP('',(#4550,#4551,#4552,#4553));
#701=EDGE_LOOP('',(#4554,#4555,#4556,#4557));
#702=EDGE_LOOP('',(#4558,#4559,#4560,#4561));
#703=EDGE_LOOP('',(#4562,#4563,#4564,#4565));
#704=EDGE_LOOP('',(#4566,#4567,#4568,#4569));
#705=EDGE_LOOP('',(#4570,#4571,#4572,#4573));
#706=EDGE_LOOP('',(#4574,#4575,#4576,#4577));
#707=EDGE_LOOP('',(#4578,#4579,#4580,#4581));
#708=EDGE_LOOP('',(#4582,#4583,#4584,#4585));
#709=EDGE_LOOP('',(#4586,#4587,#4588,#4589,#4590,#4591,#4592,#4593,#4594,
#4595,#4596,#4597,#4598,#4599,#4600,#4601,#4602,#4603,#4604,#4605,#4606,
#4607));
#710=EDGE_LOOP('',(#4608,#4609,#4610,#4611));
#711=EDGE_LOOP('',(#4612,#4613,#4614,#4615));
#712=EDGE_LOOP('',(#4616,#4617,#4618,#4619));
#713=EDGE_LOOP('',(#4620,#4621,#4622,#4623));
#714=EDGE_LOOP('',(#4624,#4625,#4626,#4627));
#715=EDGE_LOOP('',(#4628,#4629,#4630,#4631));
#716=EDGE_LOOP('',(#4632,#4633,#4634,#4635));
#717=EDGE_LOOP('',(#4636,#4637,#4638,#4639));
#718=EDGE_LOOP('',(#4640,#4641,#4642,#4643));
#719=EDGE_LOOP('',(#4644,#4645,#4646,#4647));
#720=EDGE_LOOP('',(#4648,#4649,#4650,#4651));
#721=EDGE_LOOP('',(#4652,#4653,#4654,#4655));
#722=EDGE_LOOP('',(#4656,#4657,#4658,#4659));
#723=EDGE_LOOP('',(#4660,#4661,#4662,#4663,#4664,#4665,#4666,#4667));
#724=EDGE_LOOP('',(#4668,#4669,#4670,#4671,#4672));
#725=EDGE_LOOP('',(#4673,#4674,#4675,#4676));
#726=EDGE_LOOP('',(#4677,#4678,#4679,#4680));
#727=EDGE_LOOP('',(#4681,#4682,#4683,#4684));
#728=EDGE_LOOP('',(#4685,#4686,#4687,#4688));
#729=EDGE_LOOP('',(#4689,#4690,#4691,#4692));
#730=EDGE_LOOP('',(#4693,#4694,#4695,#4696));
#731=EDGE_LOOP('',(#4697,#4698,#4699,#4700));
#732=EDGE_LOOP('',(#4701,#4702,#4703,#4704));
#733=EDGE_LOOP('',(#4705,#4706,#4707,#4708,#4709,#4710,#4711,#4712));
#734=EDGE_LOOP('',(#4713,#4714,#4715,#4716));
#735=EDGE_LOOP('',(#4717,#4718,#4719,#4720));
#736=EDGE_LOOP('',(#4721,#4722,#4723,#4724));
#737=EDGE_LOOP('',(#4725,#4726,#4727,#4728));
#738=EDGE_LOOP('',(#4729,#4730,#4731,#4732));
#739=EDGE_LOOP('',(#4733,#4734,#4735,#4736));
#740=EDGE_LOOP('',(#4737,#4738,#4739,#4740));
#741=EDGE_LOOP('',(#4741,#4742,#4743,#4744));
#742=EDGE_LOOP('',(#4745,#4746,#4747,#4748));
#743=EDGE_LOOP('',(#4749,#4750,#4751,#4752));
#744=EDGE_LOOP('',(#4753,#4754,#4755,#4756));
#745=EDGE_LOOP('',(#4757,#4758,#4759,#4760));
#746=EDGE_LOOP('',(#4761,#4762,#4763,#4764,#4765,#4766,#4767,#4768,#4769,
#4770,#4771,#4772));
#747=EDGE_LOOP('',(#4773,#4774,#4775,#4776));
#748=EDGE_LOOP('',(#4777,#4778,#4779,#4780));
#749=EDGE_LOOP('',(#4781,#4782,#4783,#4784));
#750=EDGE_LOOP('',(#4785,#4786,#4787,#4788));
#751=EDGE_LOOP('',(#4789,#4790,#4791,#4792));
#752=EDGE_LOOP('',(#4793,#4794,#4795,#4796));
#753=EDGE_LOOP('',(#4797,#4798,#4799,#4800));
#754=EDGE_LOOP('',(#4801,#4802,#4803,#4804));
#755=EDGE_LOOP('',(#4805,#4806,#4807,#4808));
#756=EDGE_LOOP('',(#4809,#4810,#4811,#4812));
#757=EDGE_LOOP('',(#4813,#4814,#4815,#4816));
#758=EDGE_LOOP('',(#4817,#4818,#4819,#4820));
#759=EDGE_LOOP('',(#4821,#4822,#4823,#4824));
#760=EDGE_LOOP('',(#4825,#4826,#4827,#4828));
#761=EDGE_LOOP('',(#4829,#4830,#4831,#4832));
#762=EDGE_LOOP('',(#4833,#4834,#4835,#4836));
#763=EDGE_LOOP('',(#4837,#4838,#4839,#4840));
#764=EDGE_LOOP('',(#4841,#4842,#4843,#4844));
#765=EDGE_LOOP('',(#4845,#4846,#4847,#4848));
#766=EDGE_LOOP('',(#4849,#4850,#4851,#4852));
#767=EDGE_LOOP('',(#4853,#4854,#4855,#4856,#4857,#4858,#4859,#4860,#4861,
#4862,#4863));
#768=EDGE_LOOP('',(#4864,#4865,#4866,#4867,#4868,#4869,#4870,#4871,#4872));
#769=EDGE_LOOP('',(#4873,#4874,#4875,#4876));
#770=EDGE_LOOP('',(#4877,#4878,#4879,#4880));
#771=EDGE_LOOP('',(#4881,#4882,#4883,#4884));
#772=EDGE_LOOP('',(#4885,#4886,#4887,#4888));
#773=EDGE_LOOP('',(#4889,#4890,#4891,#4892));
#774=EDGE_LOOP('',(#4893,#4894,#4895,#4896));
#775=EDGE_LOOP('',(#4897,#4898,#4899,#4900));
#776=EDGE_LOOP('',(#4901,#4902,#4903,#4904));
#777=EDGE_LOOP('',(#4905,#4906,#4907,#4908));
#778=EDGE_LOOP('',(#4909,#4910,#4911,#4912));
#779=EDGE_LOOP('',(#4913,#4914,#4915,#4916));
#780=EDGE_LOOP('',(#4917,#4918,#4919,#4920));
#781=EDGE_LOOP('',(#4921,#4922,#4923,#4924));
#782=EDGE_LOOP('',(#4925,#4926,#4927,#4928));
#783=EDGE_LOOP('',(#4929,#4930,#4931,#4932));
#784=EDGE_LOOP('',(#4933,#4934,#4935,#4936));
#785=EDGE_LOOP('',(#4937,#4938,#4939,#4940));
#786=EDGE_LOOP('',(#4941,#4942,#4943,#4944));
#787=EDGE_LOOP('',(#4945,#4946,#4947,#4948));
#788=EDGE_LOOP('',(#4949,#4950,#4951,#4952,#4953,#4954,#4955,#4956,#4957,
#4958,#4959));
#789=EDGE_LOOP('',(#4960,#4961,#4962,#4963,#4964,#4965,#4966,#4967));
#790=EDGE_LOOP('',(#4968,#4969,#4970,#4971,#4972));
#791=EDGE_LOOP('',(#4973,#4974,#4975,#4976,#4977,#4978,#4979,#4980));
#792=EDGE_LOOP('',(#4981,#4982,#4983,#4984,#4985,#4986,#4987,#4988,#4989));
#793=EDGE_LOOP('',(#4990,#4991,#4992,#4993));
#794=EDGE_LOOP('',(#4994,#4995,#4996,#4997));
#795=EDGE_LOOP('',(#4998,#4999,#5000,#5001));
#796=EDGE_LOOP('',(#5002,#5003,#5004,#5005,#5006,#5007,#5008,#5009));
#797=EDGE_LOOP('',(#5010,#5011,#5012,#5013,#5014,#5015,#5016,#5017,#5018,
#5019,#5020));
#798=EDGE_LOOP('',(#5021,#5022,#5023,#5024,#5025,#5026,#5027,#5028,#5029,
#5030,#5031));
#799=EDGE_LOOP('',(#5032,#5033,#5034,#5035,#5036,#5037,#5038,#5039,#5040,
#5041,#5042,#5043,#5044,#5045,#5046,#5047,#5048,#5049,#5050,#5051,#5052,
#5053));
#800=EDGE_LOOP('',(#5054,#5055,#5056,#5057));
#801=EDGE_LOOP('',(#5058,#5059,#5060,#5061));
#802=EDGE_LOOP('',(#5062,#5063,#5064,#5065,#5066,#5067,#5068,#5069));
#803=EDGE_LOOP('',(#5070,#5071,#5072,#5073));
#804=EDGE_LOOP('',(#5074,#5075,#5076,#5077));
#805=EDGE_LOOP('',(#5078,#5079,#5080,#5081));
#806=EDGE_LOOP('',(#5082,#5083,#5084,#5085));
#807=EDGE_LOOP('',(#5086,#5087,#5088,#5089));
#808=EDGE_LOOP('',(#5090,#5091,#5092,#5093));
#809=EDGE_LOOP('',(#5094,#5095,#5096,#5097));
#810=EDGE_LOOP('',(#5098,#5099,#5100,#5101));
#811=EDGE_LOOP('',(#5102,#5103,#5104,#5105));
#812=EDGE_LOOP('',(#5106,#5107,#5108,#5109));
#813=EDGE_LOOP('',(#5110,#5111,#5112,#5113));
#814=EDGE_LOOP('',(#5114,#5115,#5116,#5117));
#815=EDGE_LOOP('',(#5118,#5119,#5120,#5121));
#816=EDGE_LOOP('',(#5122,#5123,#5124,#5125));
#817=EDGE_LOOP('',(#5126,#5127,#5128,#5129));
#818=EDGE_LOOP('',(#5130,#5131,#5132,#5133));
#819=EDGE_LOOP('',(#5134,#5135,#5136,#5137));
#820=EDGE_LOOP('',(#5138,#5139,#5140,#5141));
#821=EDGE_LOOP('',(#5142,#5143,#5144,#5145));
#822=EDGE_LOOP('',(#5146,#5147,#5148,#5149));
#823=EDGE_LOOP('',(#5150,#5151,#5152,#5153));
#824=EDGE_LOOP('',(#5154,#5155,#5156,#5157));
#825=EDGE_LOOP('',(#5158,#5159,#5160,#5161));
#826=EDGE_LOOP('',(#5162,#5163,#5164,#5165,#5166,#5167,#5168,#5169,#5170,
#5171,#5172,#5173,#5174,#5175,#5176,#5177));
#827=EDGE_LOOP('',(#5178,#5179,#5180,#5181));
#828=EDGE_LOOP('',(#5182,#5183,#5184,#5185));
#829=EDGE_LOOP('',(#5186,#5187,#5188,#5189));
#830=EDGE_LOOP('',(#5190,#5191,#5192,#5193));
#831=EDGE_LOOP('',(#5194,#5195,#5196,#5197));
#832=EDGE_LOOP('',(#5198,#5199,#5200,#5201));
#833=EDGE_LOOP('',(#5202,#5203,#5204,#5205));
#834=EDGE_LOOP('',(#5206,#5207,#5208,#5209,#5210,#5211,#5212,#5213,#5214,
#5215,#5216,#5217,#5218,#5219,#5220,#5221));
#835=EDGE_LOOP('',(#5222,#5223,#5224,#5225));
#836=EDGE_LOOP('',(#5226,#5227,#5228,#5229));
#837=EDGE_LOOP('',(#5230,#5231,#5232,#5233));
#838=EDGE_LOOP('',(#5234,#5235,#5236,#5237));
#839=EDGE_LOOP('',(#5238,#5239,#5240,#5241));
#840=EDGE_LOOP('',(#5242,#5243,#5244,#5245));
#841=EDGE_LOOP('',(#5246,#5247,#5248,#5249));
#842=EDGE_LOOP('',(#5250,#5251,#5252,#5253));
#843=EDGE_LOOP('',(#5254,#5255,#5256,#5257));
#844=EDGE_LOOP('',(#5258,#5259,#5260,#5261));
#845=EDGE_LOOP('',(#5262,#5263,#5264,#5265));
#846=EDGE_LOOP('',(#5266,#5267,#5268,#5269,#5270,#5271,#5272,#5273));
#847=EDGE_LOOP('',(#5274,#5275,#5276,#5277,#5278,#5279,#5280,#5281));
#848=EDGE_LOOP('',(#5282,#5283,#5284,#5285,#5286,#5287,#5288,#5289));
#849=EDGE_LOOP('',(#5290,#5291,#5292,#5293));
#850=EDGE_LOOP('',(#5294,#5295,#5296,#5297,#5298,#5299,#5300,#5301));
#851=EDGE_LOOP('',(#5302,#5303,#5304,#5305,#5306,#5307));
#852=EDGE_LOOP('',(#5308,#5309,#5310,#5311));
#853=EDGE_LOOP('',(#5312,#5313,#5314,#5315,#5316,#5317,#5318,#5319,#5320,
#5321));
#854=EDGE_LOOP('',(#5322,#5323,#5324,#5325));
#855=EDGE_LOOP('',(#5326,#5327,#5328,#5329,#5330,#5331));
#856=EDGE_LOOP('',(#5332,#5333,#5334,#5335));
#857=EDGE_LOOP('',(#5336,#5337,#5338,#5339));
#858=EDGE_LOOP('',(#5340,#5341,#5342,#5343));
#859=EDGE_LOOP('',(#5344,#5345,#5346,#5347));
#860=EDGE_LOOP('',(#5348,#5349,#5350,#5351));
#861=EDGE_LOOP('',(#5352,#5353,#5354,#5355));
#862=EDGE_LOOP('',(#5356,#5357,#5358,#5359,#5360,#5361));
#863=EDGE_LOOP('',(#5362,#5363,#5364,#5365,#5366,#5367));
#864=EDGE_LOOP('',(#5368,#5369,#5370,#5371,#5372,#5373));
#865=EDGE_LOOP('',(#5374,#5375,#5376,#5377));
#866=EDGE_LOOP('',(#5378,#5379,#5380,#5381));
#867=EDGE_LOOP('',(#5382,#5383,#5384,#5385));
#868=EDGE_LOOP('',(#5386,#5387,#5388,#5389,#5390,#5391));
#869=EDGE_LOOP('',(#5392,#5393,#5394,#5395,#5396,#5397));
#870=EDGE_LOOP('',(#5398,#5399,#5400,#5401,#5402,#5403,#5404));
#871=EDGE_LOOP('',(#5405,#5406,#5407,#5408,#5409,#5410,#5411));
#872=EDGE_LOOP('',(#5412,#5413,#5414,#5415));
#873=EDGE_LOOP('',(#5416,#5417,#5418,#5419,#5420,#5421,#5422,#5423,#5424,
#5425,#5426,#5427));
#874=EDGE_LOOP('',(#5428,#5429,#5430,#5431,#5432,#5433,#5434,#5435,#5436,
#5437,#5438,#5439,#5440,#5441,#5442,#5443,#5444,#5445,#5446,#5447));
#875=EDGE_LOOP('',(#5448,#5449,#5450,#5451));
#876=EDGE_LOOP('',(#5452,#5453,#5454,#5455));
#877=EDGE_LOOP('',(#5456,#5457,#5458,#5459));
#878=EDGE_LOOP('',(#5460,#5461,#5462,#5463,#5464,#5465,#5466,#5467));
#879=EDGE_LOOP('',(#5468,#5469,#5470,#5471));
#880=EDGE_LOOP('',(#5472,#5473,#5474,#5475));
#881=EDGE_LOOP('',(#5476,#5477,#5478,#5479,#5480,#5481,#5482,#5483));
#882=EDGE_LOOP('',(#5484,#5485,#5486,#5487));
#883=EDGE_LOOP('',(#5488,#5489,#5490,#5491,#5492,#5493,#5494,#5495,#5496,
#5497,#5498,#5499,#5500,#5501));
#884=EDGE_LOOP('',(#5502,#5503,#5504,#5505));
#885=EDGE_LOOP('',(#5506,#5507,#5508,#5509));
#886=EDGE_LOOP('',(#5510,#5511,#5512,#5513));
#887=EDGE_LOOP('',(#5514,#5515,#5516,#5517,#5518,#5519,#5520,#5521,#5522,
#5523,#5524,#5525));
#888=EDGE_LOOP('',(#5526,#5527,#5528,#5529,#5530,#5531,#5532,#5533));
#889=EDGE_LOOP('',(#5534,#5535,#5536,#5537,#5538,#5539,#5540,#5541));
#890=EDGE_LOOP('',(#5542,#5543,#5544,#5545));
#891=EDGE_LOOP('',(#5546,#5547,#5548,#5549));
#892=EDGE_LOOP('',(#5550,#5551,#5552,#5553));
#893=EDGE_LOOP('',(#5554,#5555,#5556,#5557));
#894=EDGE_LOOP('',(#5558,#5559,#5560,#5561));
#895=EDGE_LOOP('',(#5562,#5563,#5564,#5565));
#896=EDGE_LOOP('',(#5566,#5567,#5568,#5569,#5570,#5571,#5572,#5573));
#897=EDGE_LOOP('',(#5574,#5575,#5576,#5577));
#898=EDGE_LOOP('',(#5578,#5579,#5580,#5581));
#899=EDGE_LOOP('',(#5582,#5583,#5584,#5585));
#900=EDGE_LOOP('',(#5586,#5587,#5588,#5589));
#901=EDGE_LOOP('',(#5590,#5591,#5592,#5593));
#902=EDGE_LOOP('',(#5594,#5595,#5596,#5597,#5598,#5599,#5600,#5601));
#903=EDGE_LOOP('',(#5602,#5603,#5604,#5605));
#904=EDGE_LOOP('',(#5606,#5607,#5608,#5609));
#905=EDGE_LOOP('',(#5610,#5611,#5612,#5613));
#906=EDGE_LOOP('',(#5614,#5615,#5616,#5617));
#907=EDGE_LOOP('',(#5618,#5619,#5620,#5621));
#908=EDGE_LOOP('',(#5622,#5623,#5624,#5625));
#909=EDGE_LOOP('',(#5626,#5627,#5628,#5629));
#910=EDGE_LOOP('',(#5630,#5631,#5632,#5633));
#911=EDGE_LOOP('',(#5634,#5635,#5636,#5637));
#912=EDGE_LOOP('',(#5638,#5639,#5640,#5641));
#913=EDGE_LOOP('',(#5642,#5643,#5644,#5645));
#914=EDGE_LOOP('',(#5646,#5647,#5648,#5649));
#915=EDGE_LOOP('',(#5650,#5651,#5652,#5653));
#916=EDGE_LOOP('',(#5654,#5655,#5656,#5657));
#917=EDGE_LOOP('',(#5658,#5659,#5660,#5661));
#918=EDGE_LOOP('',(#5662,#5663,#5664,#5665));
#919=EDGE_LOOP('',(#5666,#5667,#5668,#5669));
#920=EDGE_LOOP('',(#5670,#5671,#5672,#5673));
#921=EDGE_LOOP('',(#5674,#5675,#5676,#5677));
#922=EDGE_LOOP('',(#5678,#5679,#5680,#5681));
#923=EDGE_LOOP('',(#5682,#5683,#5684,#5685));
#924=EDGE_LOOP('',(#5686,#5687,#5688,#5689));
#925=EDGE_LOOP('',(#5690,#5691,#5692,#5693));
#926=EDGE_LOOP('',(#5694,#5695,#5696,#5697));
#927=EDGE_LOOP('',(#5698,#5699,#5700,#5701));
#928=EDGE_LOOP('',(#5702,#5703,#5704,#5705));
#929=EDGE_LOOP('',(#5706,#5707,#5708,#5709));
#930=EDGE_LOOP('',(#5710,#5711,#5712,#5713));
#931=EDGE_LOOP('',(#5714,#5715,#5716,#5717));
#932=EDGE_LOOP('',(#5718,#5719,#5720,#5721));
#933=EDGE_LOOP('',(#5722,#5723,#5724,#5725));
#934=EDGE_LOOP('',(#5726,#5727,#5728,#5729));
#935=EDGE_LOOP('',(#5730,#5731,#5732,#5733));
#936=EDGE_LOOP('',(#5734,#5735,#5736,#5737));
#937=EDGE_LOOP('',(#5738,#5739,#5740,#5741));
#938=EDGE_LOOP('',(#5742,#5743,#5744,#5745));
#939=EDGE_LOOP('',(#5746,#5747,#5748,#5749));
#940=EDGE_LOOP('',(#5750,#5751,#5752,#5753));
#941=EDGE_LOOP('',(#5754,#5755,#5756,#5757));
#942=EDGE_LOOP('',(#5758,#5759,#5760,#5761));
#943=EDGE_LOOP('',(#5762,#5763,#5764,#5765));
#944=EDGE_LOOP('',(#5766,#5767,#5768,#5769));
#945=EDGE_LOOP('',(#5770,#5771,#5772,#5773));
#946=LINE('',#8097,#1722);
#947=LINE('',#8099,#1723);
#948=LINE('',#8101,#1724);
#949=LINE('',#8102,#1725);
#950=LINE('',#8106,#1726);
#951=LINE('',#8108,#1727);
#952=LINE('',#8110,#1728);
#953=LINE('',#8111,#1729);
#954=LINE('',#8113,#1730);
#955=LINE('',#8115,#1731);
#956=LINE('',#8117,#1732);
#957=LINE('',#8119,#1733);
#958=LINE('',#8121,#1734);
#959=LINE('',#8122,#1735);
#960=LINE('',#8125,#1736);
#961=LINE('',#8127,#1737);
#962=LINE('',#8129,#1738);
#963=LINE('',#8131,#1739);
#964=LINE('',#8132,#1740);
#965=LINE('',#8135,#1741);
#966=LINE('',#8137,#1742);
#967=LINE('',#8139,#1743);
#968=LINE('',#8141,#1744);
#969=LINE('',#8143,#1745);
#970=LINE('',#8145,#1746);
#971=LINE('',#8147,#1747);
#972=LINE('',#8149,#1748);
#973=LINE('',#8151,#1749);
#974=LINE('',#8153,#1750);
#975=LINE('',#8154,#1751);
#976=LINE('',#8157,#1752);
#977=LINE('',#8159,#1753);
#978=LINE('',#8161,#1754);
#979=LINE('',#8163,#1755);
#980=LINE('',#8165,#1756);
#981=LINE('',#8167,#1757);
#982=LINE('',#8169,#1758);
#983=LINE('',#8171,#1759);
#984=LINE('',#8173,#1760);
#985=LINE('',#8175,#1761);
#986=LINE('',#8177,#1762);
#987=LINE('',#8178,#1763);
#988=LINE('',#8182,#1764);
#989=LINE('',#8184,#1765);
#990=LINE('',#8186,#1766);
#991=LINE('',#8187,#1767);
#992=LINE('',#8190,#1768);
#993=LINE('',#8192,#1769);
#994=LINE('',#8193,#1770);
#995=LINE('',#8196,#1771);
#996=LINE('',#8198,#1772);
#997=LINE('',#8199,#1773);
#998=LINE('',#8201,#1774);
#999=LINE('',#8204,#1775);
#1000=LINE('',#8206,#1776);
#1001=LINE('',#8208,#1777);
#1002=LINE('',#8210,#1778);
#1003=LINE('',#8212,#1779);
#1004=LINE('',#8214,#1780);
#1005=LINE('',#8216,#1781);
#1006=LINE('',#8218,#1782);
#1007=LINE('',#8220,#1783);
#1008=LINE('',#8222,#1784);
#1009=LINE('',#8224,#1785);
#1010=LINE('',#8225,#1786);
#1011=LINE('',#8227,#1787);
#1012=LINE('',#8229,#1788);
#1013=LINE('',#8231,#1789);
#1014=LINE('',#8233,#1790);
#1015=LINE('',#8234,#1791);
#1016=LINE('',#8237,#1792);
#1017=LINE('',#8239,#1793);
#1018=LINE('',#8241,#1794);
#1019=LINE('',#8242,#1795);
#1020=LINE('',#8245,#1796);
#1021=LINE('',#8247,#1797);
#1022=LINE('',#8248,#1798);
#1023=LINE('',#8251,#1799);
#1024=LINE('',#8252,#1800);
#1025=LINE('',#8255,#1801);
#1026=LINE('',#8256,#1802);
#1027=LINE('',#8258,#1803);
#1028=LINE('',#8261,#1804);
#1029=LINE('',#8262,#1805);
#1030=LINE('',#8265,#1806);
#1031=LINE('',#8267,#1807);
#1032=LINE('',#8269,#1808);
#1033=LINE('',#8270,#1809);
#1034=LINE('',#8273,#1810);
#1035=LINE('',#8275,#1811);
#1036=LINE('',#8276,#1812);
#1037=LINE('',#8279,#1813);
#1038=LINE('',#8281,#1814);
#1039=LINE('',#8282,#1815);
#1040=LINE('',#8284,#1816);
#1041=LINE('',#8286,#1817);
#1042=LINE('',#8289,#1818);
#1043=LINE('',#8291,#1819);
#1044=LINE('',#8292,#1820);
#1045=LINE('',#8295,#1821);
#1046=LINE('',#8297,#1822);
#1047=LINE('',#8298,#1823);
#1048=LINE('',#8300,#1824);
#1049=LINE('',#8302,#1825);
#1050=LINE('',#8305,#1826);
#1051=LINE('',#8307,#1827);
#1052=LINE('',#8308,#1828);
#1053=LINE('',#8311,#1829);
#1054=LINE('',#8312,#1830);
#1055=LINE('',#8315,#1831);
#1056=LINE('',#8316,#1832);
#1057=LINE('',#8318,#1833);
#1058=LINE('',#8323,#1834);
#1059=LINE('',#8325,#1835);
#1060=LINE('',#8327,#1836);
#1061=LINE('',#8328,#1837);
#1062=LINE('',#8331,#1838);
#1063=LINE('',#8333,#1839);
#1064=LINE('',#8334,#1840);
#1065=LINE('',#8337,#1841);
#1066=LINE('',#8339,#1842);
#1067=LINE('',#8340,#1843);
#1068=LINE('',#8342,#1844);
#1069=LINE('',#8344,#1845);
#1070=LINE('',#8348,#1846);
#1071=LINE('',#8349,#1847);
#1072=LINE('',#8351,#1848);
#1073=LINE('',#8353,#1849);
#1074=LINE('',#8354,#1850);
#1075=LINE('',#8357,#1851);
#1076=LINE('',#8358,#1852);
#1077=LINE('',#8362,#1853);
#1078=LINE('',#8364,#1854);
#1079=LINE('',#8365,#1855);
#1080=LINE('',#8366,#1856);
#1081=LINE('',#8368,#1857);
#1082=LINE('',#8369,#1858);
#1083=LINE('',#8373,#1859);
#1084=LINE('',#8375,#1860);
#1085=LINE('',#8376,#1861);
#1086=LINE('',#8378,#1862);
#1087=LINE('',#8380,#1863);
#1088=LINE('',#8382,#1864);
#1089=LINE('',#8383,#1865);
#1090=LINE('',#8385,#1866);
#1091=LINE('',#8389,#1867);
#1092=LINE('',#8391,#1868);
#1093=LINE('',#8393,#1869);
#1094=LINE('',#8394,#1870);
#1095=LINE('',#8397,#1871);
#1096=LINE('',#8398,#1872);
#1097=LINE('',#8400,#1873);
#1098=LINE('',#8401,#1874);
#1099=LINE('',#8404,#1875);
#1100=LINE('',#8406,#1876);
#1101=LINE('',#8407,#1877);
#1102=LINE('',#8408,#1878);
#1103=LINE('',#8410,#1879);
#1104=LINE('',#8414,#1880);
#1105=LINE('',#8415,#1881);
#1106=LINE('',#8418,#1882);
#1107=LINE('',#8419,#1883);
#1108=LINE('',#8421,#1884);
#1109=LINE('',#8423,#1885);
#1110=LINE('',#8425,#1886);
#1111=LINE('',#8428,#1887);
#1112=LINE('',#8431,#1888);
#1113=LINE('',#8432,#1889);
#1114=LINE('',#8435,#1890);
#1115=LINE('',#8436,#1891);
#1116=LINE('',#8439,#1892);
#1117=LINE('',#8440,#1893);
#1118=LINE('',#8443,#1894);
#1119=LINE('',#8444,#1895);
#1120=LINE('',#8447,#1896);
#1121=LINE('',#8448,#1897);
#1122=LINE('',#8451,#1898);
#1123=LINE('',#8453,#1899);
#1124=LINE('',#8454,#1900);
#1125=LINE('',#8456,#1901);
#1126=LINE('',#8458,#1902);
#1127=LINE('',#8462,#1903);
#1128=LINE('',#8463,#1904);
#1129=LINE('',#8464,#1905);
#1130=LINE('',#8467,#1906);
#1131=LINE('',#8468,#1907);
#1132=LINE('',#8471,#1908);
#1133=LINE('',#8472,#1909);
#1134=LINE('',#8474,#1910);
#1135=LINE('',#8477,#1911);
#1136=LINE('',#8478,#1912);
#1137=LINE('',#8480,#1913);
#1138=LINE('',#8485,#1914);
#1139=LINE('',#8487,#1915);
#1140=LINE('',#8489,#1916);
#1141=LINE('',#8490,#1917);
#1142=LINE('',#8493,#1918);
#1143=LINE('',#8495,#1919);
#1144=LINE('',#8496,#1920);
#1145=LINE('',#8499,#1921);
#1146=LINE('',#8501,#1922);
#1147=LINE('',#8502,#1923);
#1148=LINE('',#8505,#1924);
#1149=LINE('',#8507,#1925);
#1150=LINE('',#8509,#1926);
#1151=LINE('',#8511,#1927);
#1152=LINE('',#8513,#1928);
#1153=LINE('',#8515,#1929);
#1154=LINE('',#8517,#1930);
#1155=LINE('',#8519,#1931);
#1156=LINE('',#8520,#1932);
#1157=LINE('',#8523,#1933);
#1158=LINE('',#8524,#1934);
#1159=LINE('',#8528,#1935);
#1160=LINE('',#8529,#1936);
#1161=LINE('',#8530,#1937);
#1162=LINE('',#8534,#1938);
#1163=LINE('',#8535,#1939);
#1164=LINE('',#8536,#1940);
#1165=LINE('',#8538,#1941);
#1166=LINE('',#8541,#1942);
#1167=LINE('',#8542,#1943);
#1168=LINE('',#8545,#1944);
#1169=LINE('',#8546,#1945);
#1170=LINE('',#8551,#1946);
#1171=LINE('',#8558,#1947);
#1172=LINE('',#8565,#1948);
#1173=LINE('',#8572,#1949);
#1174=LINE('',#8579,#1950);
#1175=LINE('',#8586,#1951);
#1176=LINE('',#8590,#1952);
#1177=LINE('',#8593,#1953);
#1178=LINE('',#8594,#1954);
#1179=LINE('',#8596,#1955);
#1180=LINE('',#8601,#1956);
#1181=LINE('',#8603,#1957);
#1182=LINE('',#8605,#1958);
#1183=LINE('',#8606,#1959);
#1184=LINE('',#8609,#1960);
#1185=LINE('',#8611,#1961);
#1186=LINE('',#8612,#1962);
#1187=LINE('',#8615,#1963);
#1188=LINE('',#8617,#1964);
#1189=LINE('',#8618,#1965);
#1190=LINE('',#8620,#1966);
#1191=LINE('',#8621,#1967);
#1192=LINE('',#8626,#1968);
#1193=LINE('',#8628,#1969);
#1194=LINE('',#8630,#1970);
#1195=LINE('',#8631,#1971);
#1196=LINE('',#8656,#1972);
#1197=LINE('',#8681,#1973);
#1198=LINE('',#8706,#1974);
#1199=LINE('',#8731,#1975);
#1200=LINE('',#8756,#1976);
#1201=LINE('',#8781,#1977);
#1202=LINE('',#8806,#1978);
#1203=LINE('',#8831,#1979);
#1204=LINE('',#8856,#1980);
#1205=LINE('',#8881,#1981);
#1206=LINE('',#8884,#1982);
#1207=LINE('',#8886,#1983);
#1208=LINE('',#8887,#1984);
#1209=LINE('',#8912,#1985);
#1210=LINE('',#8937,#1986);
#1211=LINE('',#8962,#1987);
#1212=LINE('',#8987,#1988);
#1213=LINE('',#9012,#1989);
#1214=LINE('',#9037,#1990);
#1215=LINE('',#9062,#1991);
#1216=LINE('',#9087,#1992);
#1217=LINE('',#9112,#1993);
#1218=LINE('',#9156,#1994);
#1219=LINE('',#9163,#1995);
#1220=LINE('',#9166,#1996);
#1221=LINE('',#9168,#1997);
#1222=LINE('',#9169,#1998);
#1223=LINE('',#9173,#1999);
#1224=LINE('',#9175,#2000);
#1225=LINE('',#9177,#2001);
#1226=LINE('',#9178,#2002);
#1227=LINE('',#9181,#2003);
#1228=LINE('',#9183,#2004);
#1229=LINE('',#9184,#2005);
#1230=LINE('',#9187,#2006);
#1231=LINE('',#9189,#2007);
#1232=LINE('',#9190,#2008);
#1233=LINE('',#9193,#2009);
#1234=LINE('',#9195,#2010);
#1235=LINE('',#9196,#2011);
#1236=LINE('',#9199,#2012);
#1237=LINE('',#9201,#2013);
#1238=LINE('',#9202,#2014);
#1239=LINE('',#9205,#2015);
#1240=LINE('',#9207,#2016);
#1241=LINE('',#9208,#2017);
#1242=LINE('',#9233,#2018);
#1243=LINE('',#9235,#2019);
#1244=LINE('',#9236,#2020);
#1245=LINE('',#9239,#2021);
#1246=LINE('',#9241,#2022);
#1247=LINE('',#9242,#2023);
#1248=LINE('',#9245,#2024);
#1249=LINE('',#9247,#2025);
#1250=LINE('',#9248,#2026);
#1251=LINE('',#9250,#2027);
#1252=LINE('',#9251,#2028);
#1253=LINE('',#9256,#2029);
#1254=LINE('',#9258,#2030);
#1255=LINE('',#9260,#2031);
#1256=LINE('',#9261,#2032);
#1257=LINE('',#9264,#2033);
#1258=LINE('',#9266,#2034);
#1259=LINE('',#9267,#2035);
#1260=LINE('',#9270,#2036);
#1261=LINE('',#9272,#2037);
#1262=LINE('',#9273,#2038);
#1263=LINE('',#9276,#2039);
#1264=LINE('',#9278,#2040);
#1265=LINE('',#9279,#2041);
#1266=LINE('',#9282,#2042);
#1267=LINE('',#9284,#2043);
#1268=LINE('',#9285,#2044);
#1269=LINE('',#9288,#2045);
#1270=LINE('',#9290,#2046);
#1271=LINE('',#9291,#2047);
#1272=LINE('',#9294,#2048);
#1273=LINE('',#9296,#2049);
#1274=LINE('',#9297,#2050);
#1275=LINE('',#9299,#2051);
#1276=LINE('',#9300,#2052);
#1277=LINE('',#9305,#2053);
#1278=LINE('',#9307,#2054);
#1279=LINE('',#9309,#2055);
#1280=LINE('',#9310,#2056);
#1281=LINE('',#9313,#2057);
#1282=LINE('',#9315,#2058);
#1283=LINE('',#9316,#2059);
#1284=LINE('',#9319,#2060);
#1285=LINE('',#9321,#2061);
#1286=LINE('',#9322,#2062);
#1287=LINE('',#9325,#2063);
#1288=LINE('',#9327,#2064);
#1289=LINE('',#9328,#2065);
#1290=LINE('',#9331,#2066);
#1291=LINE('',#9333,#2067);
#1292=LINE('',#9334,#2068);
#1293=LINE('',#9337,#2069);
#1294=LINE('',#9339,#2070);
#1295=LINE('',#9340,#2071);
#1296=LINE('',#9343,#2072);
#1297=LINE('',#9345,#2073);
#1298=LINE('',#9346,#2074);
#1299=LINE('',#9349,#2075);
#1300=LINE('',#9351,#2076);
#1301=LINE('',#9352,#2077);
#1302=LINE('',#9355,#2078);
#1303=LINE('',#9357,#2079);
#1304=LINE('',#9358,#2080);
#1305=LINE('',#9361,#2081);
#1306=LINE('',#9363,#2082);
#1307=LINE('',#9364,#2083);
#1308=LINE('',#9367,#2084);
#1309=LINE('',#9369,#2085);
#1310=LINE('',#9370,#2086);
#1311=LINE('',#9372,#2087);
#1312=LINE('',#9373,#2088);
#1313=LINE('',#9395,#2089);
#1314=LINE('',#9402,#2090);
#1315=LINE('',#9427,#2091);
#1316=LINE('',#9452,#2092);
#1317=LINE('',#9477,#2093);
#1318=LINE('',#9498,#2094);
#1319=LINE('',#9505,#2095);
#1320=LINE('',#9530,#2096);
#1321=LINE('',#9555,#2097);
#1322=LINE('',#9580,#2098);
#1323=LINE('',#9605,#2099);
#1324=LINE('',#9630,#2100);
#1325=LINE('',#9655,#2101);
#1326=LINE('',#9680,#2102);
#1327=LINE('',#9705,#2103);
#1328=LINE('',#9752,#2104);
#1329=LINE('',#9777,#2105);
#1330=LINE('',#9802,#2106);
#1331=LINE('',#9827,#2107);
#1332=LINE('',#9852,#2108);
#1333=LINE('',#9896,#2109);
#1334=LINE('',#9903,#2110);
#1335=LINE('',#9928,#2111);
#1336=LINE('',#9931,#2112);
#1337=LINE('',#9933,#2113);
#1338=LINE('',#9934,#2114);
#1339=LINE('',#9937,#2115);
#1340=LINE('',#9939,#2116);
#1341=LINE('',#9940,#2117);
#1342=LINE('',#9961,#2118);
#1343=LINE('',#9968,#2119);
#1344=LINE('',#9993,#2120);
#1345=LINE('',#9996,#2121);
#1346=LINE('',#9998,#2122);
#1347=LINE('',#9999,#2123);
#1348=LINE('',#10002,#2124);
#1349=LINE('',#10004,#2125);
#1350=LINE('',#10005,#2126);
#1351=LINE('',#10008,#2127);
#1352=LINE('',#10010,#2128);
#1353=LINE('',#10011,#2129);
#1354=LINE('',#10014,#2130);
#1355=LINE('',#10016,#2131);
#1356=LINE('',#10017,#2132);
#1357=LINE('',#10041,#2133);
#1358=LINE('',#10066,#2134);
#1359=LINE('',#10091,#2135);
#1360=LINE('',#10093,#2136);
#1361=LINE('',#10094,#2137);
#1362=LINE('',#10097,#2138);
#1363=LINE('',#10099,#2139);
#1364=LINE('',#10100,#2140);
#1365=LINE('',#10125,#2141);
#1366=LINE('',#10150,#2142);
#1367=LINE('',#10175,#2143);
#1368=LINE('',#10205,#2144);
#1369=LINE('',#10207,#2145);
#1370=LINE('',#10209,#2146);
#1371=LINE('',#10210,#2147);
#1372=LINE('',#10214,#2148);
#1373=LINE('',#10215,#2149);
#1374=LINE('',#10216,#2150);
#1375=LINE('',#10220,#2151);
#1376=LINE('',#10222,#2152);
#1377=LINE('',#10224,#2153);
#1378=LINE('',#10225,#2154);
#1379=LINE('',#10227,#2155);
#1380=LINE('',#10229,#2156);
#1381=LINE('',#10231,#2157);
#1382=LINE('',#10233,#2158);
#1383=LINE('',#10235,#2159);
#1384=LINE('',#10236,#2160);
#1385=LINE('',#10239,#2161);
#1386=LINE('',#10240,#2162);
#1387=LINE('',#10244,#2163);
#1388=LINE('',#10246,#2164);
#1389=LINE('',#10248,#2165);
#1390=LINE('',#10249,#2166);
#1391=LINE('',#10250,#2167);
#1392=LINE('',#10252,#2168);
#1393=LINE('',#10254,#2169);
#1394=LINE('',#10256,#2170);
#1395=LINE('',#10258,#2171);
#1396=LINE('',#10263,#2172);
#1397=LINE('',#10265,#2173);
#1398=LINE('',#10267,#2174);
#1399=LINE('',#10268,#2175);
#1400=LINE('',#10271,#2176);
#1401=LINE('',#10273,#2177);
#1402=LINE('',#10274,#2178);
#1403=LINE('',#10277,#2179);
#1404=LINE('',#10279,#2180);
#1405=LINE('',#10280,#2181);
#1406=LINE('',#10282,#2182);
#1407=LINE('',#10283,#2183);
#1408=LINE('',#10288,#2184);
#1409=LINE('',#10290,#2185);
#1410=LINE('',#10292,#2186);
#1411=LINE('',#10293,#2187);
#1412=LINE('',#10296,#2188);
#1413=LINE('',#10298,#2189);
#1414=LINE('',#10299,#2190);
#1415=LINE('',#10302,#2191);
#1416=LINE('',#10304,#2192);
#1417=LINE('',#10305,#2193);
#1418=LINE('',#10307,#2194);
#1419=LINE('',#10308,#2195);
#1420=LINE('',#10313,#2196);
#1421=LINE('',#10315,#2197);
#1422=LINE('',#10317,#2198);
#1423=LINE('',#10318,#2199);
#1424=LINE('',#10321,#2200);
#1425=LINE('',#10323,#2201);
#1426=LINE('',#10325,#2202);
#1427=LINE('',#10326,#2203);
#1428=LINE('',#10329,#2204);
#1429=LINE('',#10331,#2205);
#1430=LINE('',#10332,#2206);
#1431=LINE('',#10336,#2207);
#1432=LINE('',#10337,#2208);
#1433=LINE('',#10338,#2209);
#1434=LINE('',#10341,#2210);
#1435=LINE('',#10342,#2211);
#1436=LINE('',#10345,#2212);
#1437=LINE('',#10346,#2213);
#1438=LINE('',#10348,#2214);
#1439=LINE('',#10351,#2215);
#1440=LINE('',#10353,#2216);
#1441=LINE('',#10354,#2217);
#1442=LINE('',#10357,#2218);
#1443=LINE('',#10359,#2219);
#1444=LINE('',#10361,#2220);
#1445=LINE('',#10363,#2221);
#1446=LINE('',#10365,#2222);
#1447=LINE('',#10367,#2223);
#1448=LINE('',#10369,#2224);
#1449=LINE('',#10370,#2225);
#1450=LINE('',#10372,#2226);
#1451=LINE('',#10374,#2227);
#1452=LINE('',#10376,#2228);
#1453=LINE('',#10377,#2229);
#1454=LINE('',#10380,#2230);
#1455=LINE('',#10382,#2231);
#1456=LINE('',#10384,#2232);
#1457=LINE('',#10385,#2233);
#1458=LINE('',#10388,#2234);
#1459=LINE('',#10390,#2235);
#1460=LINE('',#10392,#2236);
#1461=LINE('',#10393,#2237);
#1462=LINE('',#10396,#2238);
#1463=LINE('',#10397,#2239);
#1464=LINE('',#10400,#2240);
#1465=LINE('',#10401,#2241);
#1466=LINE('',#10404,#2242);
#1467=LINE('',#10405,#2243);
#1468=LINE('',#10408,#2244);
#1469=LINE('',#10409,#2245);
#1470=LINE('',#10411,#2246);
#1471=LINE('',#10414,#2247);
#1472=LINE('',#10416,#2248);
#1473=LINE('',#10418,#2249);
#1474=LINE('',#10420,#2250);
#1475=LINE('',#10422,#2251);
#1476=LINE('',#10424,#2252);
#1477=LINE('',#10425,#2253);
#1478=LINE('',#10428,#2254);
#1479=LINE('',#10430,#2255);
#1480=LINE('',#10431,#2256);
#1481=LINE('',#10434,#2257);
#1482=LINE('',#10436,#2258);
#1483=LINE('',#10437,#2259);
#1484=LINE('',#10439,#2260);
#1485=LINE('',#10440,#2261);
#1486=LINE('',#10446,#2262);
#1487=LINE('',#10448,#2263);
#1488=LINE('',#10450,#2264);
#1489=LINE('',#10451,#2265);
#1490=LINE('',#10453,#2266);
#1491=LINE('',#10454,#2267);
#1492=LINE('',#10456,#2268);
#1493=LINE('',#10457,#2269);
#1494=LINE('',#10463,#2270);
#1495=LINE('',#10465,#2271);
#1496=LINE('',#10467,#2272);
#1497=LINE('',#10468,#2273);
#1498=LINE('',#10472,#2274);
#1499=LINE('',#10474,#2275);
#1500=LINE('',#10476,#2276);
#1501=LINE('',#10478,#2277);
#1502=LINE('',#10480,#2278);
#1503=LINE('',#10482,#2279);
#1504=LINE('',#10484,#2280);
#1505=LINE('',#10485,#2281);
#1506=LINE('',#10488,#2282);
#1507=LINE('',#10490,#2283);
#1508=LINE('',#10492,#2284);
#1509=LINE('',#10494,#2285);
#1510=LINE('',#10495,#2286);
#1511=LINE('',#10496,#2287);
#1512=LINE('',#10500,#2288);
#1513=LINE('',#10502,#2289);
#1514=LINE('',#10504,#2290);
#1515=LINE('',#10506,#2291);
#1516=LINE('',#10507,#2292);
#1517=LINE('',#10508,#2293);
#1518=LINE('',#10511,#2294);
#1519=LINE('',#10512,#2295);
#1520=LINE('',#10514,#2296);
#1521=LINE('',#10515,#2297);
#1522=LINE('',#10516,#2298);
#1523=LINE('',#10519,#2299);
#1524=LINE('',#10521,#2300);
#1525=LINE('',#10522,#2301);
#1526=LINE('',#10525,#2302);
#1527=LINE('',#10526,#2303);
#1528=LINE('',#10529,#2304);
#1529=LINE('',#10531,#2305);
#1530=LINE('',#10532,#2306);
#1531=LINE('',#10534,#2307);
#1532=LINE('',#10535,#2308);
#1533=LINE('',#10538,#2309);
#1534=LINE('',#10539,#2310);
#1535=LINE('',#10542,#2311);
#1536=LINE('',#10544,#2312);
#1537=LINE('',#10545,#2313);
#1538=LINE('',#10548,#2314);
#1539=LINE('',#10549,#2315);
#1540=LINE('',#10551,#2316);
#1541=LINE('',#10554,#2317);
#1542=LINE('',#10558,#2318);
#1543=LINE('',#10560,#2319);
#1544=LINE('',#10562,#2320);
#1545=LINE('',#10563,#2321);
#1546=LINE('',#10567,#2322);
#1547=LINE('',#10569,#2323);
#1548=LINE('',#10571,#2324);
#1549=LINE('',#10572,#2325);
#1550=LINE('',#10574,#2326);
#1551=LINE('',#10575,#2327);
#1552=LINE('',#10577,#2328);
#1553=LINE('',#10578,#2329);
#1554=LINE('',#10580,#2330);
#1555=LINE('',#10581,#2331);
#1556=LINE('',#10584,#2332);
#1557=LINE('',#10585,#2333);
#1558=LINE('',#10588,#2334);
#1559=LINE('',#10590,#2335);
#1560=LINE('',#10592,#2336);
#1561=LINE('',#10593,#2337);
#1562=LINE('',#10597,#2338);
#1563=LINE('',#10599,#2339);
#1564=LINE('',#10601,#2340);
#1565=LINE('',#10602,#2341);
#1566=LINE('',#10604,#2342);
#1567=LINE('',#10605,#2343);
#1568=LINE('',#10607,#2344);
#1569=LINE('',#10610,#2345);
#1570=LINE('',#10612,#2346);
#1571=LINE('',#10614,#2347);
#1572=LINE('',#10615,#2348);
#1573=LINE('',#10618,#2349);
#1574=LINE('',#10620,#2350);
#1575=LINE('',#10622,#2351);
#1576=LINE('',#10623,#2352);
#1577=LINE('',#10624,#2353);
#1578=LINE('',#10626,#2354);
#1579=LINE('',#10627,#2355);
#1580=LINE('',#10630,#2356);
#1581=LINE('',#10632,#2357);
#1582=LINE('',#10634,#2358);
#1583=LINE('',#10636,#2359);
#1584=LINE('',#10638,#2360);
#1585=LINE('',#10640,#2361);
#1586=LINE('',#10642,#2362);
#1587=LINE('',#10644,#2363);
#1588=LINE('',#10645,#2364);
#1589=LINE('',#10648,#2365);
#1590=LINE('',#10650,#2366);
#1591=LINE('',#10652,#2367);
#1592=LINE('',#10653,#2368);
#1593=LINE('',#10654,#2369);
#1594=LINE('',#10656,#2370);
#1595=LINE('',#10657,#2371);
#1596=LINE('',#10660,#2372);
#1597=LINE('',#10661,#2373);
#1598=LINE('',#10664,#2374);
#1599=LINE('',#10665,#2375);
#1600=LINE('',#10667,#2376);
#1601=LINE('',#10670,#2377);
#1602=LINE('',#10671,#2378);
#1603=LINE('',#10674,#2379);
#1604=LINE('',#10676,#2380);
#1605=LINE('',#10677,#2381);
#1606=LINE('',#10679,#2382);
#1607=LINE('',#10682,#2383);
#1608=LINE('',#10684,#2384);
#1609=LINE('',#10686,#2385);
#1610=LINE('',#10687,#2386);
#1611=LINE('',#10689,#2387);
#1612=LINE('',#10693,#2388);
#1613=LINE('',#10695,#2389);
#1614=LINE('',#10700,#2390);
#1615=LINE('',#10702,#2391);
#1616=LINE('',#10704,#2392);
#1617=LINE('',#10705,#2393);
#1618=LINE('',#10708,#2394);
#1619=LINE('',#10710,#2395);
#1620=LINE('',#10711,#2396);
#1621=LINE('',#10714,#2397);
#1622=LINE('',#10716,#2398);
#1623=LINE('',#10718,#2399);
#1624=LINE('',#10720,#2400);
#1625=LINE('',#10722,#2401);
#1626=LINE('',#10723,#2402);
#1627=LINE('',#10726,#2403);
#1628=LINE('',#10728,#2404);
#1629=LINE('',#10730,#2405);
#1630=LINE('',#10731,#2406);
#1631=LINE('',#10734,#2407);
#1632=LINE('',#10735,#2408);
#1633=LINE('',#10738,#2409);
#1634=LINE('',#10740,#2410);
#1635=LINE('',#10741,#2411);
#1636=LINE('',#10743,#2412);
#1637=LINE('',#10746,#2413);
#1638=LINE('',#10747,#2414);
#1639=LINE('',#10750,#2415);
#1640=LINE('',#10751,#2416);
#1641=LINE('',#10754,#2417);
#1642=LINE('',#10756,#2418);
#1643=LINE('',#10757,#2419);
#1644=LINE('',#10760,#2420);
#1645=LINE('',#10761,#2421);
#1646=LINE('',#10764,#2422);
#1647=LINE('',#10765,#2423);
#1648=LINE('',#10767,#2424);
#1649=LINE('',#10770,#2425);
#1650=LINE('',#10775,#2426);
#1651=LINE('',#10777,#2427);
#1652=LINE('',#10779,#2428);
#1653=LINE('',#10780,#2429);
#1654=LINE('',#10783,#2430);
#1655=LINE('',#10785,#2431);
#1656=LINE('',#10786,#2432);
#1657=LINE('',#10789,#2433);
#1658=LINE('',#10791,#2434);
#1659=LINE('',#10792,#2435);
#1660=LINE('',#10794,#2436);
#1661=LINE('',#10795,#2437);
#1662=LINE('',#10801,#2438);
#1663=LINE('',#10803,#2439);
#1664=LINE('',#10805,#2440);
#1665=LINE('',#10806,#2441);
#1666=LINE('',#10809,#2442);
#1667=LINE('',#10811,#2443);
#1668=LINE('',#10812,#2444);
#1669=LINE('',#10815,#2445);
#1670=LINE('',#10817,#2446);
#1671=LINE('',#10818,#2447);
#1672=LINE('',#10820,#2448);
#1673=LINE('',#10821,#2449);
#1674=LINE('',#10827,#2450);
#1675=LINE('',#10829,#2451);
#1676=LINE('',#10831,#2452);
#1677=LINE('',#10832,#2453);
#1678=LINE('',#10835,#2454);
#1679=LINE('',#10837,#2455);
#1680=LINE('',#10838,#2456);
#1681=LINE('',#10841,#2457);
#1682=LINE('',#10843,#2458);
#1683=LINE('',#10844,#2459);
#1684=LINE('',#10846,#2460);
#1685=LINE('',#10847,#2461);
#1686=LINE('',#10853,#2462);
#1687=LINE('',#10855,#2463);
#1688=LINE('',#10857,#2464);
#1689=LINE('',#10858,#2465);
#1690=LINE('',#10861,#2466);
#1691=LINE('',#10863,#2467);
#1692=LINE('',#10864,#2468);
#1693=LINE('',#10867,#2469);
#1694=LINE('',#10869,#2470);
#1695=LINE('',#10870,#2471);
#1696=LINE('',#10872,#2472);
#1697=LINE('',#10873,#2473);
#1698=LINE('',#10879,#2474);
#1699=LINE('',#10881,#2475);
#1700=LINE('',#10883,#2476);
#1701=LINE('',#10884,#2477);
#1702=LINE('',#10887,#2478);
#1703=LINE('',#10889,#2479);
#1704=LINE('',#10890,#2480);
#1705=LINE('',#10893,#2481);
#1706=LINE('',#10895,#2482);
#1707=LINE('',#10896,#2483);
#1708=LINE('',#10898,#2484);
#1709=LINE('',#10899,#2485);
#1710=LINE('',#10905,#2486);
#1711=LINE('',#10907,#2487);
#1712=LINE('',#10909,#2488);
#1713=LINE('',#10910,#2489);
#1714=LINE('',#10913,#2490);
#1715=LINE('',#10915,#2491);
#1716=LINE('',#10916,#2492);
#1717=LINE('',#10919,#2493);
#1718=LINE('',#10921,#2494);
#1719=LINE('',#10922,#2495);
#1720=LINE('',#10924,#2496);
#1721=LINE('',#10925,#2497);
#1722=VECTOR('',#6721,10.);
#1723=VECTOR('',#6722,10.);
#1724=VECTOR('',#6723,10.);
#1725=VECTOR('',#6724,10.);
#1726=VECTOR('',#6727,10.);
#1727=VECTOR('',#6728,10.);
#1728=VECTOR('',#6729,10.);
#1729=VECTOR('',#6730,10.);
#1730=VECTOR('',#6733,10.);
#1731=VECTOR('',#6734,10.);
#1732=VECTOR('',#6735,10.);
#1733=VECTOR('',#6736,10.);
#1734=VECTOR('',#6737,10.);
#1735=VECTOR('',#6738,10.);
#1736=VECTOR('',#6741,10.);
#1737=VECTOR('',#6742,10.);
#1738=VECTOR('',#6743,10.);
#1739=VECTOR('',#6744,10.);
#1740=VECTOR('',#6745,10.);
#1741=VECTOR('',#6748,10.);
#1742=VECTOR('',#6749,10.);
#1743=VECTOR('',#6750,10.);
#1744=VECTOR('',#6751,10.);
#1745=VECTOR('',#6752,10.);
#1746=VECTOR('',#6753,10.);
#1747=VECTOR('',#6754,10.);
#1748=VECTOR('',#6755,10.);
#1749=VECTOR('',#6756,10.);
#1750=VECTOR('',#6757,10.);
#1751=VECTOR('',#6758,10.);
#1752=VECTOR('',#6761,10.);
#1753=VECTOR('',#6762,10.);
#1754=VECTOR('',#6763,10.);
#1755=VECTOR('',#6764,10.);
#1756=VECTOR('',#6765,10.);
#1757=VECTOR('',#6766,10.);
#1758=VECTOR('',#6767,10.);
#1759=VECTOR('',#6768,10.);
#1760=VECTOR('',#6769,10.);
#1761=VECTOR('',#6770,10.);
#1762=VECTOR('',#6771,10.);
#1763=VECTOR('',#6772,10.);
#1764=VECTOR('',#6775,10.);
#1765=VECTOR('',#6776,10.);
#1766=VECTOR('',#6777,10.);
#1767=VECTOR('',#6778,10.);
#1768=VECTOR('',#6781,10.);
#1769=VECTOR('',#6782,10.);
#1770=VECTOR('',#6783,10.);
#1771=VECTOR('',#6786,10.);
#1772=VECTOR('',#6787,10.);
#1773=VECTOR('',#6788,10.);
#1774=VECTOR('',#6791,10.);
#1775=VECTOR('',#6794,10.);
#1776=VECTOR('',#6795,10.);
#1777=VECTOR('',#6796,10.);
#1778=VECTOR('',#6797,10.);
#1779=VECTOR('',#6798,10.);
#1780=VECTOR('',#6799,10.);
#1781=VECTOR('',#6800,10.);
#1782=VECTOR('',#6801,10.);
#1783=VECTOR('',#6802,10.);
#1784=VECTOR('',#6803,10.);
#1785=VECTOR('',#6804,10.);
#1786=VECTOR('',#6805,10.);
#1787=VECTOR('',#6806,10.);
#1788=VECTOR('',#6807,10.);
#1789=VECTOR('',#6808,10.);
#1790=VECTOR('',#6809,10.);
#1791=VECTOR('',#6810,10.);
#1792=VECTOR('',#6811,10.);
#1793=VECTOR('',#6812,10.);
#1794=VECTOR('',#6813,10.);
#1795=VECTOR('',#6814,10.);
#1796=VECTOR('',#6817,10.);
#1797=VECTOR('',#6818,10.);
#1798=VECTOR('',#6819,10.);
#1799=VECTOR('',#6822,10.);
#1800=VECTOR('',#6823,10.);
#1801=VECTOR('',#6826,10.);
#1802=VECTOR('',#6827,10.);
#1803=VECTOR('',#6830,10.);
#1804=VECTOR('',#6833,10.);
#1805=VECTOR('',#6834,10.);
#1806=VECTOR('',#6835,10.);
#1807=VECTOR('',#6836,10.);
#1808=VECTOR('',#6837,10.);
#1809=VECTOR('',#6838,10.);
#1810=VECTOR('',#6841,10.);
#1811=VECTOR('',#6842,10.);
#1812=VECTOR('',#6843,10.);
#1813=VECTOR('',#6846,10.);
#1814=VECTOR('',#6847,10.);
#1815=VECTOR('',#6848,10.);
#1816=VECTOR('',#6851,10.);
#1817=VECTOR('',#6854,10.);
#1818=VECTOR('',#6857,10.);
#1819=VECTOR('',#6858,10.);
#1820=VECTOR('',#6859,10.);
#1821=VECTOR('',#6862,10.);
#1822=VECTOR('',#6863,10.);
#1823=VECTOR('',#6864,10.);
#1824=VECTOR('',#6867,10.);
#1825=VECTOR('',#6870,10.);
#1826=VECTOR('',#6873,10.);
#1827=VECTOR('',#6874,10.);
#1828=VECTOR('',#6875,10.);
#1829=VECTOR('',#6878,10.);
#1830=VECTOR('',#6879,10.);
#1831=VECTOR('',#6882,10.);
#1832=VECTOR('',#6883,10.);
#1833=VECTOR('',#6886,10.);
#1834=VECTOR('',#6891,10.);
#1835=VECTOR('',#6892,10.);
#1836=VECTOR('',#6893,10.);
#1837=VECTOR('',#6894,10.);
#1838=VECTOR('',#6897,10.);
#1839=VECTOR('',#6898,10.);
#1840=VECTOR('',#6899,10.);
#1841=VECTOR('',#6902,10.);
#1842=VECTOR('',#6903,10.);
#1843=VECTOR('',#6904,10.);
#1844=VECTOR('',#6907,10.);
#1845=VECTOR('',#6910,10.);
#1846=VECTOR('',#6913,10.);
#1847=VECTOR('',#6914,10.);
#1848=VECTOR('',#6915,10.);
#1849=VECTOR('',#6916,10.);
#1850=VECTOR('',#6917,10.);
#1851=VECTOR('',#6920,10.);
#1852=VECTOR('',#6921,10.);
#1853=VECTOR('',#6924,10.);
#1854=VECTOR('',#6925,10.);
#1855=VECTOR('',#6926,10.);
#1856=VECTOR('',#6927,10.);
#1857=VECTOR('',#6930,10.);
#1858=VECTOR('',#6931,10.);
#1859=VECTOR('',#6936,10.);
#1860=VECTOR('',#6937,10.);
#1861=VECTOR('',#6938,10.);
#1862=VECTOR('',#6939,10.);
#1863=VECTOR('',#6940,10.);
#1864=VECTOR('',#6941,10.);
#1865=VECTOR('',#6942,10.);
#1866=VECTOR('',#6945,10.);
#1867=VECTOR('',#6948,10.);
#1868=VECTOR('',#6949,10.);
#1869=VECTOR('',#6950,10.);
#1870=VECTOR('',#6951,10.);
#1871=VECTOR('',#6954,10.);
#1872=VECTOR('',#6955,10.);
#1873=VECTOR('',#6956,10.);
#1874=VECTOR('',#6957,10.);
#1875=VECTOR('',#6960,10.);
#1876=VECTOR('',#6961,10.);
#1877=VECTOR('',#6962,10.);
#1878=VECTOR('',#6963,10.);
#1879=VECTOR('',#6966,10.);
#1880=VECTOR('',#6971,10.);
#1881=VECTOR('',#6972,10.);
#1882=VECTOR('',#6975,10.);
#1883=VECTOR('',#6976,10.);
#1884=VECTOR('',#6979,10.);
#1885=VECTOR('',#6982,10.);
#1886=VECTOR('',#6985,10.);
#1887=VECTOR('',#6990,10.);
#1888=VECTOR('',#6993,10.);
#1889=VECTOR('',#6994,10.);
#1890=VECTOR('',#6997,10.);
#1891=VECTOR('',#6998,10.);
#1892=VECTOR('',#7001,10.);
#1893=VECTOR('',#7002,10.);
#1894=VECTOR('',#7005,10.);
#1895=VECTOR('',#7006,10.);
#1896=VECTOR('',#7009,10.);
#1897=VECTOR('',#7010,10.);
#1898=VECTOR('',#7013,10.);
#1899=VECTOR('',#7014,10.);
#1900=VECTOR('',#7015,10.);
#1901=VECTOR('',#7018,10.);
#1902=VECTOR('',#7021,10.);
#1903=VECTOR('',#7024,10.);
#1904=VECTOR('',#7025,10.);
#1905=VECTOR('',#7026,10.);
#1906=VECTOR('',#7029,10.);
#1907=VECTOR('',#7030,10.);
#1908=VECTOR('',#7033,10.);
#1909=VECTOR('',#7034,10.);
#1910=VECTOR('',#7037,10.);
#1911=VECTOR('',#7040,10.);
#1912=VECTOR('',#7041,10.);
#1913=VECTOR('',#7044,10.);
#1914=VECTOR('',#7049,10.);
#1915=VECTOR('',#7050,10.);
#1916=VECTOR('',#7051,10.);
#1917=VECTOR('',#7052,10.);
#1918=VECTOR('',#7055,10.);
#1919=VECTOR('',#7056,10.);
#1920=VECTOR('',#7057,10.);
#1921=VECTOR('',#7060,10.);
#1922=VECTOR('',#7061,10.);
#1923=VECTOR('',#7062,10.);
#1924=VECTOR('',#7065,10.);
#1925=VECTOR('',#7066,10.);
#1926=VECTOR('',#7067,10.);
#1927=VECTOR('',#7068,10.);
#1928=VECTOR('',#7069,10.);
#1929=VECTOR('',#7070,10.);
#1930=VECTOR('',#7071,10.);
#1931=VECTOR('',#7072,10.);
#1932=VECTOR('',#7073,10.);
#1933=VECTOR('',#7076,10.);
#1934=VECTOR('',#7077,10.);
#1935=VECTOR('',#7080,10.);
#1936=VECTOR('',#7081,10.);
#1937=VECTOR('',#7082,10.);
#1938=VECTOR('',#7085,10.);
#1939=VECTOR('',#7086,10.);
#1940=VECTOR('',#7087,10.);
#1941=VECTOR('',#7090,10.);
#1942=VECTOR('',#7093,10.);
#1943=VECTOR('',#7094,10.);
#1944=VECTOR('',#7097,10.);
#1945=VECTOR('',#7098,10.);
#1946=VECTOR('',#7103,3.);
#1947=VECTOR('',#7112,3.);
#1948=VECTOR('',#7121,3.);
#1949=VECTOR('',#7130,3.);
#1950=VECTOR('',#7139,3.);
#1951=VECTOR('',#7148,3.);
#1952=VECTOR('',#7155,10.);
#1953=VECTOR('',#7158,10.);
#1954=VECTOR('',#7159,10.);
#1955=VECTOR('',#7162,10.);
#1956=VECTOR('',#7167,10.);
#1957=VECTOR('',#7168,10.);
#1958=VECTOR('',#7169,10.);
#1959=VECTOR('',#7170,10.);
#1960=VECTOR('',#7173,10.);
#1961=VECTOR('',#7174,10.);
#1962=VECTOR('',#7175,10.);
#1963=VECTOR('',#7178,10.);
#1964=VECTOR('',#7179,10.);
#1965=VECTOR('',#7180,10.);
#1966=VECTOR('',#7183,10.);
#1967=VECTOR('',#7184,10.);
#1968=VECTOR('',#7189,10.);
#1969=VECTOR('',#7190,10.);
#1970=VECTOR('',#7191,10.);
#1971=VECTOR('',#7192,10.);
#1972=VECTOR('',#7193,10.);
#1973=VECTOR('',#7194,10.);
#1974=VECTOR('',#7195,10.);
#1975=VECTOR('',#7196,10.);
#1976=VECTOR('',#7197,10.);
#1977=VECTOR('',#7198,10.);
#1978=VECTOR('',#7199,10.);
#1979=VECTOR('',#7200,10.);
#1980=VECTOR('',#7201,10.);
#1981=VECTOR('',#7202,10.);
#1982=VECTOR('',#7205,10.);
#1983=VECTOR('',#7206,10.);
#1984=VECTOR('',#7207,10.);
#1985=VECTOR('',#7208,10.);
#1986=VECTOR('',#7209,10.);
#1987=VECTOR('',#7210,10.);
#1988=VECTOR('',#7211,10.);
#1989=VECTOR('',#7212,10.);
#1990=VECTOR('',#7213,10.);
#1991=VECTOR('',#7214,10.);
#1992=VECTOR('',#7215,10.);
#1993=VECTOR('',#7216,10.);
#1994=VECTOR('',#7219,10.);
#1995=VECTOR('',#7220,10.);
#1996=VECTOR('',#7223,10.);
#1997=VECTOR('',#7224,10.);
#1998=VECTOR('',#7225,10.);
#1999=VECTOR('',#7228,10.);
#2000=VECTOR('',#7229,10.);
#2001=VECTOR('',#7230,10.);
#2002=VECTOR('',#7231,10.);
#2003=VECTOR('',#7234,10.);
#2004=VECTOR('',#7235,10.);
#2005=VECTOR('',#7236,10.);
#2006=VECTOR('',#7239,10.);
#2007=VECTOR('',#7240,10.);
#2008=VECTOR('',#7241,10.);
#2009=VECTOR('',#7244,10.);
#2010=VECTOR('',#7245,10.);
#2011=VECTOR('',#7246,10.);
#2012=VECTOR('',#7249,10.);
#2013=VECTOR('',#7250,10.);
#2014=VECTOR('',#7251,10.);
#2015=VECTOR('',#7254,10.);
#2016=VECTOR('',#7255,10.);
#2017=VECTOR('',#7256,10.);
#2018=VECTOR('',#7259,10.);
#2019=VECTOR('',#7260,10.);
#2020=VECTOR('',#7261,10.);
#2021=VECTOR('',#7264,10.);
#2022=VECTOR('',#7265,10.);
#2023=VECTOR('',#7266,10.);
#2024=VECTOR('',#7269,10.);
#2025=VECTOR('',#7270,10.);
#2026=VECTOR('',#7271,10.);
#2027=VECTOR('',#7274,10.);
#2028=VECTOR('',#7275,10.);
#2029=VECTOR('',#7280,10.);
#2030=VECTOR('',#7281,10.);
#2031=VECTOR('',#7282,10.);
#2032=VECTOR('',#7283,10.);
#2033=VECTOR('',#7286,10.);
#2034=VECTOR('',#7287,10.);
#2035=VECTOR('',#7288,10.);
#2036=VECTOR('',#7291,10.);
#2037=VECTOR('',#7292,10.);
#2038=VECTOR('',#7293,10.);
#2039=VECTOR('',#7296,10.);
#2040=VECTOR('',#7297,10.);
#2041=VECTOR('',#7298,10.);
#2042=VECTOR('',#7301,10.);
#2043=VECTOR('',#7302,10.);
#2044=VECTOR('',#7303,10.);
#2045=VECTOR('',#7306,10.);
#2046=VECTOR('',#7307,10.);
#2047=VECTOR('',#7308,10.);
#2048=VECTOR('',#7311,10.);
#2049=VECTOR('',#7312,10.);
#2050=VECTOR('',#7313,10.);
#2051=VECTOR('',#7316,10.);
#2052=VECTOR('',#7317,10.);
#2053=VECTOR('',#7322,10.);
#2054=VECTOR('',#7323,10.);
#2055=VECTOR('',#7324,10.);
#2056=VECTOR('',#7325,10.);
#2057=VECTOR('',#7328,10.);
#2058=VECTOR('',#7329,10.);
#2059=VECTOR('',#7330,10.);
#2060=VECTOR('',#7333,10.);
#2061=VECTOR('',#7334,10.);
#2062=VECTOR('',#7335,10.);
#2063=VECTOR('',#7338,10.);
#2064=VECTOR('',#7339,10.);
#2065=VECTOR('',#7340,10.);
#2066=VECTOR('',#7343,10.);
#2067=VECTOR('',#7344,10.);
#2068=VECTOR('',#7345,10.);
#2069=VECTOR('',#7348,10.);
#2070=VECTOR('',#7349,10.);
#2071=VECTOR('',#7350,10.);
#2072=VECTOR('',#7353,10.);
#2073=VECTOR('',#7354,10.);
#2074=VECTOR('',#7355,10.);
#2075=VECTOR('',#7358,10.);
#2076=VECTOR('',#7359,10.);
#2077=VECTOR('',#7360,10.);
#2078=VECTOR('',#7363,10.);
#2079=VECTOR('',#7364,10.);
#2080=VECTOR('',#7365,10.);
#2081=VECTOR('',#7368,10.);
#2082=VECTOR('',#7369,10.);
#2083=VECTOR('',#7370,10.);
#2084=VECTOR('',#7373,10.);
#2085=VECTOR('',#7374,10.);
#2086=VECTOR('',#7375,10.);
#2087=VECTOR('',#7378,10.);
#2088=VECTOR('',#7379,10.);
#2089=VECTOR('',#7382,10.);
#2090=VECTOR('',#7383,10.);
#2091=VECTOR('',#7384,10.);
#2092=VECTOR('',#7385,10.);
#2093=VECTOR('',#7386,10.);
#2094=VECTOR('',#7387,10.);
#2095=VECTOR('',#7388,10.);
#2096=VECTOR('',#7389,10.);
#2097=VECTOR('',#7390,10.);
#2098=VECTOR('',#7391,10.);
#2099=VECTOR('',#7392,10.);
#2100=VECTOR('',#7393,10.);
#2101=VECTOR('',#7394,10.);
#2102=VECTOR('',#7395,10.);
#2103=VECTOR('',#7396,10.);
#2104=VECTOR('',#7397,10.);
#2105=VECTOR('',#7398,10.);
#2106=VECTOR('',#7399,10.);
#2107=VECTOR('',#7400,10.);
#2108=VECTOR('',#7401,10.);
#2109=VECTOR('',#7404,10.);
#2110=VECTOR('',#7405,10.);
#2111=VECTOR('',#7406,10.);
#2112=VECTOR('',#7409,10.);
#2113=VECTOR('',#7410,10.);
#2114=VECTOR('',#7411,10.);
#2115=VECTOR('',#7414,10.);
#2116=VECTOR('',#7415,10.);
#2117=VECTOR('',#7416,10.);
#2118=VECTOR('',#7417,10.);
#2119=VECTOR('',#7418,10.);
#2120=VECTOR('',#7419,10.);
#2121=VECTOR('',#7422,10.);
#2122=VECTOR('',#7423,10.);
#2123=VECTOR('',#7424,10.);
#2124=VECTOR('',#7427,10.);
#2125=VECTOR('',#7428,10.);
#2126=VECTOR('',#7429,10.);
#2127=VECTOR('',#7432,10.);
#2128=VECTOR('',#7433,10.);
#2129=VECTOR('',#7434,10.);
#2130=VECTOR('',#7437,10.);
#2131=VECTOR('',#7438,10.);
#2132=VECTOR('',#7439,10.);
#2133=VECTOR('',#7440,10.);
#2134=VECTOR('',#7441,10.);
#2135=VECTOR('',#7444,10.);
#2136=VECTOR('',#7445,10.);
#2137=VECTOR('',#7446,10.);
#2138=VECTOR('',#7449,10.);
#2139=VECTOR('',#7450,10.);
#2140=VECTOR('',#7451,10.);
#2141=VECTOR('',#7452,10.);
#2142=VECTOR('',#7453,10.);
#2143=VECTOR('',#7454,10.);
#2144=VECTOR('',#7465,10.);
#2145=VECTOR('',#7466,10.);
#2146=VECTOR('',#7467,10.);
#2147=VECTOR('',#7468,10.);
#2148=VECTOR('',#7471,10.);
#2149=VECTOR('',#7472,10.);
#2150=VECTOR('',#7473,10.);
#2151=VECTOR('',#7476,10.);
#2152=VECTOR('',#7477,10.);
#2153=VECTOR('',#7478,10.);
#2154=VECTOR('',#7479,10.);
#2155=VECTOR('',#7480,10.);
#2156=VECTOR('',#7481,10.);
#2157=VECTOR('',#7482,10.);
#2158=VECTOR('',#7483,10.);
#2159=VECTOR('',#7484,10.);
#2160=VECTOR('',#7485,10.);
#2161=VECTOR('',#7488,10.);
#2162=VECTOR('',#7489,10.);
#2163=VECTOR('',#7492,10.);
#2164=VECTOR('',#7493,10.);
#2165=VECTOR('',#7494,10.);
#2166=VECTOR('',#7495,10.);
#2167=VECTOR('',#7496,10.);
#2168=VECTOR('',#7499,10.);
#2169=VECTOR('',#7502,10.);
#2170=VECTOR('',#7505,10.);
#2171=VECTOR('',#7508,10.);
#2172=VECTOR('',#7513,10.);
#2173=VECTOR('',#7514,10.);
#2174=VECTOR('',#7515,10.);
#2175=VECTOR('',#7516,10.);
#2176=VECTOR('',#7519,10.);
#2177=VECTOR('',#7520,10.);
#2178=VECTOR('',#7521,10.);
#2179=VECTOR('',#7524,10.);
#2180=VECTOR('',#7525,10.);
#2181=VECTOR('',#7526,10.);
#2182=VECTOR('',#7529,10.);
#2183=VECTOR('',#7530,10.);
#2184=VECTOR('',#7535,10.);
#2185=VECTOR('',#7536,10.);
#2186=VECTOR('',#7537,10.);
#2187=VECTOR('',#7538,10.);
#2188=VECTOR('',#7541,10.);
#2189=VECTOR('',#7542,10.);
#2190=VECTOR('',#7543,10.);
#2191=VECTOR('',#7546,10.);
#2192=VECTOR('',#7547,10.);
#2193=VECTOR('',#7548,10.);
#2194=VECTOR('',#7551,10.);
#2195=VECTOR('',#7552,10.);
#2196=VECTOR('',#7557,10.);
#2197=VECTOR('',#7558,10.);
#2198=VECTOR('',#7559,10.);
#2199=VECTOR('',#7560,10.);
#2200=VECTOR('',#7561,10.);
#2201=VECTOR('',#7562,10.);
#2202=VECTOR('',#7563,10.);
#2203=VECTOR('',#7564,10.);
#2204=VECTOR('',#7567,10.);
#2205=VECTOR('',#7568,10.);
#2206=VECTOR('',#7569,10.);
#2207=VECTOR('',#7572,10.);
#2208=VECTOR('',#7573,10.);
#2209=VECTOR('',#7574,10.);
#2210=VECTOR('',#7577,10.);
#2211=VECTOR('',#7578,10.);
#2212=VECTOR('',#7581,10.);
#2213=VECTOR('',#7582,10.);
#2214=VECTOR('',#7585,10.);
#2215=VECTOR('',#7588,10.);
#2216=VECTOR('',#7589,10.);
#2217=VECTOR('',#7590,10.);
#2218=VECTOR('',#7593,10.);
#2219=VECTOR('',#7594,10.);
#2220=VECTOR('',#7595,10.);
#2221=VECTOR('',#7596,10.);
#2222=VECTOR('',#7597,10.);
#2223=VECTOR('',#7598,10.);
#2224=VECTOR('',#7599,10.);
#2225=VECTOR('',#7600,10.);
#2226=VECTOR('',#7601,10.);
#2227=VECTOR('',#7602,10.);
#2228=VECTOR('',#7603,10.);
#2229=VECTOR('',#7604,10.);
#2230=VECTOR('',#7605,10.);
#2231=VECTOR('',#7606,10.);
#2232=VECTOR('',#7607,10.);
#2233=VECTOR('',#7608,10.);
#2234=VECTOR('',#7609,10.);
#2235=VECTOR('',#7610,10.);
#2236=VECTOR('',#7611,10.);
#2237=VECTOR('',#7612,10.);
#2238=VECTOR('',#7615,10.);
#2239=VECTOR('',#7616,10.);
#2240=VECTOR('',#7619,10.);
#2241=VECTOR('',#7620,10.);
#2242=VECTOR('',#7623,10.);
#2243=VECTOR('',#7624,10.);
#2244=VECTOR('',#7627,10.);
#2245=VECTOR('',#7628,10.);
#2246=VECTOR('',#7631,10.);
#2247=VECTOR('',#7634,10.);
#2248=VECTOR('',#7635,10.);
#2249=VECTOR('',#7636,10.);
#2250=VECTOR('',#7637,10.);
#2251=VECTOR('',#7638,10.);
#2252=VECTOR('',#7639,10.);
#2253=VECTOR('',#7640,10.);
#2254=VECTOR('',#7643,10.);
#2255=VECTOR('',#7644,10.);
#2256=VECTOR('',#7645,10.);
#2257=VECTOR('',#7648,10.);
#2258=VECTOR('',#7649,10.);
#2259=VECTOR('',#7650,10.);
#2260=VECTOR('',#7653,10.);
#2261=VECTOR('',#7654,10.);
#2262=VECTOR('',#7661,10.);
#2263=VECTOR('',#7662,10.);
#2264=VECTOR('',#7663,10.);
#2265=VECTOR('',#7664,10.);
#2266=VECTOR('',#7667,10.);
#2267=VECTOR('',#7668,10.);
#2268=VECTOR('',#7671,10.);
#2269=VECTOR('',#7672,10.);
#2270=VECTOR('',#7679,10.);
#2271=VECTOR('',#7680,10.);
#2272=VECTOR('',#7681,10.);
#2273=VECTOR('',#7682,10.);
#2274=VECTOR('',#7685,10.);
#2275=VECTOR('',#7686,10.);
#2276=VECTOR('',#7687,10.);
#2277=VECTOR('',#7688,10.);
#2278=VECTOR('',#7689,10.);
#2279=VECTOR('',#7690,10.);
#2280=VECTOR('',#7691,10.);
#2281=VECTOR('',#7692,10.);
#2282=VECTOR('',#7695,10.);
#2283=VECTOR('',#7696,10.);
#2284=VECTOR('',#7697,10.);
#2285=VECTOR('',#7698,10.);
#2286=VECTOR('',#7699,10.);
#2287=VECTOR('',#7700,10.);
#2288=VECTOR('',#7703,10.);
#2289=VECTOR('',#7704,10.);
#2290=VECTOR('',#7705,10.);
#2291=VECTOR('',#7706,10.);
#2292=VECTOR('',#7707,10.);
#2293=VECTOR('',#7708,10.);
#2294=VECTOR('',#7711,10.);
#2295=VECTOR('',#7712,10.);
#2296=VECTOR('',#7715,10.);
#2297=VECTOR('',#7716,10.);
#2298=VECTOR('',#7717,10.);
#2299=VECTOR('',#7720,10.);
#2300=VECTOR('',#7721,10.);
#2301=VECTOR('',#7722,10.);
#2302=VECTOR('',#7725,10.);
#2303=VECTOR('',#7726,10.);
#2304=VECTOR('',#7729,10.);
#2305=VECTOR('',#7730,10.);
#2306=VECTOR('',#7731,10.);
#2307=VECTOR('',#7732,10.);
#2308=VECTOR('',#7733,10.);
#2309=VECTOR('',#7736,10.);
#2310=VECTOR('',#7737,10.);
#2311=VECTOR('',#7740,10.);
#2312=VECTOR('',#7741,10.);
#2313=VECTOR('',#7742,10.);
#2314=VECTOR('',#7745,10.);
#2315=VECTOR('',#7746,10.);
#2316=VECTOR('',#7749,10.);
#2317=VECTOR('',#7754,10.);
#2318=VECTOR('',#7757,10.);
#2319=VECTOR('',#7758,10.);
#2320=VECTOR('',#7759,10.);
#2321=VECTOR('',#7760,10.);
#2322=VECTOR('',#7763,10.);
#2323=VECTOR('',#7764,10.);
#2324=VECTOR('',#7765,10.);
#2325=VECTOR('',#7766,10.);
#2326=VECTOR('',#7769,10.);
#2327=VECTOR('',#7770,10.);
#2328=VECTOR('',#7773,10.);
#2329=VECTOR('',#7774,10.);
#2330=VECTOR('',#7777,10.);
#2331=VECTOR('',#7778,10.);
#2332=VECTOR('',#7781,10.);
#2333=VECTOR('',#7782,10.);
#2334=VECTOR('',#7785,10.);
#2335=VECTOR('',#7786,10.);
#2336=VECTOR('',#7787,10.);
#2337=VECTOR('',#7788,10.);
#2338=VECTOR('',#7791,10.);
#2339=VECTOR('',#7792,10.);
#2340=VECTOR('',#7793,10.);
#2341=VECTOR('',#7794,10.);
#2342=VECTOR('',#7797,10.);
#2343=VECTOR('',#7798,10.);
#2344=VECTOR('',#7801,10.);
#2345=VECTOR('',#7804,10.);
#2346=VECTOR('',#7805,10.);
#2347=VECTOR('',#7806,10.);
#2348=VECTOR('',#7807,10.);
#2349=VECTOR('',#7810,10.);
#2350=VECTOR('',#7811,10.);
#2351=VECTOR('',#7812,10.);
#2352=VECTOR('',#7813,10.);
#2353=VECTOR('',#7814,10.);
#2354=VECTOR('',#7817,10.);
#2355=VECTOR('',#7818,10.);
#2356=VECTOR('',#7821,10.);
#2357=VECTOR('',#7822,10.);
#2358=VECTOR('',#7823,10.);
#2359=VECTOR('',#7824,10.);
#2360=VECTOR('',#7825,10.);
#2361=VECTOR('',#7826,10.);
#2362=VECTOR('',#7827,10.);
#2363=VECTOR('',#7828,10.);
#2364=VECTOR('',#7829,10.);
#2365=VECTOR('',#7832,10.);
#2366=VECTOR('',#7833,10.);
#2367=VECTOR('',#7834,10.);
#2368=VECTOR('',#7835,10.);
#2369=VECTOR('',#7836,10.);
#2370=VECTOR('',#7837,10.);
#2371=VECTOR('',#7838,10.);
#2372=VECTOR('',#7841,10.);
#2373=VECTOR('',#7842,10.);
#2374=VECTOR('',#7845,10.);
#2375=VECTOR('',#7846,10.);
#2376=VECTOR('',#7849,10.);
#2377=VECTOR('',#7852,10.);
#2378=VECTOR('',#7853,10.);
#2379=VECTOR('',#7856,10.);
#2380=VECTOR('',#7857,10.);
#2381=VECTOR('',#7858,10.);
#2382=VECTOR('',#7861,10.);
#2383=VECTOR('',#7864,10.);
#2384=VECTOR('',#7865,10.);
#2385=VECTOR('',#7866,10.);
#2386=VECTOR('',#7867,10.);
#2387=VECTOR('',#7870,10.);
#2388=VECTOR('',#7877,10.);
#2389=VECTOR('',#7880,10.);
#2390=VECTOR('',#7885,10.);
#2391=VECTOR('',#7886,10.);
#2392=VECTOR('',#7887,10.);
#2393=VECTOR('',#7888,10.);
#2394=VECTOR('',#7891,10.);
#2395=VECTOR('',#7892,10.);
#2396=VECTOR('',#7893,10.);
#2397=VECTOR('',#7896,10.);
#2398=VECTOR('',#7897,10.);
#2399=VECTOR('',#7898,10.);
#2400=VECTOR('',#7899,10.);
#2401=VECTOR('',#7900,10.);
#2402=VECTOR('',#7901,10.);
#2403=VECTOR('',#7902,10.);
#2404=VECTOR('',#7903,10.);
#2405=VECTOR('',#7904,10.);
#2406=VECTOR('',#7905,10.);
#2407=VECTOR('',#7908,10.);
#2408=VECTOR('',#7909,10.);
#2409=VECTOR('',#7912,10.);
#2410=VECTOR('',#7913,10.);
#2411=VECTOR('',#7914,10.);
#2412=VECTOR('',#7917,10.);
#2413=VECTOR('',#7920,10.);
#2414=VECTOR('',#7921,10.);
#2415=VECTOR('',#7924,10.);
#2416=VECTOR('',#7925,10.);
#2417=VECTOR('',#7928,10.);
#2418=VECTOR('',#7929,10.);
#2419=VECTOR('',#7930,10.);
#2420=VECTOR('',#7933,10.);
#2421=VECTOR('',#7934,10.);
#2422=VECTOR('',#7937,10.);
#2423=VECTOR('',#7938,10.);
#2424=VECTOR('',#7941,10.);
#2425=VECTOR('',#7946,10.);
#2426=VECTOR('',#7951,10.);
#2427=VECTOR('',#7952,10.);
#2428=VECTOR('',#7953,10.);
#2429=VECTOR('',#7954,10.);
#2430=VECTOR('',#7957,10.);
#2431=VECTOR('',#7958,10.);
#2432=VECTOR('',#7959,10.);
#2433=VECTOR('',#7962,10.);
#2434=VECTOR('',#7963,10.);
#2435=VECTOR('',#7964,10.);
#2436=VECTOR('',#7967,10.);
#2437=VECTOR('',#7968,10.);
#2438=VECTOR('',#7975,10.);
#2439=VECTOR('',#7976,10.);
#2440=VECTOR('',#7977,10.);
#2441=VECTOR('',#7978,10.);
#2442=VECTOR('',#7981,10.);
#2443=VECTOR('',#7982,10.);
#2444=VECTOR('',#7983,10.);
#2445=VECTOR('',#7986,10.);
#2446=VECTOR('',#7987,10.);
#2447=VECTOR('',#7988,10.);
#2448=VECTOR('',#7991,10.);
#2449=VECTOR('',#7992,10.);
#2450=VECTOR('',#7999,10.);
#2451=VECTOR('',#8000,10.);
#2452=VECTOR('',#8001,10.);
#2453=VECTOR('',#8002,10.);
#2454=VECTOR('',#8005,10.);
#2455=VECTOR('',#8006,10.);
#2456=VECTOR('',#8007,10.);
#2457=VECTOR('',#8010,10.);
#2458=VECTOR('',#8011,10.);
#2459=VECTOR('',#8012,10.);
#2460=VECTOR('',#8015,10.);
#2461=VECTOR('',#8016,10.);
#2462=VECTOR('',#8023,10.);
#2463=VECTOR('',#8024,10.);
#2464=VECTOR('',#8025,10.);
#2465=VECTOR('',#8026,10.);
#2466=VECTOR('',#8029,10.);
#2467=VECTOR('',#8030,10.);
#2468=VECTOR('',#8031,10.);
#2469=VECTOR('',#8034,10.);
#2470=VECTOR('',#8035,10.);
#2471=VECTOR('',#8036,10.);
#2472=VECTOR('',#8039,10.);
#2473=VECTOR('',#8040,10.);
#2474=VECTOR('',#8047,10.);
#2475=VECTOR('',#8048,10.);
#2476=VECTOR('',#8049,10.);
#2477=VECTOR('',#8050,10.);
#2478=VECTOR('',#8053,10.);
#2479=VECTOR('',#8054,10.);
#2480=VECTOR('',#8055,10.);
#2481=VECTOR('',#8058,10.);
#2482=VECTOR('',#8059,10.);
#2483=VECTOR('',#8060,10.);
#2484=VECTOR('',#8063,10.);
#2485=VECTOR('',#8064,10.);
#2486=VECTOR('',#8071,10.);
#2487=VECTOR('',#8072,10.);
#2488=VECTOR('',#8073,10.);
#2489=VECTOR('',#8074,10.);
#2490=VECTOR('',#8077,10.);
#2491=VECTOR('',#8078,10.);
#2492=VECTOR('',#8079,10.);
#2493=VECTOR('',#8082,10.);
#2494=VECTOR('',#8083,10.);
#2495=VECTOR('',#8084,10.);
#2496=VECTOR('',#8087,10.);
#2497=VECTOR('',#8088,10.);
#2498=VERTEX_POINT('',#8095);
#2499=VERTEX_POINT('',#8096);
#2500=VERTEX_POINT('',#8098);
#2501=VERTEX_POINT('',#8100);
#2502=VERTEX_POINT('',#8104);
#2503=VERTEX_POINT('',#8105);
#2504=VERTEX_POINT('',#8107);
#2505=VERTEX_POINT('',#8109);
#2506=VERTEX_POINT('',#8114);
#2507=VERTEX_POINT('',#8116);
#2508=VERTEX_POINT('',#8118);
#2509=VERTEX_POINT('',#8120);
#2510=VERTEX_POINT('',#8124);
#2511=VERTEX_POINT('',#8126);
#2512=VERTEX_POINT('',#8128);
#2513=VERTEX_POINT('',#8130);
#2514=VERTEX_POINT('',#8134);
#2515=VERTEX_POINT('',#8136);
#2516=VERTEX_POINT('',#8138);
#2517=VERTEX_POINT('',#8140);
#2518=VERTEX_POINT('',#8142);
#2519=VERTEX_POINT('',#8144);
#2520=VERTEX_POINT('',#8146);
#2521=VERTEX_POINT('',#8148);
#2522=VERTEX_POINT('',#8150);
#2523=VERTEX_POINT('',#8152);
#2524=VERTEX_POINT('',#8156);
#2525=VERTEX_POINT('',#8158);
#2526=VERTEX_POINT('',#8160);
#2527=VERTEX_POINT('',#8162);
#2528=VERTEX_POINT('',#8164);
#2529=VERTEX_POINT('',#8166);
#2530=VERTEX_POINT('',#8168);
#2531=VERTEX_POINT('',#8170);
#2532=VERTEX_POINT('',#8172);
#2533=VERTEX_POINT('',#8174);
#2534=VERTEX_POINT('',#8176);
#2535=VERTEX_POINT('',#8180);
#2536=VERTEX_POINT('',#8181);
#2537=VERTEX_POINT('',#8183);
#2538=VERTEX_POINT('',#8185);
#2539=VERTEX_POINT('',#8189);
#2540=VERTEX_POINT('',#8191);
#2541=VERTEX_POINT('',#8195);
#2542=VERTEX_POINT('',#8197);
#2543=VERTEX_POINT('',#8203);
#2544=VERTEX_POINT('',#8205);
#2545=VERTEX_POINT('',#8207);
#2546=VERTEX_POINT('',#8209);
#2547=VERTEX_POINT('',#8211);
#2548=VERTEX_POINT('',#8213);
#2549=VERTEX_POINT('',#8215);
#2550=VERTEX_POINT('',#8217);
#2551=VERTEX_POINT('',#8219);
#2552=VERTEX_POINT('',#8221);
#2553=VERTEX_POINT('',#8223);
#2554=VERTEX_POINT('',#8226);
#2555=VERTEX_POINT('',#8228);
#2556=VERTEX_POINT('',#8230);
#2557=VERTEX_POINT('',#8232);
#2558=VERTEX_POINT('',#8235);
#2559=VERTEX_POINT('',#8236);
#2560=VERTEX_POINT('',#8238);
#2561=VERTEX_POINT('',#8240);
#2562=VERTEX_POINT('',#8244);
#2563=VERTEX_POINT('',#8246);
#2564=VERTEX_POINT('',#8250);
#2565=VERTEX_POINT('',#8254);
#2566=VERTEX_POINT('',#8260);
#2567=VERTEX_POINT('',#8263);
#2568=VERTEX_POINT('',#8264);
#2569=VERTEX_POINT('',#8266);
#2570=VERTEX_POINT('',#8268);
#2571=VERTEX_POINT('',#8272);
#2572=VERTEX_POINT('',#8274);
#2573=VERTEX_POINT('',#8278);
#2574=VERTEX_POINT('',#8280);
#2575=VERTEX_POINT('',#8288);
#2576=VERTEX_POINT('',#8290);
#2577=VERTEX_POINT('',#8294);
#2578=VERTEX_POINT('',#8296);
#2579=VERTEX_POINT('',#8304);
#2580=VERTEX_POINT('',#8306);
#2581=VERTEX_POINT('',#8310);
#2582=VERTEX_POINT('',#8314);
#2583=VERTEX_POINT('',#8321);
#2584=VERTEX_POINT('',#8322);
#2585=VERTEX_POINT('',#8324);
#2586=VERTEX_POINT('',#8326);
#2587=VERTEX_POINT('',#8330);
#2588=VERTEX_POINT('',#8332);
#2589=VERTEX_POINT('',#8336);
#2590=VERTEX_POINT('',#8338);
#2591=VERTEX_POINT('',#8346);
#2592=VERTEX_POINT('',#8347);
#2593=VERTEX_POINT('',#8350);
#2594=VERTEX_POINT('',#8352);
#2595=VERTEX_POINT('',#8356);
#2596=VERTEX_POINT('',#8360);
#2597=VERTEX_POINT('',#8361);
#2598=VERTEX_POINT('',#8363);
#2599=VERTEX_POINT('',#8372);
#2600=VERTEX_POINT('',#8374);
#2601=VERTEX_POINT('',#8377);
#2602=VERTEX_POINT('',#8379);
#2603=VERTEX_POINT('',#8381);
#2604=VERTEX_POINT('',#8387);
#2605=VERTEX_POINT('',#8388);
#2606=VERTEX_POINT('',#8390);
#2607=VERTEX_POINT('',#8392);
#2608=VERTEX_POINT('',#8396);
#2609=VERTEX_POINT('',#8399);
#2610=VERTEX_POINT('',#8403);
#2611=VERTEX_POINT('',#8405);
#2612=VERTEX_POINT('',#8413);
#2613=VERTEX_POINT('',#8417);
#2614=VERTEX_POINT('',#8430);
#2615=VERTEX_POINT('',#8434);
#2616=VERTEX_POINT('',#8438);
#2617=VERTEX_POINT('',#8442);
#2618=VERTEX_POINT('',#8446);
#2619=VERTEX_POINT('',#8450);
#2620=VERTEX_POINT('',#8452);
#2621=VERTEX_POINT('',#8460);
#2622=VERTEX_POINT('',#8461);
#2623=VERTEX_POINT('',#8466);
#2624=VERTEX_POINT('',#8470);
#2625=VERTEX_POINT('',#8476);
#2626=VERTEX_POINT('',#8483);
#2627=VERTEX_POINT('',#8484);
#2628=VERTEX_POINT('',#8486);
#2629=VERTEX_POINT('',#8488);
#2630=VERTEX_POINT('',#8492);
#2631=VERTEX_POINT('',#8494);
#2632=VERTEX_POINT('',#8498);
#2633=VERTEX_POINT('',#8500);
#2634=VERTEX_POINT('',#8504);
#2635=VERTEX_POINT('',#8506);
#2636=VERTEX_POINT('',#8508);
#2637=VERTEX_POINT('',#8510);
#2638=VERTEX_POINT('',#8512);
#2639=VERTEX_POINT('',#8514);
#2640=VERTEX_POINT('',#8516);
#2641=VERTEX_POINT('',#8518);
#2642=VERTEX_POINT('',#8522);
#2643=VERTEX_POINT('',#8526);
#2644=VERTEX_POINT('',#8527);
#2645=VERTEX_POINT('',#8532);
#2646=VERTEX_POINT('',#8533);
#2647=VERTEX_POINT('',#8540);
#2648=VERTEX_POINT('',#8544);
#2649=VERTEX_POINT('',#8548);
#2650=VERTEX_POINT('',#8550);
#2651=VERTEX_POINT('',#8555);
#2652=VERTEX_POINT('',#8557);
#2653=VERTEX_POINT('',#8562);
#2654=VERTEX_POINT('',#8564);
#2655=VERTEX_POINT('',#8569);
#2656=VERTEX_POINT('',#8571);
#2657=VERTEX_POINT('',#8576);
#2658=VERTEX_POINT('',#8578);
#2659=VERTEX_POINT('',#8583);
#2660=VERTEX_POINT('',#8585);
#2661=VERTEX_POINT('',#8592);
#2662=VERTEX_POINT('',#8599);
#2663=VERTEX_POINT('',#8600);
#2664=VERTEX_POINT('',#8602);
#2665=VERTEX_POINT('',#8604);
#2666=VERTEX_POINT('',#8608);
#2667=VERTEX_POINT('',#8610);
#2668=VERTEX_POINT('',#8614);
#2669=VERTEX_POINT('',#8616);
#2670=VERTEX_POINT('',#8624);
#2671=VERTEX_POINT('',#8625);
#2672=VERTEX_POINT('',#8627);
#2673=VERTEX_POINT('',#8629);
#2674=VERTEX_POINT('',#8642);
#2675=VERTEX_POINT('',#8650);
#2676=VERTEX_POINT('',#8667);
#2677=VERTEX_POINT('',#8675);
#2678=VERTEX_POINT('',#8692);
#2679=VERTEX_POINT('',#8700);
#2680=VERTEX_POINT('',#8717);
#2681=VERTEX_POINT('',#8725);
#2682=VERTEX_POINT('',#8742);
#2683=VERTEX_POINT('',#8750);
#2684=VERTEX_POINT('',#8767);
#2685=VERTEX_POINT('',#8775);
#2686=VERTEX_POINT('',#8792);
#2687=VERTEX_POINT('',#8800);
#2688=VERTEX_POINT('',#8817);
#2689=VERTEX_POINT('',#8825);
#2690=VERTEX_POINT('',#8842);
#2691=VERTEX_POINT('',#8850);
#2692=VERTEX_POINT('',#8867);
#2693=VERTEX_POINT('',#8875);
#2694=VERTEX_POINT('',#8883);
#2695=VERTEX_POINT('',#8885);
#2696=VERTEX_POINT('',#8898);
#2697=VERTEX_POINT('',#8906);
#2698=VERTEX_POINT('',#8923);
#2699=VERTEX_POINT('',#8931);
#2700=VERTEX_POINT('',#8948);
#2701=VERTEX_POINT('',#8956);
#2702=VERTEX_POINT('',#8973);
#2703=VERTEX_POINT('',#8981);
#2704=VERTEX_POINT('',#8998);
#2705=VERTEX_POINT('',#9006);
#2706=VERTEX_POINT('',#9023);
#2707=VERTEX_POINT('',#9031);
#2708=VERTEX_POINT('',#9048);
#2709=VERTEX_POINT('',#9056);
#2710=VERTEX_POINT('',#9073);
#2711=VERTEX_POINT('',#9081);
#2712=VERTEX_POINT('',#9098);
#2713=VERTEX_POINT('',#9106);
#2714=VERTEX_POINT('',#9146);
#2715=VERTEX_POINT('',#9147);
#2716=VERTEX_POINT('',#9155);
#2717=VERTEX_POINT('',#9157);
#2718=VERTEX_POINT('',#9165);
#2719=VERTEX_POINT('',#9167);
#2720=VERTEX_POINT('',#9171);
#2721=VERTEX_POINT('',#9172);
#2722=VERTEX_POINT('',#9174);
#2723=VERTEX_POINT('',#9176);
#2724=VERTEX_POINT('',#9180);
#2725=VERTEX_POINT('',#9182);
#2726=VERTEX_POINT('',#9186);
#2727=VERTEX_POINT('',#9188);
#2728=VERTEX_POINT('',#9192);
#2729=VERTEX_POINT('',#9194);
#2730=VERTEX_POINT('',#9198);
#2731=VERTEX_POINT('',#9200);
#2732=VERTEX_POINT('',#9204);
#2733=VERTEX_POINT('',#9206);
#2734=VERTEX_POINT('',#9232);
#2735=VERTEX_POINT('',#9234);
#2736=VERTEX_POINT('',#9238);
#2737=VERTEX_POINT('',#9240);
#2738=VERTEX_POINT('',#9244);
#2739=VERTEX_POINT('',#9246);
#2740=VERTEX_POINT('',#9254);
#2741=VERTEX_POINT('',#9255);
#2742=VERTEX_POINT('',#9257);
#2743=VERTEX_POINT('',#9259);
#2744=VERTEX_POINT('',#9263);
#2745=VERTEX_POINT('',#9265);
#2746=VERTEX_POINT('',#9269);
#2747=VERTEX_POINT('',#9271);
#2748=VERTEX_POINT('',#9275);
#2749=VERTEX_POINT('',#9277);
#2750=VERTEX_POINT('',#9281);
#2751=VERTEX_POINT('',#9283);
#2752=VERTEX_POINT('',#9287);
#2753=VERTEX_POINT('',#9289);
#2754=VERTEX_POINT('',#9293);
#2755=VERTEX_POINT('',#9295);
#2756=VERTEX_POINT('',#9303);
#2757=VERTEX_POINT('',#9304);
#2758=VERTEX_POINT('',#9306);
#2759=VERTEX_POINT('',#9308);
#2760=VERTEX_POINT('',#9312);
#2761=VERTEX_POINT('',#9314);
#2762=VERTEX_POINT('',#9318);
#2763=VERTEX_POINT('',#9320);
#2764=VERTEX_POINT('',#9324);
#2765=VERTEX_POINT('',#9326);
#2766=VERTEX_POINT('',#9330);
#2767=VERTEX_POINT('',#9332);
#2768=VERTEX_POINT('',#9336);
#2769=VERTEX_POINT('',#9338);
#2770=VERTEX_POINT('',#9342);
#2771=VERTEX_POINT('',#9344);
#2772=VERTEX_POINT('',#9348);
#2773=VERTEX_POINT('',#9350);
#2774=VERTEX_POINT('',#9354);
#2775=VERTEX_POINT('',#9356);
#2776=VERTEX_POINT('',#9360);
#2777=VERTEX_POINT('',#9362);
#2778=VERTEX_POINT('',#9366);
#2779=VERTEX_POINT('',#9368);
#2780=VERTEX_POINT('',#9385);
#2781=VERTEX_POINT('',#9386);
#2782=VERTEX_POINT('',#9394);
#2783=VERTEX_POINT('',#9396);
#2784=VERTEX_POINT('',#9413);
#2785=VERTEX_POINT('',#9421);
#2786=VERTEX_POINT('',#9438);
#2787=VERTEX_POINT('',#9446);
#2788=VERTEX_POINT('',#9463);
#2789=VERTEX_POINT('',#9471);
#2790=VERTEX_POINT('',#9488);
#2791=VERTEX_POINT('',#9489);
#2792=VERTEX_POINT('',#9497);
#2793=VERTEX_POINT('',#9499);
#2794=VERTEX_POINT('',#9516);
#2795=VERTEX_POINT('',#9524);
#2796=VERTEX_POINT('',#9541);
#2797=VERTEX_POINT('',#9549);
#2798=VERTEX_POINT('',#9566);
#2799=VERTEX_POINT('',#9574);
#2800=VERTEX_POINT('',#9591);
#2801=VERTEX_POINT('',#9599);
#2802=VERTEX_POINT('',#9616);
#2803=VERTEX_POINT('',#9624);
#2804=VERTEX_POINT('',#9641);
#2805=VERTEX_POINT('',#9649);
#2806=VERTEX_POINT('',#9666);
#2807=VERTEX_POINT('',#9674);
#2808=VERTEX_POINT('',#9691);
#2809=VERTEX_POINT('',#9699);
#2810=VERTEX_POINT('',#9738);
#2811=VERTEX_POINT('',#9746);
#2812=VERTEX_POINT('',#9763);
#2813=VERTEX_POINT('',#9771);
#2814=VERTEX_POINT('',#9788);
#2815=VERTEX_POINT('',#9796);
#2816=VERTEX_POINT('',#9813);
#2817=VERTEX_POINT('',#9821);
#2818=VERTEX_POINT('',#9838);
#2819=VERTEX_POINT('',#9846);
#2820=VERTEX_POINT('',#9886);
#2821=VERTEX_POINT('',#9887);
#2822=VERTEX_POINT('',#9895);
#2823=VERTEX_POINT('',#9897);
#2824=VERTEX_POINT('',#9914);
#2825=VERTEX_POINT('',#9922);
#2826=VERTEX_POINT('',#9930);
#2827=VERTEX_POINT('',#9932);
#2828=VERTEX_POINT('',#9936);
#2829=VERTEX_POINT('',#9938);
#2830=VERTEX_POINT('',#9951);
#2831=VERTEX_POINT('',#9952);
#2832=VERTEX_POINT('',#9960);
#2833=VERTEX_POINT('',#9962);
#2834=VERTEX_POINT('',#9979);
#2835=VERTEX_POINT('',#9987);
#2836=VERTEX_POINT('',#9995);
#2837=VERTEX_POINT('',#9997);
#2838=VERTEX_POINT('',#10001);
#2839=VERTEX_POINT('',#10003);
#2840=VERTEX_POINT('',#10007);
#2841=VERTEX_POINT('',#10009);
#2842=VERTEX_POINT('',#10013);
#2843=VERTEX_POINT('',#10015);
#2844=VERTEX_POINT('',#10028);
#2845=VERTEX_POINT('',#10035);
#2846=VERTEX_POINT('',#10052);
#2847=VERTEX_POINT('',#10060);
#2848=VERTEX_POINT('',#10090);
#2849=VERTEX_POINT('',#10092);
#2850=VERTEX_POINT('',#10096);
#2851=VERTEX_POINT('',#10098);
#2852=VERTEX_POINT('',#10111);
#2853=VERTEX_POINT('',#10119);
#2854=VERTEX_POINT('',#10136);
#2855=VERTEX_POINT('',#10144);
#2856=VERTEX_POINT('',#10161);
#2857=VERTEX_POINT('',#10169);
#2858=VERTEX_POINT('',#10203);
#2859=VERTEX_POINT('',#10204);
#2860=VERTEX_POINT('',#10206);
#2861=VERTEX_POINT('',#10208);
#2862=VERTEX_POINT('',#10212);
#2863=VERTEX_POINT('',#10213);
#2864=VERTEX_POINT('',#10218);
#2865=VERTEX_POINT('',#10219);
#2866=VERTEX_POINT('',#10221);
#2867=VERTEX_POINT('',#10223);
#2868=VERTEX_POINT('',#10226);
#2869=VERTEX_POINT('',#10228);
#2870=VERTEX_POINT('',#10230);
#2871=VERTEX_POINT('',#10232);
#2872=VERTEX_POINT('',#10234);
#2873=VERTEX_POINT('',#10238);
#2874=VERTEX_POINT('',#10242);
#2875=VERTEX_POINT('',#10243);
#2876=VERTEX_POINT('',#10245);
#2877=VERTEX_POINT('',#10247);
#2878=VERTEX_POINT('',#10261);
#2879=VERTEX_POINT('',#10262);
#2880=VERTEX_POINT('',#10264);
#2881=VERTEX_POINT('',#10266);
#2882=VERTEX_POINT('',#10270);
#2883=VERTEX_POINT('',#10272);
#2884=VERTEX_POINT('',#10276);
#2885=VERTEX_POINT('',#10278);
#2886=VERTEX_POINT('',#10286);
#2887=VERTEX_POINT('',#10287);
#2888=VERTEX_POINT('',#10289);
#2889=VERTEX_POINT('',#10291);
#2890=VERTEX_POINT('',#10295);
#2891=VERTEX_POINT('',#10297);
#2892=VERTEX_POINT('',#10301);
#2893=VERTEX_POINT('',#10303);
#2894=VERTEX_POINT('',#10311);
#2895=VERTEX_POINT('',#10312);
#2896=VERTEX_POINT('',#10314);
#2897=VERTEX_POINT('',#10316);
#2898=VERTEX_POINT('',#10319);
#2899=VERTEX_POINT('',#10320);
#2900=VERTEX_POINT('',#10322);
#2901=VERTEX_POINT('',#10324);
#2902=VERTEX_POINT('',#10328);
#2903=VERTEX_POINT('',#10330);
#2904=VERTEX_POINT('',#10334);
#2905=VERTEX_POINT('',#10335);
#2906=VERTEX_POINT('',#10340);
#2907=VERTEX_POINT('',#10344);
#2908=VERTEX_POINT('',#10350);
#2909=VERTEX_POINT('',#10352);
#2910=VERTEX_POINT('',#10356);
#2911=VERTEX_POINT('',#10358);
#2912=VERTEX_POINT('',#10360);
#2913=VERTEX_POINT('',#10362);
#2914=VERTEX_POINT('',#10364);
#2915=VERTEX_POINT('',#10366);
#2916=VERTEX_POINT('',#10368);
#2917=VERTEX_POINT('',#10371);
#2918=VERTEX_POINT('',#10373);
#2919=VERTEX_POINT('',#10375);
#2920=VERTEX_POINT('',#10378);
#2921=VERTEX_POINT('',#10379);
#2922=VERTEX_POINT('',#10381);
#2923=VERTEX_POINT('',#10383);
#2924=VERTEX_POINT('',#10386);
#2925=VERTEX_POINT('',#10387);
#2926=VERTEX_POINT('',#10389);
#2927=VERTEX_POINT('',#10391);
#2928=VERTEX_POINT('',#10395);
#2929=VERTEX_POINT('',#10399);
#2930=VERTEX_POINT('',#10403);
#2931=VERTEX_POINT('',#10407);
#2932=VERTEX_POINT('',#10413);
#2933=VERTEX_POINT('',#10415);
#2934=VERTEX_POINT('',#10417);
#2935=VERTEX_POINT('',#10419);
#2936=VERTEX_POINT('',#10421);
#2937=VERTEX_POINT('',#10423);
#2938=VERTEX_POINT('',#10427);
#2939=VERTEX_POINT('',#10429);
#2940=VERTEX_POINT('',#10433);
#2941=VERTEX_POINT('',#10435);
#2942=VERTEX_POINT('',#10444);
#2943=VERTEX_POINT('',#10445);
#2944=VERTEX_POINT('',#10447);
#2945=VERTEX_POINT('',#10449);
#2946=VERTEX_POINT('',#10461);
#2947=VERTEX_POINT('',#10462);
#2948=VERTEX_POINT('',#10464);
#2949=VERTEX_POINT('',#10466);
#2950=VERTEX_POINT('',#10470);
#2951=VERTEX_POINT('',#10471);
#2952=VERTEX_POINT('',#10473);
#2953=VERTEX_POINT('',#10475);
#2954=VERTEX_POINT('',#10477);
#2955=VERTEX_POINT('',#10479);
#2956=VERTEX_POINT('',#10481);
#2957=VERTEX_POINT('',#10483);
#2958=VERTEX_POINT('',#10487);
#2959=VERTEX_POINT('',#10489);
#2960=VERTEX_POINT('',#10491);
#2961=VERTEX_POINT('',#10493);
#2962=VERTEX_POINT('',#10498);
#2963=VERTEX_POINT('',#10499);
#2964=VERTEX_POINT('',#10501);
#2965=VERTEX_POINT('',#10503);
#2966=VERTEX_POINT('',#10505);
#2967=VERTEX_POINT('',#10510);
#2968=VERTEX_POINT('',#10518);
#2969=VERTEX_POINT('',#10520);
#2970=VERTEX_POINT('',#10524);
#2971=VERTEX_POINT('',#10528);
#2972=VERTEX_POINT('',#10530);
#2973=VERTEX_POINT('',#10533);
#2974=VERTEX_POINT('',#10537);
#2975=VERTEX_POINT('',#10541);
#2976=VERTEX_POINT('',#10543);
#2977=VERTEX_POINT('',#10547);
#2978=VERTEX_POINT('',#10556);
#2979=VERTEX_POINT('',#10557);
#2980=VERTEX_POINT('',#10559);
#2981=VERTEX_POINT('',#10561);
#2982=VERTEX_POINT('',#10565);
#2983=VERTEX_POINT('',#10566);
#2984=VERTEX_POINT('',#10568);
#2985=VERTEX_POINT('',#10570);
#2986=VERTEX_POINT('',#10583);
#2987=VERTEX_POINT('',#10587);
#2988=VERTEX_POINT('',#10589);
#2989=VERTEX_POINT('',#10591);
#2990=VERTEX_POINT('',#10595);
#2991=VERTEX_POINT('',#10596);
#2992=VERTEX_POINT('',#10598);
#2993=VERTEX_POINT('',#10600);
#2994=VERTEX_POINT('',#10609);
#2995=VERTEX_POINT('',#10611);
#2996=VERTEX_POINT('',#10613);
#2997=VERTEX_POINT('',#10617);
#2998=VERTEX_POINT('',#10619);
#2999=VERTEX_POINT('',#10621);
#3000=VERTEX_POINT('',#10629);
#3001=VERTEX_POINT('',#10631);
#3002=VERTEX_POINT('',#10633);
#3003=VERTEX_POINT('',#10635);
#3004=VERTEX_POINT('',#10637);
#3005=VERTEX_POINT('',#10639);
#3006=VERTEX_POINT('',#10641);
#3007=VERTEX_POINT('',#10643);
#3008=VERTEX_POINT('',#10647);
#3009=VERTEX_POINT('',#10649);
#3010=VERTEX_POINT('',#10651);
#3011=VERTEX_POINT('',#10655);
#3012=VERTEX_POINT('',#10659);
#3013=VERTEX_POINT('',#10663);
#3014=VERTEX_POINT('',#10669);
#3015=VERTEX_POINT('',#10673);
#3016=VERTEX_POINT('',#10675);
#3017=VERTEX_POINT('',#10681);
#3018=VERTEX_POINT('',#10683);
#3019=VERTEX_POINT('',#10685);
#3020=VERTEX_POINT('',#10698);
#3021=VERTEX_POINT('',#10699);
#3022=VERTEX_POINT('',#10701);
#3023=VERTEX_POINT('',#10703);
#3024=VERTEX_POINT('',#10707);
#3025=VERTEX_POINT('',#10709);
#3026=VERTEX_POINT('',#10713);
#3027=VERTEX_POINT('',#10715);
#3028=VERTEX_POINT('',#10717);
#3029=VERTEX_POINT('',#10719);
#3030=VERTEX_POINT('',#10721);
#3031=VERTEX_POINT('',#10724);
#3032=VERTEX_POINT('',#10725);
#3033=VERTEX_POINT('',#10727);
#3034=VERTEX_POINT('',#10729);
#3035=VERTEX_POINT('',#10733);
#3036=VERTEX_POINT('',#10737);
#3037=VERTEX_POINT('',#10739);
#3038=VERTEX_POINT('',#10745);
#3039=VERTEX_POINT('',#10749);
#3040=VERTEX_POINT('',#10753);
#3041=VERTEX_POINT('',#10755);
#3042=VERTEX_POINT('',#10759);
#3043=VERTEX_POINT('',#10763);
#3044=VERTEX_POINT('',#10773);
#3045=VERTEX_POINT('',#10774);
#3046=VERTEX_POINT('',#10776);
#3047=VERTEX_POINT('',#10778);
#3048=VERTEX_POINT('',#10782);
#3049=VERTEX_POINT('',#10784);
#3050=VERTEX_POINT('',#10788);
#3051=VERTEX_POINT('',#10790);
#3052=VERTEX_POINT('',#10799);
#3053=VERTEX_POINT('',#10800);
#3054=VERTEX_POINT('',#10802);
#3055=VERTEX_POINT('',#10804);
#3056=VERTEX_POINT('',#10808);
#3057=VERTEX_POINT('',#10810);
#3058=VERTEX_POINT('',#10814);
#3059=VERTEX_POINT('',#10816);
#3060=VERTEX_POINT('',#10825);
#3061=VERTEX_POINT('',#10826);
#3062=VERTEX_POINT('',#10828);
#3063=VERTEX_POINT('',#10830);
#3064=VERTEX_POINT('',#10834);
#3065=VERTEX_POINT('',#10836);
#3066=VERTEX_POINT('',#10840);
#3067=VERTEX_POINT('',#10842);
#3068=VERTEX_POINT('',#10851);
#3069=VERTEX_POINT('',#10852);
#3070=VERTEX_POINT('',#10854);
#3071=VERTEX_POINT('',#10856);
#3072=VERTEX_POINT('',#10860);
#3073=VERTEX_POINT('',#10862);
#3074=VERTEX_POINT('',#10866);
#3075=VERTEX_POINT('',#10868);
#3076=VERTEX_POINT('',#10877);
#3077=VERTEX_POINT('',#10878);
#3078=VERTEX_POINT('',#10880);
#3079=VERTEX_POINT('',#10882);
#3080=VERTEX_POINT('',#10886);
#3081=VERTEX_POINT('',#10888);
#3082=VERTEX_POINT('',#10892);
#3083=VERTEX_POINT('',#10894);
#3084=VERTEX_POINT('',#10903);
#3085=VERTEX_POINT('',#10904);
#3086=VERTEX_POINT('',#10906);
#3087=VERTEX_POINT('',#10908);
#3088=VERTEX_POINT('',#10912);
#3089=VERTEX_POINT('',#10914);
#3090=VERTEX_POINT('',#10918);
#3091=VERTEX_POINT('',#10920);
#3092=EDGE_CURVE('',#2498,#2499,#946,.T.);
#3093=EDGE_CURVE('',#2500,#2498,#947,.T.);
#3094=EDGE_CURVE('',#2501,#2500,#948,.T.);
#3095=EDGE_CURVE('',#2499,#2501,#949,.T.);
#3096=EDGE_CURVE('',#2502,#2503,#950,.T.);
#3097=EDGE_CURVE('',#2504,#2502,#951,.T.);
#3098=EDGE_CURVE('',#2505,#2504,#952,.T.);
#3099=EDGE_CURVE('',#2503,#2505,#953,.T.);
#3100=EDGE_CURVE('',#2500,#2505,#954,.T.);
#3101=EDGE_CURVE('',#2506,#2504,#955,.T.);
#3102=EDGE_CURVE('',#2507,#2506,#956,.T.);
#3103=EDGE_CURVE('',#2507,#2508,#957,.T.);
#3104=EDGE_CURVE('',#2508,#2509,#958,.T.);
#3105=EDGE_CURVE('',#2501,#2509,#959,.T.);
#3106=EDGE_CURVE('',#2510,#2503,#960,.T.);
#3107=EDGE_CURVE('',#2511,#2510,#961,.T.);
#3108=EDGE_CURVE('',#2512,#2511,#962,.T.);
#3109=EDGE_CURVE('',#2513,#2512,#963,.T.);
#3110=EDGE_CURVE('',#2502,#2513,#964,.T.);
#3111=EDGE_CURVE('',#2513,#2514,#965,.T.);
#3112=EDGE_CURVE('',#2514,#2515,#966,.T.);
#3113=EDGE_CURVE('',#2515,#2516,#967,.T.);
#3114=EDGE_CURVE('',#2516,#2517,#968,.T.);
#3115=EDGE_CURVE('',#2517,#2518,#969,.T.);
#3116=EDGE_CURVE('',#2518,#2519,#970,.T.);
#3117=EDGE_CURVE('',#2519,#2520,#971,.T.);
#3118=EDGE_CURVE('',#2520,#2521,#972,.T.);
#3119=EDGE_CURVE('',#2521,#2522,#973,.T.);
#3120=EDGE_CURVE('',#2522,#2523,#974,.T.);
#3121=EDGE_CURVE('',#2523,#2506,#975,.T.);
#3122=EDGE_CURVE('',#2509,#2524,#976,.T.);
#3123=EDGE_CURVE('',#2524,#2525,#977,.T.);
#3124=EDGE_CURVE('',#2525,#2526,#978,.T.);
#3125=EDGE_CURVE('',#2526,#2527,#979,.T.);
#3126=EDGE_CURVE('',#2527,#2528,#980,.T.);
#3127=EDGE_CURVE('',#2528,#2529,#981,.T.);
#3128=EDGE_CURVE('',#2529,#2530,#982,.T.);
#3129=EDGE_CURVE('',#2530,#2531,#983,.T.);
#3130=EDGE_CURVE('',#2531,#2532,#984,.T.);
#3131=EDGE_CURVE('',#2532,#2533,#985,.T.);
#3132=EDGE_CURVE('',#2533,#2534,#986,.T.);
#3133=EDGE_CURVE('',#2534,#2499,#987,.T.);
#3134=EDGE_CURVE('',#2535,#2536,#988,.T.);
#3135=EDGE_CURVE('',#2535,#2537,#989,.T.);
#3136=EDGE_CURVE('',#2538,#2537,#990,.T.);
#3137=EDGE_CURVE('',#2536,#2538,#991,.T.);
#3138=EDGE_CURVE('',#2536,#2539,#992,.T.);
#3139=EDGE_CURVE('',#2540,#2538,#993,.T.);
#3140=EDGE_CURVE('',#2539,#2540,#994,.T.);
#3141=EDGE_CURVE('',#2541,#2535,#995,.T.);
#3142=EDGE_CURVE('',#2542,#2541,#996,.T.);
#3143=EDGE_CURVE('',#2537,#2542,#997,.T.);
#3144=EDGE_CURVE('',#2540,#2542,#998,.T.);
#3145=EDGE_CURVE('',#2498,#2543,#999,.T.);
#3146=EDGE_CURVE('',#2543,#2544,#1000,.T.);
#3147=EDGE_CURVE('',#2544,#2545,#1001,.T.);
#3148=EDGE_CURVE('',#2545,#2546,#1002,.T.);
#3149=EDGE_CURVE('',#2546,#2547,#1003,.T.);
#3150=EDGE_CURVE('',#2547,#2548,#1004,.T.);
#3151=EDGE_CURVE('',#2548,#2549,#1005,.T.);
#3152=EDGE_CURVE('',#2549,#2550,#1006,.T.);
#3153=EDGE_CURVE('',#2550,#2551,#1007,.T.);
#3154=EDGE_CURVE('',#2551,#2552,#1008,.T.);
#3155=EDGE_CURVE('',#2552,#2553,#1009,.T.);
#3156=EDGE_CURVE('',#2553,#2541,#1010,.T.);
#3157=EDGE_CURVE('',#2539,#2554,#1011,.T.);
#3158=EDGE_CURVE('',#2554,#2555,#1012,.T.);
#3159=EDGE_CURVE('',#2555,#2556,#1013,.T.);
#3160=EDGE_CURVE('',#2556,#2557,#1014,.T.);
#3161=EDGE_CURVE('',#2557,#2510,#1015,.T.);
#3162=EDGE_CURVE('',#2558,#2559,#1016,.T.);
#3163=EDGE_CURVE('',#2559,#2560,#1017,.T.);
#3164=EDGE_CURVE('',#2560,#2561,#1018,.T.);
#3165=EDGE_CURVE('',#2561,#2558,#1019,.T.);
#3166=EDGE_CURVE('',#2555,#2562,#1020,.T.);
#3167=EDGE_CURVE('',#2563,#2562,#1021,.T.);
#3168=EDGE_CURVE('',#2556,#2563,#1022,.T.);
#3169=EDGE_CURVE('',#2564,#2563,#1023,.T.);
#3170=EDGE_CURVE('',#2557,#2564,#1024,.T.);
#3171=EDGE_CURVE('',#2565,#2554,#1025,.T.);
#3172=EDGE_CURVE('',#2562,#2565,#1026,.T.);
#3173=EDGE_CURVE('',#2564,#2565,#1027,.T.);
#3174=EDGE_CURVE('',#2553,#2566,#1028,.T.);
#3175=EDGE_CURVE('',#2511,#2566,#1029,.T.);
#3176=EDGE_CURVE('',#2567,#2568,#1030,.T.);
#3177=EDGE_CURVE('',#2568,#2569,#1031,.T.);
#3178=EDGE_CURVE('',#2569,#2570,#1032,.T.);
#3179=EDGE_CURVE('',#2570,#2567,#1033,.T.);
#3180=EDGE_CURVE('',#2550,#2571,#1034,.T.);
#3181=EDGE_CURVE('',#2572,#2571,#1035,.T.);
#3182=EDGE_CURVE('',#2551,#2572,#1036,.T.);
#3183=EDGE_CURVE('',#2573,#2548,#1037,.T.);
#3184=EDGE_CURVE('',#2574,#2573,#1038,.T.);
#3185=EDGE_CURVE('',#2549,#2574,#1039,.T.);
#3186=EDGE_CURVE('',#2571,#2574,#1040,.T.);
#3187=EDGE_CURVE('',#2572,#2573,#1041,.T.);
#3188=EDGE_CURVE('',#2546,#2575,#1042,.T.);
#3189=EDGE_CURVE('',#2576,#2575,#1043,.T.);
#3190=EDGE_CURVE('',#2547,#2576,#1044,.T.);
#3191=EDGE_CURVE('',#2577,#2544,#1045,.T.);
#3192=EDGE_CURVE('',#2578,#2577,#1046,.T.);
#3193=EDGE_CURVE('',#2545,#2578,#1047,.T.);
#3194=EDGE_CURVE('',#2575,#2578,#1048,.T.);
#3195=EDGE_CURVE('',#2576,#2577,#1049,.T.);
#3196=EDGE_CURVE('',#2568,#2579,#1050,.T.);
#3197=EDGE_CURVE('',#2579,#2580,#1051,.T.);
#3198=EDGE_CURVE('',#2580,#2569,#1052,.T.);
#3199=EDGE_CURVE('',#2581,#2567,#1053,.T.);
#3200=EDGE_CURVE('',#2579,#2581,#1054,.T.);
#3201=EDGE_CURVE('',#2582,#2581,#1055,.T.);
#3202=EDGE_CURVE('',#2580,#2582,#1056,.T.);
#3203=EDGE_CURVE('',#2570,#2582,#1057,.T.);
#3204=EDGE_CURVE('',#2583,#2584,#1058,.T.);
#3205=EDGE_CURVE('',#2585,#2583,#1059,.T.);
#3206=EDGE_CURVE('',#2586,#2585,#1060,.T.);
#3207=EDGE_CURVE('',#2584,#2586,#1061,.T.);
#3208=EDGE_CURVE('',#2587,#2583,#1062,.T.);
#3209=EDGE_CURVE('',#2588,#2587,#1063,.T.);
#3210=EDGE_CURVE('',#2585,#2588,#1064,.T.);
#3211=EDGE_CURVE('',#2584,#2589,#1065,.T.);
#3212=EDGE_CURVE('',#2586,#2590,#1066,.T.);
#3213=EDGE_CURVE('',#2589,#2590,#1067,.T.);
#3214=EDGE_CURVE('',#2590,#2588,#1068,.T.);
#3215=EDGE_CURVE('',#2589,#2587,#1069,.T.);
#3216=EDGE_CURVE('',#2591,#2592,#1070,.T.);
#3217=EDGE_CURVE('',#2519,#2591,#1071,.T.);
#3218=EDGE_CURVE('',#2593,#2518,#1072,.T.);
#3219=EDGE_CURVE('',#2594,#2593,#1073,.T.);
#3220=EDGE_CURVE('',#2594,#2592,#1074,.T.);
#3221=EDGE_CURVE('',#2593,#2595,#1075,.T.);
#3222=EDGE_CURVE('',#2595,#2517,#1076,.T.);
#3223=EDGE_CURVE('',#2596,#2597,#1077,.T.);
#3224=EDGE_CURVE('',#2598,#2596,#1078,.T.);
#3225=EDGE_CURVE('',#2595,#2598,#1079,.T.);
#3226=EDGE_CURVE('',#2597,#2516,#1080,.T.);
#3227=EDGE_CURVE('',#2592,#2596,#1081,.T.);
#3228=EDGE_CURVE('',#2598,#2594,#1082,.T.);
#3229=EDGE_CURVE('',#2597,#2599,#1083,.T.);
#3230=EDGE_CURVE('',#2599,#2600,#1084,.T.);
#3231=EDGE_CURVE('',#2512,#2600,#1085,.T.);
#3232=EDGE_CURVE('',#2601,#2566,#1086,.T.);
#3233=EDGE_CURVE('',#2602,#2601,#1087,.T.);
#3234=EDGE_CURVE('',#2602,#2603,#1088,.T.);
#3235=EDGE_CURVE('',#2603,#2591,#1089,.T.);
#3236=EDGE_CURVE('',#2599,#2515,#1090,.T.);
#3237=EDGE_CURVE('',#2604,#2605,#1091,.T.);
#3238=EDGE_CURVE('',#2606,#2604,#1092,.T.);
#3239=EDGE_CURVE('',#2606,#2607,#1093,.T.);
#3240=EDGE_CURVE('',#2607,#2605,#1094,.T.);
#3241=EDGE_CURVE('',#2608,#2604,#1095,.T.);
#3242=EDGE_CURVE('',#2531,#2608,#1096,.T.);
#3243=EDGE_CURVE('',#2609,#2530,#1097,.T.);
#3244=EDGE_CURVE('',#2609,#2606,#1098,.T.);
#3245=EDGE_CURVE('',#2605,#2610,#1099,.T.);
#3246=EDGE_CURVE('',#2607,#2611,#1100,.T.);
#3247=EDGE_CURVE('',#2611,#2529,#1101,.T.);
#3248=EDGE_CURVE('',#2610,#2528,#1102,.T.);
#3249=EDGE_CURVE('',#2611,#2609,#1103,.T.);
#3250=EDGE_CURVE('',#2608,#2612,#1104,.T.);
#3251=EDGE_CURVE('',#2612,#2532,#1105,.T.);
#3252=EDGE_CURVE('',#2613,#2527,#1106,.T.);
#3253=EDGE_CURVE('',#2613,#2610,#1107,.T.);
#3254=EDGE_CURVE('',#2603,#2520,#1108,.T.);
#3255=EDGE_CURVE('',#2600,#2514,#1109,.T.);
#3256=EDGE_CURVE('',#2521,#2602,#1110,.T.);
#3257=EDGE_CURVE('',#2601,#2522,#1111,.T.);
#3258=EDGE_CURVE('',#2614,#2613,#1112,.T.);
#3259=EDGE_CURVE('',#2614,#2526,#1113,.T.);
#3260=EDGE_CURVE('',#2612,#2615,#1114,.T.);
#3261=EDGE_CURVE('',#2533,#2615,#1115,.T.);
#3262=EDGE_CURVE('',#2616,#2525,#1116,.T.);
#3263=EDGE_CURVE('',#2616,#2614,#1117,.T.);
#3264=EDGE_CURVE('',#2615,#2617,#1118,.T.);
#3265=EDGE_CURVE('',#2617,#2534,#1119,.T.);
#3266=EDGE_CURVE('',#2508,#2618,#1120,.T.);
#3267=EDGE_CURVE('',#2618,#2524,#1121,.T.);
#3268=EDGE_CURVE('',#2619,#2616,#1122,.T.);
#3269=EDGE_CURVE('',#2619,#2620,#1123,.T.);
#3270=EDGE_CURVE('',#2620,#2617,#1124,.T.);
#3271=EDGE_CURVE('',#2543,#2620,#1125,.T.);
#3272=EDGE_CURVE('',#2552,#2619,#1126,.T.);
#3273=EDGE_CURVE('',#2621,#2622,#1127,.T.);
#3274=EDGE_CURVE('',#2622,#2558,#1128,.T.);
#3275=EDGE_CURVE('',#2621,#2561,#1129,.T.);
#3276=EDGE_CURVE('',#2623,#2621,#1130,.T.);
#3277=EDGE_CURVE('',#2623,#2560,#1131,.T.);
#3278=EDGE_CURVE('',#2624,#2623,#1132,.T.);
#3279=EDGE_CURVE('',#2624,#2559,#1133,.T.);
#3280=EDGE_CURVE('',#2622,#2624,#1134,.T.);
#3281=EDGE_CURVE('',#2618,#2625,#1135,.T.);
#3282=EDGE_CURVE('',#2625,#2523,#1136,.T.);
#3283=EDGE_CURVE('',#2625,#2507,#1137,.T.);
#3284=EDGE_CURVE('',#2626,#2627,#1138,.T.);
#3285=EDGE_CURVE('',#2626,#2628,#1139,.T.);
#3286=EDGE_CURVE('',#2629,#2628,#1140,.T.);
#3287=EDGE_CURVE('',#2627,#2629,#1141,.T.);
#3288=EDGE_CURVE('',#2630,#2626,#1142,.T.);
#3289=EDGE_CURVE('',#2630,#2631,#1143,.T.);
#3290=EDGE_CURVE('',#2628,#2631,#1144,.T.);
#3291=EDGE_CURVE('',#2632,#2630,#1145,.T.);
#3292=EDGE_CURVE('',#2633,#2632,#1146,.T.);
#3293=EDGE_CURVE('',#2631,#2633,#1147,.T.);
#3294=EDGE_CURVE('',#2634,#2627,#1148,.T.);
#3295=EDGE_CURVE('',#2635,#2634,#1149,.T.);
#3296=EDGE_CURVE('',#2636,#2635,#1150,.T.);
#3297=EDGE_CURVE('',#2636,#2637,#1151,.T.);
#3298=EDGE_CURVE('',#2637,#2638,#1152,.T.);
#3299=EDGE_CURVE('',#2638,#2639,#1153,.T.);
#3300=EDGE_CURVE('',#2640,#2639,#1154,.T.);
#3301=EDGE_CURVE('',#2641,#2640,#1155,.T.);
#3302=EDGE_CURVE('',#2632,#2641,#1156,.T.);
#3303=EDGE_CURVE('',#2642,#2629,#1157,.T.);
#3304=EDGE_CURVE('',#2634,#2642,#1158,.T.);
#3305=EDGE_CURVE('',#2643,#2644,#1159,.T.);
#3306=EDGE_CURVE('',#2637,#2643,#1160,.T.);
#3307=EDGE_CURVE('',#2644,#2636,#1161,.T.);
#3308=EDGE_CURVE('',#2645,#2646,#1162,.T.);
#3309=EDGE_CURVE('',#2639,#2645,#1163,.T.);
#3310=EDGE_CURVE('',#2638,#2646,#1164,.T.);
#3311=EDGE_CURVE('',#2646,#2643,#1165,.T.);
#3312=EDGE_CURVE('',#2647,#2645,#1166,.T.);
#3313=EDGE_CURVE('',#2640,#2647,#1167,.T.);
#3314=EDGE_CURVE('',#2635,#2648,#1168,.T.);
#3315=EDGE_CURVE('',#2644,#2648,#1169,.T.);
#3316=EDGE_CURVE('',#2649,#2649,#172,.T.);
#3317=EDGE_CURVE('',#2649,#2650,#1170,.T.);
#3318=EDGE_CURVE('',#2650,#2650,#173,.T.);
#3319=EDGE_CURVE('',#2651,#2651,#174,.T.);
#3320=EDGE_CURVE('',#2651,#2652,#1171,.T.);
#3321=EDGE_CURVE('',#2652,#2652,#175,.T.);
#3322=EDGE_CURVE('',#2653,#2653,#176,.T.);
#3323=EDGE_CURVE('',#2653,#2654,#1172,.T.);
#3324=EDGE_CURVE('',#2654,#2654,#177,.T.);
#3325=EDGE_CURVE('',#2655,#2655,#178,.T.);
#3326=EDGE_CURVE('',#2655,#2656,#1173,.T.);
#3327=EDGE_CURVE('',#2656,#2656,#179,.T.);
#3328=EDGE_CURVE('',#2657,#2657,#180,.T.);
#3329=EDGE_CURVE('',#2657,#2658,#1174,.T.);
#3330=EDGE_CURVE('',#2658,#2658,#181,.T.);
#3331=EDGE_CURVE('',#2659,#2659,#182,.T.);
#3332=EDGE_CURVE('',#2659,#2660,#1175,.T.);
#3333=EDGE_CURVE('',#2660,#2660,#183,.T.);
#3334=EDGE_CURVE('',#2648,#2642,#1176,.T.);
#3335=EDGE_CURVE('',#2661,#2647,#1177,.T.);
#3336=EDGE_CURVE('',#2641,#2661,#1178,.T.);
#3337=EDGE_CURVE('',#2633,#2661,#1179,.T.);
#3338=EDGE_CURVE('',#2662,#2663,#1180,.T.);
#3339=EDGE_CURVE('',#2664,#2662,#1181,.T.);
#3340=EDGE_CURVE('',#2664,#2665,#1182,.T.);
#3341=EDGE_CURVE('',#2665,#2663,#1183,.T.);
#3342=EDGE_CURVE('',#2663,#2666,#1184,.T.);
#3343=EDGE_CURVE('',#2665,#2667,#1185,.T.);
#3344=EDGE_CURVE('',#2667,#2666,#1186,.T.);
#3345=EDGE_CURVE('',#2666,#2668,#1187,.T.);
#3346=EDGE_CURVE('',#2667,#2669,#1188,.T.);
#3347=EDGE_CURVE('',#2669,#2668,#1189,.T.);
#3348=EDGE_CURVE('',#2668,#2662,#1190,.T.);
#3349=EDGE_CURVE('',#2669,#2664,#1191,.T.);
#3350=EDGE_CURVE('',#2670,#2671,#1192,.T.);
#3351=EDGE_CURVE('',#2672,#2670,#1193,.T.);
#3352=EDGE_CURVE('',#2672,#2673,#1194,.T.);
#3353=EDGE_CURVE('',#2673,#2671,#1195,.T.);
#3354=EDGE_CURVE('',#2671,#2674,#13,.T.);
#3355=EDGE_CURVE('',#2673,#2675,#14,.T.);
#3356=EDGE_CURVE('',#2675,#2674,#1196,.T.);
#3357=EDGE_CURVE('',#2674,#2676,#15,.T.);
#3358=EDGE_CURVE('',#2675,#2677,#16,.T.);
#3359=EDGE_CURVE('',#2677,#2676,#1197,.T.);
#3360=EDGE_CURVE('',#2676,#2678,#17,.T.);
#3361=EDGE_CURVE('',#2677,#2679,#18,.T.);
#3362=EDGE_CURVE('',#2679,#2678,#1198,.T.);
#3363=EDGE_CURVE('',#2678,#2680,#19,.T.);
#3364=EDGE_CURVE('',#2679,#2681,#20,.T.);
#3365=EDGE_CURVE('',#2681,#2680,#1199,.T.);
#3366=EDGE_CURVE('',#2680,#2682,#21,.T.);
#3367=EDGE_CURVE('',#2681,#2683,#22,.T.);
#3368=EDGE_CURVE('',#2683,#2682,#1200,.T.);
#3369=EDGE_CURVE('',#2682,#2684,#23,.T.);
#3370=EDGE_CURVE('',#2683,#2685,#24,.T.);
#3371=EDGE_CURVE('',#2685,#2684,#1201,.T.);
#3372=EDGE_CURVE('',#2684,#2686,#25,.T.);
#3373=EDGE_CURVE('',#2685,#2687,#26,.T.);
#3374=EDGE_CURVE('',#2687,#2686,#1202,.T.);
#3375=EDGE_CURVE('',#2686,#2688,#27,.T.);
#3376=EDGE_CURVE('',#2687,#2689,#28,.T.);
#3377=EDGE_CURVE('',#2689,#2688,#1203,.T.);
#3378=EDGE_CURVE('',#2688,#2690,#29,.T.);
#3379=EDGE_CURVE('',#2689,#2691,#30,.T.);
#3380=EDGE_CURVE('',#2691,#2690,#1204,.T.);
#3381=EDGE_CURVE('',#2690,#2692,#31,.T.);
#3382=EDGE_CURVE('',#2691,#2693,#32,.T.);
#3383=EDGE_CURVE('',#2693,#2692,#1205,.T.);
#3384=EDGE_CURVE('',#2692,#2694,#1206,.T.);
#3385=EDGE_CURVE('',#2693,#2695,#1207,.T.);
#3386=EDGE_CURVE('',#2695,#2694,#1208,.T.);
#3387=EDGE_CURVE('',#2694,#2696,#33,.T.);
#3388=EDGE_CURVE('',#2695,#2697,#34,.T.);
#3389=EDGE_CURVE('',#2697,#2696,#1209,.T.);
#3390=EDGE_CURVE('',#2696,#2698,#35,.T.);
#3391=EDGE_CURVE('',#2697,#2699,#36,.T.);
#3392=EDGE_CURVE('',#2699,#2698,#1210,.T.);
#3393=EDGE_CURVE('',#2698,#2700,#37,.T.);
#3394=EDGE_CURVE('',#2699,#2701,#38,.T.);
#3395=EDGE_CURVE('',#2701,#2700,#1211,.T.);
#3396=EDGE_CURVE('',#2700,#2702,#39,.T.);
#3397=EDGE_CURVE('',#2701,#2703,#40,.T.);
#3398=EDGE_CURVE('',#2703,#2702,#1212,.T.);
#3399=EDGE_CURVE('',#2702,#2704,#41,.T.);
#3400=EDGE_CURVE('',#2703,#2705,#42,.T.);
#3401=EDGE_CURVE('',#2705,#2704,#1213,.T.);
#3402=EDGE_CURVE('',#2704,#2706,#43,.T.);
#3403=EDGE_CURVE('',#2705,#2707,#44,.T.);
#3404=EDGE_CURVE('',#2707,#2706,#1214,.T.);
#3405=EDGE_CURVE('',#2706,#2708,#45,.T.);
#3406=EDGE_CURVE('',#2707,#2709,#46,.T.);
#3407=EDGE_CURVE('',#2709,#2708,#1215,.T.);
#3408=EDGE_CURVE('',#2708,#2710,#47,.T.);
#3409=EDGE_CURVE('',#2709,#2711,#48,.T.);
#3410=EDGE_CURVE('',#2711,#2710,#1216,.T.);
#3411=EDGE_CURVE('',#2710,#2712,#49,.T.);
#3412=EDGE_CURVE('',#2711,#2713,#50,.T.);
#3413=EDGE_CURVE('',#2713,#2712,#1217,.T.);
#3414=EDGE_CURVE('',#2712,#2670,#51,.T.);
#3415=EDGE_CURVE('',#2713,#2672,#52,.T.);
#3416=EDGE_CURVE('',#2714,#2715,#53,.T.);
#3417=EDGE_CURVE('',#2716,#2714,#1218,.T.);
#3418=EDGE_CURVE('',#2716,#2717,#54,.T.);
#3419=EDGE_CURVE('',#2717,#2715,#1219,.T.);
#3420=EDGE_CURVE('',#2715,#2718,#1220,.T.);
#3421=EDGE_CURVE('',#2717,#2719,#1221,.T.);
#3422=EDGE_CURVE('',#2719,#2718,#1222,.T.);
#3423=EDGE_CURVE('',#2720,#2721,#1223,.T.);
#3424=EDGE_CURVE('',#2722,#2720,#1224,.T.);
#3425=EDGE_CURVE('',#2722,#2723,#1225,.T.);
#3426=EDGE_CURVE('',#2723,#2721,#1226,.T.);
#3427=EDGE_CURVE('',#2721,#2724,#1227,.T.);
#3428=EDGE_CURVE('',#2723,#2725,#1228,.T.);
#3429=EDGE_CURVE('',#2725,#2724,#1229,.T.);
#3430=EDGE_CURVE('',#2724,#2726,#1230,.T.);
#3431=EDGE_CURVE('',#2725,#2727,#1231,.T.);
#3432=EDGE_CURVE('',#2727,#2726,#1232,.T.);
#3433=EDGE_CURVE('',#2726,#2728,#1233,.T.);
#3434=EDGE_CURVE('',#2727,#2729,#1234,.T.);
#3435=EDGE_CURVE('',#2729,#2728,#1235,.T.);
#3436=EDGE_CURVE('',#2718,#2730,#1236,.T.);
#3437=EDGE_CURVE('',#2719,#2731,#1237,.T.);
#3438=EDGE_CURVE('',#2731,#2730,#1238,.T.);
#3439=EDGE_CURVE('',#2730,#2732,#1239,.T.);
#3440=EDGE_CURVE('',#2731,#2733,#1240,.T.);
#3441=EDGE_CURVE('',#2733,#2732,#1241,.T.);
#3442=EDGE_CURVE('',#2732,#2714,#55,.T.);
#3443=EDGE_CURVE('',#2733,#2716,#56,.T.);
#3444=EDGE_CURVE('',#2728,#2734,#1242,.T.);
#3445=EDGE_CURVE('',#2729,#2735,#1243,.T.);
#3446=EDGE_CURVE('',#2735,#2734,#1244,.T.);
#3447=EDGE_CURVE('',#2734,#2736,#1245,.T.);
#3448=EDGE_CURVE('',#2735,#2737,#1246,.T.);
#3449=EDGE_CURVE('',#2737,#2736,#1247,.T.);
#3450=EDGE_CURVE('',#2736,#2738,#1248,.T.);
#3451=EDGE_CURVE('',#2737,#2739,#1249,.T.);
#3452=EDGE_CURVE('',#2739,#2738,#1250,.T.);
#3453=EDGE_CURVE('',#2738,#2720,#1251,.T.);
#3454=EDGE_CURVE('',#2739,#2722,#1252,.T.);
#3455=EDGE_CURVE('',#2740,#2741,#1253,.T.);
#3456=EDGE_CURVE('',#2742,#2740,#1254,.T.);
#3457=EDGE_CURVE('',#2742,#2743,#1255,.T.);
#3458=EDGE_CURVE('',#2743,#2741,#1256,.T.);
#3459=EDGE_CURVE('',#2741,#2744,#1257,.T.);
#3460=EDGE_CURVE('',#2743,#2745,#1258,.T.);
#3461=EDGE_CURVE('',#2745,#2744,#1259,.T.);
#3462=EDGE_CURVE('',#2744,#2746,#1260,.T.);
#3463=EDGE_CURVE('',#2745,#2747,#1261,.T.);
#3464=EDGE_CURVE('',#2747,#2746,#1262,.T.);
#3465=EDGE_CURVE('',#2746,#2748,#1263,.T.);
#3466=EDGE_CURVE('',#2747,#2749,#1264,.T.);
#3467=EDGE_CURVE('',#2749,#2748,#1265,.T.);
#3468=EDGE_CURVE('',#2748,#2750,#1266,.T.);
#3469=EDGE_CURVE('',#2749,#2751,#1267,.T.);
#3470=EDGE_CURVE('',#2751,#2750,#1268,.T.);
#3471=EDGE_CURVE('',#2750,#2752,#1269,.T.);
#3472=EDGE_CURVE('',#2751,#2753,#1270,.T.);
#3473=EDGE_CURVE('',#2753,#2752,#1271,.T.);
#3474=EDGE_CURVE('',#2752,#2754,#1272,.T.);
#3475=EDGE_CURVE('',#2753,#2755,#1273,.T.);
#3476=EDGE_CURVE('',#2755,#2754,#1274,.T.);
#3477=EDGE_CURVE('',#2754,#2740,#1275,.T.);
#3478=EDGE_CURVE('',#2755,#2742,#1276,.T.);
#3479=EDGE_CURVE('',#2756,#2757,#1277,.T.);
#3480=EDGE_CURVE('',#2758,#2756,#1278,.T.);
#3481=EDGE_CURVE('',#2758,#2759,#1279,.T.);
#3482=EDGE_CURVE('',#2759,#2757,#1280,.T.);
#3483=EDGE_CURVE('',#2757,#2760,#1281,.T.);
#3484=EDGE_CURVE('',#2759,#2761,#1282,.T.);
#3485=EDGE_CURVE('',#2761,#2760,#1283,.T.);
#3486=EDGE_CURVE('',#2760,#2762,#1284,.T.);
#3487=EDGE_CURVE('',#2761,#2763,#1285,.T.);
#3488=EDGE_CURVE('',#2763,#2762,#1286,.T.);
#3489=EDGE_CURVE('',#2762,#2764,#1287,.T.);
#3490=EDGE_CURVE('',#2763,#2765,#1288,.T.);
#3491=EDGE_CURVE('',#2765,#2764,#1289,.T.);
#3492=EDGE_CURVE('',#2764,#2766,#1290,.T.);
#3493=EDGE_CURVE('',#2765,#2767,#1291,.T.);
#3494=EDGE_CURVE('',#2767,#2766,#1292,.T.);
#3495=EDGE_CURVE('',#2766,#2768,#1293,.T.);
#3496=EDGE_CURVE('',#2767,#2769,#1294,.T.);
#3497=EDGE_CURVE('',#2769,#2768,#1295,.T.);
#3498=EDGE_CURVE('',#2768,#2770,#1296,.T.);
#3499=EDGE_CURVE('',#2769,#2771,#1297,.T.);
#3500=EDGE_CURVE('',#2771,#2770,#1298,.T.);
#3501=EDGE_CURVE('',#2770,#2772,#1299,.T.);
#3502=EDGE_CURVE('',#2771,#2773,#1300,.T.);
#3503=EDGE_CURVE('',#2773,#2772,#1301,.T.);
#3504=EDGE_CURVE('',#2772,#2774,#1302,.T.);
#3505=EDGE_CURVE('',#2773,#2775,#1303,.T.);
#3506=EDGE_CURVE('',#2775,#2774,#1304,.T.);
#3507=EDGE_CURVE('',#2774,#2776,#1305,.T.);
#3508=EDGE_CURVE('',#2775,#2777,#1306,.T.);
#3509=EDGE_CURVE('',#2777,#2776,#1307,.T.);
#3510=EDGE_CURVE('',#2776,#2778,#1308,.T.);
#3511=EDGE_CURVE('',#2777,#2779,#1309,.T.);
#3512=EDGE_CURVE('',#2779,#2778,#1310,.T.);
#3513=EDGE_CURVE('',#2778,#2756,#1311,.T.);
#3514=EDGE_CURVE('',#2779,#2758,#1312,.T.);
#3515=EDGE_CURVE('',#2780,#2781,#57,.T.);
#3516=EDGE_CURVE('',#2782,#2780,#1313,.T.);
#3517=EDGE_CURVE('',#2782,#2783,#58,.T.);
#3518=EDGE_CURVE('',#2783,#2781,#1314,.T.);
#3519=EDGE_CURVE('',#2781,#2784,#59,.T.);
#3520=EDGE_CURVE('',#2783,#2785,#60,.T.);
#3521=EDGE_CURVE('',#2785,#2784,#1315,.T.);
#3522=EDGE_CURVE('',#2784,#2786,#61,.T.);
#3523=EDGE_CURVE('',#2785,#2787,#62,.T.);
#3524=EDGE_CURVE('',#2787,#2786,#1316,.T.);
#3525=EDGE_CURVE('',#2786,#2788,#63,.T.);
#3526=EDGE_CURVE('',#2787,#2789,#64,.T.);
#3527=EDGE_CURVE('',#2789,#2788,#1317,.T.);
#3528=EDGE_CURVE('',#2790,#2791,#65,.T.);
#3529=EDGE_CURVE('',#2792,#2790,#1318,.T.);
#3530=EDGE_CURVE('',#2792,#2793,#66,.T.);
#3531=EDGE_CURVE('',#2793,#2791,#1319,.T.);
#3532=EDGE_CURVE('',#2791,#2794,#67,.T.);
#3533=EDGE_CURVE('',#2793,#2795,#68,.T.);
#3534=EDGE_CURVE('',#2795,#2794,#1320,.T.);
#3535=EDGE_CURVE('',#2794,#2796,#69,.T.);
#3536=EDGE_CURVE('',#2795,#2797,#70,.T.);
#3537=EDGE_CURVE('',#2797,#2796,#1321,.T.);
#3538=EDGE_CURVE('',#2796,#2798,#71,.T.);
#3539=EDGE_CURVE('',#2797,#2799,#72,.T.);
#3540=EDGE_CURVE('',#2799,#2798,#1322,.T.);
#3541=EDGE_CURVE('',#2798,#2800,#73,.T.);
#3542=EDGE_CURVE('',#2799,#2801,#74,.T.);
#3543=EDGE_CURVE('',#2801,#2800,#1323,.T.);
#3544=EDGE_CURVE('',#2788,#2802,#75,.T.);
#3545=EDGE_CURVE('',#2789,#2803,#76,.T.);
#3546=EDGE_CURVE('',#2803,#2802,#1324,.T.);
#3547=EDGE_CURVE('',#2802,#2804,#77,.T.);
#3548=EDGE_CURVE('',#2803,#2805,#78,.T.);
#3549=EDGE_CURVE('',#2805,#2804,#1325,.T.);
#3550=EDGE_CURVE('',#2804,#2806,#79,.T.);
#3551=EDGE_CURVE('',#2805,#2807,#80,.T.);
#3552=EDGE_CURVE('',#2807,#2806,#1326,.T.);
#3553=EDGE_CURVE('',#2806,#2808,#81,.T.);
#3554=EDGE_CURVE('',#2807,#2809,#82,.T.);
#3555=EDGE_CURVE('',#2809,#2808,#1327,.T.);
#3556=EDGE_CURVE('',#2808,#2780,#83,.T.);
#3557=EDGE_CURVE('',#2809,#2782,#84,.T.);
#3558=EDGE_CURVE('',#2800,#2810,#85,.T.);
#3559=EDGE_CURVE('',#2801,#2811,#86,.T.);
#3560=EDGE_CURVE('',#2811,#2810,#1328,.T.);
#3561=EDGE_CURVE('',#2810,#2812,#87,.T.);
#3562=EDGE_CURVE('',#2811,#2813,#88,.T.);
#3563=EDGE_CURVE('',#2813,#2812,#1329,.T.);
#3564=EDGE_CURVE('',#2812,#2814,#89,.T.);
#3565=EDGE_CURVE('',#2813,#2815,#90,.T.);
#3566=EDGE_CURVE('',#2815,#2814,#1330,.T.);
#3567=EDGE_CURVE('',#2814,#2816,#91,.T.);
#3568=EDGE_CURVE('',#2815,#2817,#92,.T.);
#3569=EDGE_CURVE('',#2817,#2816,#1331,.T.);
#3570=EDGE_CURVE('',#2816,#2818,#93,.T.);
#3571=EDGE_CURVE('',#2817,#2819,#94,.T.);
#3572=EDGE_CURVE('',#2819,#2818,#1332,.T.);
#3573=EDGE_CURVE('',#2818,#2790,#95,.T.);
#3574=EDGE_CURVE('',#2819,#2792,#96,.T.);
#3575=EDGE_CURVE('',#2820,#2821,#97,.T.);
#3576=EDGE_CURVE('',#2822,#2820,#1333,.T.);
#3577=EDGE_CURVE('',#2822,#2823,#98,.T.);
#3578=EDGE_CURVE('',#2823,#2821,#1334,.T.);
#3579=EDGE_CURVE('',#2821,#2824,#99,.T.);
#3580=EDGE_CURVE('',#2823,#2825,#100,.T.);
#3581=EDGE_CURVE('',#2825,#2824,#1335,.T.);
#3582=EDGE_CURVE('',#2824,#2826,#1336,.T.);
#3583=EDGE_CURVE('',#2825,#2827,#1337,.T.);
#3584=EDGE_CURVE('',#2827,#2826,#1338,.T.);
#3585=EDGE_CURVE('',#2826,#2828,#1339,.T.);
#3586=EDGE_CURVE('',#2827,#2829,#1340,.T.);
#3587=EDGE_CURVE('',#2829,#2828,#1341,.T.);
#3588=EDGE_CURVE('',#2830,#2831,#101,.T.);
#3589=EDGE_CURVE('',#2832,#2830,#1342,.T.);
#3590=EDGE_CURVE('',#2832,#2833,#102,.T.);
#3591=EDGE_CURVE('',#2833,#2831,#1343,.T.);
#3592=EDGE_CURVE('',#2831,#2834,#103,.T.);
#3593=EDGE_CURVE('',#2833,#2835,#104,.T.);
#3594=EDGE_CURVE('',#2835,#2834,#1344,.T.);
#3595=EDGE_CURVE('',#2834,#2836,#1345,.T.);
#3596=EDGE_CURVE('',#2835,#2837,#1346,.T.);
#3597=EDGE_CURVE('',#2837,#2836,#1347,.T.);
#3598=EDGE_CURVE('',#2836,#2838,#1348,.T.);
#3599=EDGE_CURVE('',#2837,#2839,#1349,.T.);
#3600=EDGE_CURVE('',#2839,#2838,#1350,.T.);
#3601=EDGE_CURVE('',#2838,#2840,#1351,.T.);
#3602=EDGE_CURVE('',#2839,#2841,#1352,.T.);
#3603=EDGE_CURVE('',#2841,#2840,#1353,.T.);
#3604=EDGE_CURVE('',#2828,#2842,#1354,.T.);
#3605=EDGE_CURVE('',#2829,#2843,#1355,.T.);
#3606=EDGE_CURVE('',#2843,#2842,#1356,.T.);
#3607=EDGE_CURVE('',#2842,#2844,#105,.T.);
#3608=EDGE_CURVE('',#2843,#2845,#106,.T.);
#3609=EDGE_CURVE('',#2845,#2844,#1357,.T.);
#3610=EDGE_CURVE('',#2844,#2846,#107,.T.);
#3611=EDGE_CURVE('',#2845,#2847,#108,.T.);
#3612=EDGE_CURVE('',#2847,#2846,#1358,.T.);
#3613=EDGE_CURVE('',#2846,#2820,#109,.T.);
#3614=EDGE_CURVE('',#2847,#2822,#110,.T.);
#3615=EDGE_CURVE('',#2840,#2848,#1359,.T.);
#3616=EDGE_CURVE('',#2841,#2849,#1360,.T.);
#3617=EDGE_CURVE('',#2849,#2848,#1361,.T.);
#3618=EDGE_CURVE('',#2848,#2850,#1362,.T.);
#3619=EDGE_CURVE('',#2849,#2851,#1363,.T.);
#3620=EDGE_CURVE('',#2851,#2850,#1364,.T.);
#3621=EDGE_CURVE('',#2850,#2852,#111,.T.);
#3622=EDGE_CURVE('',#2851,#2853,#112,.T.);
#3623=EDGE_CURVE('',#2853,#2852,#1365,.T.);
#3624=EDGE_CURVE('',#2852,#2854,#113,.T.);
#3625=EDGE_CURVE('',#2853,#2855,#114,.T.);
#3626=EDGE_CURVE('',#2855,#2854,#1366,.T.);
#3627=EDGE_CURVE('',#2854,#2856,#115,.T.);
#3628=EDGE_CURVE('',#2855,#2857,#116,.T.);
#3629=EDGE_CURVE('',#2857,#2856,#1367,.T.);
#3630=EDGE_CURVE('',#2856,#2830,#117,.T.);
#3631=EDGE_CURVE('',#2857,#2832,#118,.T.);
#3632=EDGE_CURVE('',#2858,#2859,#1368,.T.);
#3633=EDGE_CURVE('',#2858,#2860,#1369,.T.);
#3634=EDGE_CURVE('',#2861,#2860,#1370,.T.);
#3635=EDGE_CURVE('',#2859,#2861,#1371,.T.);
#3636=EDGE_CURVE('',#2862,#2863,#1372,.T.);
#3637=EDGE_CURVE('',#2859,#2862,#1373,.T.);
#3638=EDGE_CURVE('',#2863,#2861,#1374,.T.);
#3639=EDGE_CURVE('',#2864,#2865,#1375,.T.);
#3640=EDGE_CURVE('',#2865,#2866,#1376,.T.);
#3641=EDGE_CURVE('',#2866,#2867,#1377,.T.);
#3642=EDGE_CURVE('',#2867,#2864,#1378,.T.);
#3643=EDGE_CURVE('',#2868,#2858,#1379,.T.);
#3644=EDGE_CURVE('',#2862,#2869,#1380,.T.);
#3645=EDGE_CURVE('',#2869,#2870,#1381,.T.);
#3646=EDGE_CURVE('',#2870,#2871,#1382,.T.);
#3647=EDGE_CURVE('',#2871,#2872,#1383,.T.);
#3648=EDGE_CURVE('',#2872,#2868,#1384,.T.);
#3649=EDGE_CURVE('',#2873,#2863,#1385,.T.);
#3650=EDGE_CURVE('',#2869,#2873,#1386,.T.);
#3651=EDGE_CURVE('',#2874,#2875,#1387,.T.);
#3652=EDGE_CURVE('',#2875,#2876,#1388,.T.);
#3653=EDGE_CURVE('',#2876,#2877,#1389,.T.);
#3654=EDGE_CURVE('',#2877,#2873,#1390,.T.);
#3655=EDGE_CURVE('',#2860,#2874,#1391,.T.);
#3656=EDGE_CURVE('',#2868,#2874,#1392,.T.);
#3657=EDGE_CURVE('',#2870,#2877,#1393,.T.);
#3658=EDGE_CURVE('',#2871,#2876,#1394,.T.);
#3659=EDGE_CURVE('',#2872,#2875,#1395,.T.);
#3660=EDGE_CURVE('',#2878,#2879,#1396,.T.);
#3661=EDGE_CURVE('',#2878,#2880,#1397,.T.);
#3662=EDGE_CURVE('',#2881,#2880,#1398,.T.);
#3663=EDGE_CURVE('',#2879,#2881,#1399,.T.);
#3664=EDGE_CURVE('',#2879,#2882,#1400,.T.);
#3665=EDGE_CURVE('',#2883,#2881,#1401,.T.);
#3666=EDGE_CURVE('',#2882,#2883,#1402,.T.);
#3667=EDGE_CURVE('',#2882,#2884,#1403,.T.);
#3668=EDGE_CURVE('',#2885,#2883,#1404,.T.);
#3669=EDGE_CURVE('',#2884,#2885,#1405,.T.);
#3670=EDGE_CURVE('',#2884,#2878,#1406,.T.);
#3671=EDGE_CURVE('',#2880,#2885,#1407,.T.);
#3672=EDGE_CURVE('',#2886,#2887,#1408,.T.);
#3673=EDGE_CURVE('',#2886,#2888,#1409,.T.);
#3674=EDGE_CURVE('',#2889,#2888,#1410,.T.);
#3675=EDGE_CURVE('',#2887,#2889,#1411,.T.);
#3676=EDGE_CURVE('',#2887,#2890,#1412,.T.);
#3677=EDGE_CURVE('',#2891,#2889,#1413,.T.);
#3678=EDGE_CURVE('',#2890,#2891,#1414,.T.);
#3679=EDGE_CURVE('',#2890,#2892,#1415,.T.);
#3680=EDGE_CURVE('',#2893,#2891,#1416,.T.);
#3681=EDGE_CURVE('',#2892,#2893,#1417,.T.);
#3682=EDGE_CURVE('',#2892,#2886,#1418,.T.);
#3683=EDGE_CURVE('',#2888,#2893,#1419,.T.);
#3684=EDGE_CURVE('',#2894,#2895,#1420,.T.);
#3685=EDGE_CURVE('',#2894,#2896,#1421,.T.);
#3686=EDGE_CURVE('',#2897,#2896,#1422,.T.);
#3687=EDGE_CURVE('',#2897,#2895,#1423,.T.);
#3688=EDGE_CURVE('',#2898,#2899,#1424,.T.);
#3689=EDGE_CURVE('',#2899,#2900,#1425,.T.);
#3690=EDGE_CURVE('',#2900,#2901,#1426,.T.);
#3691=EDGE_CURVE('',#2901,#2898,#1427,.T.);
#3692=EDGE_CURVE('',#2902,#2894,#1428,.T.);
#3693=EDGE_CURVE('',#2903,#2902,#1429,.T.);
#3694=EDGE_CURVE('',#2896,#2903,#1430,.T.);
#3695=EDGE_CURVE('',#2904,#2905,#1431,.T.);
#3696=EDGE_CURVE('',#2904,#2898,#1432,.T.);
#3697=EDGE_CURVE('',#2905,#2901,#1433,.T.);
#3698=EDGE_CURVE('',#2905,#2906,#1434,.T.);
#3699=EDGE_CURVE('',#2906,#2900,#1435,.T.);
#3700=EDGE_CURVE('',#2906,#2907,#1436,.T.);
#3701=EDGE_CURVE('',#2907,#2899,#1437,.T.);
#3702=EDGE_CURVE('',#2907,#2904,#1438,.T.);
#3703=EDGE_CURVE('',#2895,#2908,#1439,.T.);
#3704=EDGE_CURVE('',#2909,#2897,#1440,.T.);
#3705=EDGE_CURVE('',#2908,#2909,#1441,.T.);
#3706=EDGE_CURVE('',#2910,#2903,#1442,.T.);
#3707=EDGE_CURVE('',#2910,#2911,#1443,.T.);
#3708=EDGE_CURVE('',#2912,#2911,#1444,.T.);
#3709=EDGE_CURVE('',#2912,#2913,#1445,.T.);
#3710=EDGE_CURVE('',#2913,#2914,#1446,.T.);
#3711=EDGE_CURVE('',#2914,#2915,#1447,.T.);
#3712=EDGE_CURVE('',#2916,#2915,#1448,.T.);
#3713=EDGE_CURVE('',#2866,#2916,#1449,.T.);
#3714=EDGE_CURVE('',#2865,#2917,#1450,.T.);
#3715=EDGE_CURVE('',#2917,#2918,#1451,.T.);
#3716=EDGE_CURVE('',#2918,#2919,#1452,.T.);
#3717=EDGE_CURVE('',#2909,#2919,#1453,.T.);
#3718=EDGE_CURVE('',#2920,#2921,#1454,.T.);
#3719=EDGE_CURVE('',#2921,#2922,#1455,.T.);
#3720=EDGE_CURVE('',#2922,#2923,#1456,.T.);
#3721=EDGE_CURVE('',#2923,#2920,#1457,.T.);
#3722=EDGE_CURVE('',#2924,#2925,#1458,.T.);
#3723=EDGE_CURVE('',#2925,#2926,#1459,.T.);
#3724=EDGE_CURVE('',#2926,#2927,#1460,.T.);
#3725=EDGE_CURVE('',#2927,#2924,#1461,.T.);
#3726=EDGE_CURVE('',#2902,#2928,#1462,.T.);
#3727=EDGE_CURVE('',#2928,#2910,#1463,.T.);
#3728=EDGE_CURVE('',#2919,#2929,#1464,.T.);
#3729=EDGE_CURVE('',#2929,#2908,#1465,.T.);
#3730=EDGE_CURVE('',#2930,#2864,#1466,.T.);
#3731=EDGE_CURVE('',#2917,#2930,#1467,.T.);
#3732=EDGE_CURVE('',#2931,#2918,#1468,.T.);
#3733=EDGE_CURVE('',#2929,#2931,#1469,.T.);
#3734=EDGE_CURVE('',#2931,#2930,#1470,.T.);
#3735=EDGE_CURVE('',#2867,#2932,#1471,.T.);
#3736=EDGE_CURVE('',#2932,#2933,#1472,.T.);
#3737=EDGE_CURVE('',#2933,#2934,#1473,.T.);
#3738=EDGE_CURVE('',#2934,#2935,#1474,.T.);
#3739=EDGE_CURVE('',#2935,#2936,#1475,.T.);
#3740=EDGE_CURVE('',#2936,#2937,#1476,.T.);
#3741=EDGE_CURVE('',#2928,#2937,#1477,.T.);
#3742=EDGE_CURVE('',#2938,#2926,#1478,.T.);
#3743=EDGE_CURVE('',#2938,#2939,#1479,.T.);
#3744=EDGE_CURVE('',#2927,#2939,#1480,.T.);
#3745=EDGE_CURVE('',#2925,#2940,#1481,.T.);
#3746=EDGE_CURVE('',#2941,#2924,#1482,.T.);
#3747=EDGE_CURVE('',#2940,#2941,#1483,.T.);
#3748=EDGE_CURVE('',#2940,#2938,#1484,.T.);
#3749=EDGE_CURVE('',#2939,#2941,#1485,.T.);
#3750=EDGE_CURVE('',#2942,#2943,#1486,.T.);
#3751=EDGE_CURVE('',#2943,#2944,#1487,.T.);
#3752=EDGE_CURVE('',#2945,#2944,#1488,.T.);
#3753=EDGE_CURVE('',#2942,#2945,#1489,.T.);
#3754=EDGE_CURVE('',#2922,#2942,#1490,.T.);
#3755=EDGE_CURVE('',#2923,#2945,#1491,.T.);
#3756=EDGE_CURVE('',#2943,#2921,#1492,.T.);
#3757=EDGE_CURVE('',#2944,#2920,#1493,.T.);
#3758=EDGE_CURVE('',#2946,#2947,#1494,.T.);
#3759=EDGE_CURVE('',#2948,#2946,#1495,.T.);
#3760=EDGE_CURVE('',#2948,#2949,#1496,.T.);
#3761=EDGE_CURVE('',#2949,#2947,#1497,.T.);
#3762=EDGE_CURVE('',#2950,#2951,#1498,.T.);
#3763=EDGE_CURVE('',#2952,#2950,#1499,.T.);
#3764=EDGE_CURVE('',#2952,#2953,#1500,.T.);
#3765=EDGE_CURVE('',#2953,#2954,#1501,.T.);
#3766=EDGE_CURVE('',#2955,#2954,#1502,.T.);
#3767=EDGE_CURVE('',#2956,#2955,#1503,.T.);
#3768=EDGE_CURVE('',#2957,#2956,#1504,.T.);
#3769=EDGE_CURVE('',#2951,#2957,#1505,.T.);
#3770=EDGE_CURVE('',#2947,#2958,#1506,.T.);
#3771=EDGE_CURVE('',#2959,#2949,#1507,.T.);
#3772=EDGE_CURVE('',#2960,#2959,#1508,.T.);
#3773=EDGE_CURVE('',#2961,#2960,#1509,.T.);
#3774=EDGE_CURVE('',#2954,#2961,#1510,.T.);
#3775=EDGE_CURVE('',#2958,#2953,#1511,.T.);
#3776=EDGE_CURVE('',#2962,#2963,#1512,.T.);
#3777=EDGE_CURVE('',#2964,#2962,#1513,.T.);
#3778=EDGE_CURVE('',#2965,#2964,#1514,.T.);
#3779=EDGE_CURVE('',#2966,#2965,#1515,.T.);
#3780=EDGE_CURVE('',#2959,#2966,#1516,.T.);
#3781=EDGE_CURVE('',#2963,#2948,#1517,.T.);
#3782=EDGE_CURVE('',#2958,#2967,#1518,.T.);
#3783=EDGE_CURVE('',#2967,#2952,#1519,.T.);
#3784=EDGE_CURVE('',#2967,#2946,#1520,.T.);
#3785=EDGE_CURVE('',#2935,#2950,#1521,.T.);
#3786=EDGE_CURVE('',#2963,#2934,#1522,.T.);
#3787=EDGE_CURVE('',#2968,#2951,#1523,.T.);
#3788=EDGE_CURVE('',#2969,#2968,#1524,.T.);
#3789=EDGE_CURVE('',#2936,#2969,#1525,.T.);
#3790=EDGE_CURVE('',#2970,#2957,#1526,.T.);
#3791=EDGE_CURVE('',#2970,#2968,#1527,.T.);
#3792=EDGE_CURVE('',#2956,#2971,#1528,.T.);
#3793=EDGE_CURVE('',#2971,#2972,#1529,.T.);
#3794=EDGE_CURVE('',#2911,#2972,#1530,.T.);
#3795=EDGE_CURVE('',#2937,#2973,#1531,.T.);
#3796=EDGE_CURVE('',#2973,#2970,#1532,.T.);
#3797=EDGE_CURVE('',#2955,#2974,#1533,.T.);
#3798=EDGE_CURVE('',#2974,#2971,#1534,.T.);
#3799=EDGE_CURVE('',#2975,#2961,#1535,.T.);
#3800=EDGE_CURVE('',#2976,#2975,#1536,.T.);
#3801=EDGE_CURVE('',#2974,#2976,#1537,.T.);
#3802=EDGE_CURVE('',#2960,#2977,#1538,.T.);
#3803=EDGE_CURVE('',#2975,#2977,#1539,.T.);
#3804=EDGE_CURVE('',#2969,#2973,#1540,.T.);
#3805=EDGE_CURVE('',#2972,#2976,#1541,.T.);
#3806=EDGE_CURVE('',#2978,#2979,#1542,.T.);
#3807=EDGE_CURVE('',#2979,#2980,#1543,.T.);
#3808=EDGE_CURVE('',#2980,#2981,#1544,.T.);
#3809=EDGE_CURVE('',#2978,#2981,#1545,.T.);
#3810=EDGE_CURVE('',#2982,#2983,#1546,.T.);
#3811=EDGE_CURVE('',#2984,#2983,#1547,.T.);
#3812=EDGE_CURVE('',#2985,#2984,#1548,.T.);
#3813=EDGE_CURVE('',#2982,#2985,#1549,.T.);
#3814=EDGE_CURVE('',#2933,#2982,#1550,.T.);
#3815=EDGE_CURVE('',#2962,#2985,#1551,.T.);
#3816=EDGE_CURVE('',#2978,#2984,#1552,.T.);
#3817=EDGE_CURVE('',#2964,#2981,#1553,.T.);
#3818=EDGE_CURVE('',#2980,#2932,#1554,.T.);
#3819=EDGE_CURVE('',#2983,#2979,#1555,.T.);
#3820=EDGE_CURVE('',#2981,#2986,#1556,.T.);
#3821=EDGE_CURVE('',#2986,#2965,#1557,.T.);
#3822=EDGE_CURVE('',#2986,#2987,#1558,.T.);
#3823=EDGE_CURVE('',#2988,#2987,#1559,.T.);
#3824=EDGE_CURVE('',#2988,#2989,#1560,.T.);
#3825=EDGE_CURVE('',#2989,#2986,#1561,.T.);
#3826=EDGE_CURVE('',#2990,#2991,#1562,.T.);
#3827=EDGE_CURVE('',#2992,#2991,#1563,.T.);
#3828=EDGE_CURVE('',#2993,#2992,#1564,.T.);
#3829=EDGE_CURVE('',#2990,#2993,#1565,.T.);
#3830=EDGE_CURVE('',#2966,#2990,#1566,.T.);
#3831=EDGE_CURVE('',#2977,#2993,#1567,.T.);
#3832=EDGE_CURVE('',#2991,#2989,#1568,.T.);
#3833=EDGE_CURVE('',#2994,#2980,#1569,.T.);
#3834=EDGE_CURVE('',#2995,#2994,#1570,.T.);
#3835=EDGE_CURVE('',#2996,#2995,#1571,.T.);
#3836=EDGE_CURVE('',#2987,#2996,#1572,.T.);
#3837=EDGE_CURVE('',#2997,#2988,#1573,.T.);
#3838=EDGE_CURVE('',#2998,#2997,#1574,.T.);
#3839=EDGE_CURVE('',#2999,#2998,#1575,.T.);
#3840=EDGE_CURVE('',#2979,#2999,#1576,.T.);
#3841=EDGE_CURVE('',#2989,#2978,#1577,.T.);
#3842=EDGE_CURVE('',#2999,#2994,#1578,.T.);
#3843=EDGE_CURVE('',#2995,#2998,#1579,.T.);
#3844=EDGE_CURVE('',#3000,#2997,#1580,.T.);
#3845=EDGE_CURVE('',#3000,#3001,#1581,.T.);
#3846=EDGE_CURVE('',#3001,#3002,#1582,.T.);
#3847=EDGE_CURVE('',#3002,#3003,#1583,.T.);
#3848=EDGE_CURVE('',#3004,#3003,#1584,.T.);
#3849=EDGE_CURVE('',#3005,#3004,#1585,.T.);
#3850=EDGE_CURVE('',#3005,#3006,#1586,.T.);
#3851=EDGE_CURVE('',#3006,#3007,#1587,.T.);
#3852=EDGE_CURVE('',#2996,#3007,#1588,.T.);
#3853=EDGE_CURVE('',#3007,#3008,#1589,.T.);
#3854=EDGE_CURVE('',#3008,#3009,#1590,.T.);
#3855=EDGE_CURVE('',#3009,#3010,#1591,.T.);
#3856=EDGE_CURVE('',#3010,#2912,#1592,.T.);
#3857=EDGE_CURVE('',#2992,#2916,#1593,.T.);
#3858=EDGE_CURVE('',#2915,#3011,#1594,.T.);
#3859=EDGE_CURVE('',#3011,#3000,#1595,.T.);
#3860=EDGE_CURVE('',#3012,#2914,#1596,.T.);
#3861=EDGE_CURVE('',#3011,#3012,#1597,.T.);
#3862=EDGE_CURVE('',#3013,#3010,#1598,.T.);
#3863=EDGE_CURVE('',#2913,#3013,#1599,.T.);
#3864=EDGE_CURVE('',#3012,#3013,#1600,.T.);
#3865=EDGE_CURVE('',#3014,#3009,#1601,.T.);
#3866=EDGE_CURVE('',#3014,#3001,#1602,.T.);
#3867=EDGE_CURVE('',#3015,#3002,#1603,.T.);
#3868=EDGE_CURVE('',#3016,#3015,#1604,.T.);
#3869=EDGE_CURVE('',#3003,#3016,#1605,.T.);
#3870=EDGE_CURVE('',#3015,#3014,#1606,.T.);
#3871=EDGE_CURVE('',#3017,#3008,#1607,.T.);
#3872=EDGE_CURVE('',#3017,#3018,#1608,.T.);
#3873=EDGE_CURVE('',#3018,#3019,#1609,.T.);
#3874=EDGE_CURVE('',#3016,#3019,#1610,.T.);
#3875=EDGE_CURVE('',#3019,#3004,#1611,.T.);
#3876=EDGE_CURVE('',#3006,#3017,#1612,.T.);
#3877=EDGE_CURVE('',#3018,#3005,#1613,.T.);
#3878=EDGE_CURVE('',#3020,#3021,#1614,.T.);
#3879=EDGE_CURVE('',#3022,#3020,#1615,.T.);
#3880=EDGE_CURVE('',#3023,#3022,#1616,.T.);
#3881=EDGE_CURVE('',#3021,#3023,#1617,.T.);
#3882=EDGE_CURVE('',#3024,#3020,#1618,.T.);
#3883=EDGE_CURVE('',#3025,#3024,#1619,.T.);
#3884=EDGE_CURVE('',#3022,#3025,#1620,.T.);
#3885=EDGE_CURVE('',#3021,#3026,#1621,.T.);
#3886=EDGE_CURVE('',#3026,#3027,#1622,.T.);
#3887=EDGE_CURVE('',#3027,#3028,#1623,.T.);
#3888=EDGE_CURVE('',#3028,#3029,#1624,.T.);
#3889=EDGE_CURVE('',#3029,#3030,#1625,.T.);
#3890=EDGE_CURVE('',#3030,#3024,#1626,.T.);
#3891=EDGE_CURVE('',#3031,#3032,#1627,.T.);
#3892=EDGE_CURVE('',#3032,#3033,#1628,.T.);
#3893=EDGE_CURVE('',#3033,#3034,#1629,.T.);
#3894=EDGE_CURVE('',#3034,#3031,#1630,.T.);
#3895=EDGE_CURVE('',#3023,#3035,#1631,.T.);
#3896=EDGE_CURVE('',#3035,#3026,#1632,.T.);
#3897=EDGE_CURVE('',#3036,#3027,#1633,.T.);
#3898=EDGE_CURVE('',#3037,#3036,#1634,.T.);
#3899=EDGE_CURVE('',#3028,#3037,#1635,.T.);
#3900=EDGE_CURVE('',#3036,#3035,#1636,.T.);
#3901=EDGE_CURVE('',#3037,#3038,#1637,.T.);
#3902=EDGE_CURVE('',#3038,#3029,#1638,.T.);
#3903=EDGE_CURVE('',#3039,#3025,#1639,.T.);
#3904=EDGE_CURVE('',#3038,#3039,#1640,.T.);
#3905=EDGE_CURVE('',#3031,#3040,#1641,.T.);
#3906=EDGE_CURVE('',#3041,#3040,#1642,.T.);
#3907=EDGE_CURVE('',#3032,#3041,#1643,.T.);
#3908=EDGE_CURVE('',#3042,#3041,#1644,.T.);
#3909=EDGE_CURVE('',#3033,#3042,#1645,.T.);
#3910=EDGE_CURVE('',#3043,#3042,#1646,.T.);
#3911=EDGE_CURVE('',#3034,#3043,#1647,.T.);
#3912=EDGE_CURVE('',#3040,#3043,#1648,.T.);
#3913=EDGE_CURVE('',#3039,#3030,#1649,.T.);
#3914=EDGE_CURVE('',#3044,#3045,#1650,.T.);
#3915=EDGE_CURVE('',#3045,#3046,#1651,.T.);
#3916=EDGE_CURVE('',#3047,#3046,#1652,.T.);
#3917=EDGE_CURVE('',#3044,#3047,#1653,.T.);
#3918=EDGE_CURVE('',#3048,#3044,#1654,.T.);
#3919=EDGE_CURVE('',#3049,#3047,#1655,.T.);
#3920=EDGE_CURVE('',#3048,#3049,#1656,.T.);
#3921=EDGE_CURVE('',#3050,#3048,#1657,.T.);
#3922=EDGE_CURVE('',#3051,#3049,#1658,.T.);
#3923=EDGE_CURVE('',#3050,#3051,#1659,.T.);
#3924=EDGE_CURVE('',#3045,#3050,#1660,.T.);
#3925=EDGE_CURVE('',#3046,#3051,#1661,.T.);
#3926=EDGE_CURVE('',#3052,#3053,#1662,.T.);
#3927=EDGE_CURVE('',#3053,#3054,#1663,.T.);
#3928=EDGE_CURVE('',#3055,#3054,#1664,.T.);
#3929=EDGE_CURVE('',#3052,#3055,#1665,.T.);
#3930=EDGE_CURVE('',#3056,#3052,#1666,.T.);
#3931=EDGE_CURVE('',#3057,#3055,#1667,.T.);
#3932=EDGE_CURVE('',#3056,#3057,#1668,.T.);
#3933=EDGE_CURVE('',#3058,#3056,#1669,.T.);
#3934=EDGE_CURVE('',#3059,#3057,#1670,.T.);
#3935=EDGE_CURVE('',#3058,#3059,#1671,.T.);
#3936=EDGE_CURVE('',#3053,#3058,#1672,.T.);
#3937=EDGE_CURVE('',#3054,#3059,#1673,.T.);
#3938=EDGE_CURVE('',#3060,#3061,#1674,.T.);
#3939=EDGE_CURVE('',#3061,#3062,#1675,.T.);
#3940=EDGE_CURVE('',#3063,#3062,#1676,.T.);
#3941=EDGE_CURVE('',#3060,#3063,#1677,.T.);
#3942=EDGE_CURVE('',#3064,#3060,#1678,.T.);
#3943=EDGE_CURVE('',#3065,#3063,#1679,.T.);
#3944=EDGE_CURVE('',#3064,#3065,#1680,.T.);
#3945=EDGE_CURVE('',#3066,#3064,#1681,.T.);
#3946=EDGE_CURVE('',#3067,#3065,#1682,.T.);
#3947=EDGE_CURVE('',#3066,#3067,#1683,.T.);
#3948=EDGE_CURVE('',#3061,#3066,#1684,.T.);
#3949=EDGE_CURVE('',#3062,#3067,#1685,.T.);
#3950=EDGE_CURVE('',#3068,#3069,#1686,.T.);
#3951=EDGE_CURVE('',#3069,#3070,#1687,.T.);
#3952=EDGE_CURVE('',#3071,#3070,#1688,.T.);
#3953=EDGE_CURVE('',#3068,#3071,#1689,.T.);
#3954=EDGE_CURVE('',#3072,#3068,#1690,.T.);
#3955=EDGE_CURVE('',#3073,#3071,#1691,.T.);
#3956=EDGE_CURVE('',#3072,#3073,#1692,.T.);
#3957=EDGE_CURVE('',#3074,#3072,#1693,.T.);
#3958=EDGE_CURVE('',#3075,#3073,#1694,.T.);
#3959=EDGE_CURVE('',#3074,#3075,#1695,.T.);
#3960=EDGE_CURVE('',#3069,#3074,#1696,.T.);
#3961=EDGE_CURVE('',#3070,#3075,#1697,.T.);
#3962=EDGE_CURVE('',#3076,#3077,#1698,.T.);
#3963=EDGE_CURVE('',#3077,#3078,#1699,.T.);
#3964=EDGE_CURVE('',#3079,#3078,#1700,.T.);
#3965=EDGE_CURVE('',#3076,#3079,#1701,.T.);
#3966=EDGE_CURVE('',#3080,#3076,#1702,.T.);
#3967=EDGE_CURVE('',#3081,#3079,#1703,.T.);
#3968=EDGE_CURVE('',#3080,#3081,#1704,.T.);
#3969=EDGE_CURVE('',#3082,#3080,#1705,.T.);
#3970=EDGE_CURVE('',#3083,#3081,#1706,.T.);
#3971=EDGE_CURVE('',#3082,#3083,#1707,.T.);
#3972=EDGE_CURVE('',#3077,#3082,#1708,.T.);
#3973=EDGE_CURVE('',#3078,#3083,#1709,.T.);
#3974=EDGE_CURVE('',#3084,#3085,#1710,.T.);
#3975=EDGE_CURVE('',#3085,#3086,#1711,.T.);
#3976=EDGE_CURVE('',#3087,#3086,#1712,.T.);
#3977=EDGE_CURVE('',#3084,#3087,#1713,.T.);
#3978=EDGE_CURVE('',#3088,#3084,#1714,.T.);
#3979=EDGE_CURVE('',#3089,#3087,#1715,.T.);
#3980=EDGE_CURVE('',#3088,#3089,#1716,.T.);
#3981=EDGE_CURVE('',#3090,#3088,#1717,.T.);
#3982=EDGE_CURVE('',#3091,#3089,#1718,.T.);
#3983=EDGE_CURVE('',#3090,#3091,#1719,.T.);
#3984=EDGE_CURVE('',#3085,#3090,#1720,.T.);
#3985=EDGE_CURVE('',#3086,#3091,#1721,.T.);
#3986=ORIENTED_EDGE('',*,*,#3092,.F.);
#3987=ORIENTED_EDGE('',*,*,#3093,.F.);
#3988=ORIENTED_EDGE('',*,*,#3094,.F.);
#3989=ORIENTED_EDGE('',*,*,#3095,.F.);
#3990=ORIENTED_EDGE('',*,*,#3096,.F.);
#3991=ORIENTED_EDGE('',*,*,#3097,.F.);
#3992=ORIENTED_EDGE('',*,*,#3098,.F.);
#3993=ORIENTED_EDGE('',*,*,#3099,.F.);
#3994=ORIENTED_EDGE('',*,*,#3094,.T.);
#3995=ORIENTED_EDGE('',*,*,#3100,.T.);
#3996=ORIENTED_EDGE('',*,*,#3098,.T.);
#3997=ORIENTED_EDGE('',*,*,#3101,.F.);
#3998=ORIENTED_EDGE('',*,*,#3102,.F.);
#3999=ORIENTED_EDGE('',*,*,#3103,.T.);
#4000=ORIENTED_EDGE('',*,*,#3104,.T.);
#4001=ORIENTED_EDGE('',*,*,#3105,.F.);
#4002=ORIENTED_EDGE('',*,*,#3096,.T.);
#4003=ORIENTED_EDGE('',*,*,#3106,.F.);
#4004=ORIENTED_EDGE('',*,*,#3107,.F.);
#4005=ORIENTED_EDGE('',*,*,#3108,.F.);
#4006=ORIENTED_EDGE('',*,*,#3109,.F.);
#4007=ORIENTED_EDGE('',*,*,#3110,.F.);
#4008=ORIENTED_EDGE('',*,*,#3097,.T.);
#4009=ORIENTED_EDGE('',*,*,#3110,.T.);
#4010=ORIENTED_EDGE('',*,*,#3111,.T.);
#4011=ORIENTED_EDGE('',*,*,#3112,.T.);
#4012=ORIENTED_EDGE('',*,*,#3113,.T.);
#4013=ORIENTED_EDGE('',*,*,#3114,.T.);
#4014=ORIENTED_EDGE('',*,*,#3115,.T.);
#4015=ORIENTED_EDGE('',*,*,#3116,.T.);
#4016=ORIENTED_EDGE('',*,*,#3117,.T.);
#4017=ORIENTED_EDGE('',*,*,#3118,.T.);
#4018=ORIENTED_EDGE('',*,*,#3119,.T.);
#4019=ORIENTED_EDGE('',*,*,#3120,.T.);
#4020=ORIENTED_EDGE('',*,*,#3121,.T.);
#4021=ORIENTED_EDGE('',*,*,#3101,.T.);
#4022=ORIENTED_EDGE('',*,*,#3095,.T.);
#4023=ORIENTED_EDGE('',*,*,#3105,.T.);
#4024=ORIENTED_EDGE('',*,*,#3122,.T.);
#4025=ORIENTED_EDGE('',*,*,#3123,.T.);
#4026=ORIENTED_EDGE('',*,*,#3124,.T.);
#4027=ORIENTED_EDGE('',*,*,#3125,.T.);
#4028=ORIENTED_EDGE('',*,*,#3126,.T.);
#4029=ORIENTED_EDGE('',*,*,#3127,.T.);
#4030=ORIENTED_EDGE('',*,*,#3128,.T.);
#4031=ORIENTED_EDGE('',*,*,#3129,.T.);
#4032=ORIENTED_EDGE('',*,*,#3130,.T.);
#4033=ORIENTED_EDGE('',*,*,#3131,.T.);
#4034=ORIENTED_EDGE('',*,*,#3132,.T.);
#4035=ORIENTED_EDGE('',*,*,#3133,.T.);
#4036=ORIENTED_EDGE('',*,*,#3134,.F.);
#4037=ORIENTED_EDGE('',*,*,#3135,.T.);
#4038=ORIENTED_EDGE('',*,*,#3136,.F.);
#4039=ORIENTED_EDGE('',*,*,#3137,.F.);
#4040=ORIENTED_EDGE('',*,*,#3138,.F.);
#4041=ORIENTED_EDGE('',*,*,#3137,.T.);
#4042=ORIENTED_EDGE('',*,*,#3139,.F.);
#4043=ORIENTED_EDGE('',*,*,#3140,.F.);
#4044=ORIENTED_EDGE('',*,*,#3141,.F.);
#4045=ORIENTED_EDGE('',*,*,#3142,.F.);
#4046=ORIENTED_EDGE('',*,*,#3143,.F.);
#4047=ORIENTED_EDGE('',*,*,#3135,.F.);
#4048=ORIENTED_EDGE('',*,*,#3143,.T.);
#4049=ORIENTED_EDGE('',*,*,#3144,.F.);
#4050=ORIENTED_EDGE('',*,*,#3139,.T.);
#4051=ORIENTED_EDGE('',*,*,#3136,.T.);
#4052=ORIENTED_EDGE('',*,*,#3145,.T.);
#4053=ORIENTED_EDGE('',*,*,#3146,.T.);
#4054=ORIENTED_EDGE('',*,*,#3147,.T.);
#4055=ORIENTED_EDGE('',*,*,#3148,.T.);
#4056=ORIENTED_EDGE('',*,*,#3149,.T.);
#4057=ORIENTED_EDGE('',*,*,#3150,.T.);
#4058=ORIENTED_EDGE('',*,*,#3151,.T.);
#4059=ORIENTED_EDGE('',*,*,#3152,.T.);
#4060=ORIENTED_EDGE('',*,*,#3153,.T.);
#4061=ORIENTED_EDGE('',*,*,#3154,.T.);
#4062=ORIENTED_EDGE('',*,*,#3155,.T.);
#4063=ORIENTED_EDGE('',*,*,#3156,.T.);
#4064=ORIENTED_EDGE('',*,*,#3141,.T.);
#4065=ORIENTED_EDGE('',*,*,#3134,.T.);
#4066=ORIENTED_EDGE('',*,*,#3138,.T.);
#4067=ORIENTED_EDGE('',*,*,#3157,.T.);
#4068=ORIENTED_EDGE('',*,*,#3158,.T.);
#4069=ORIENTED_EDGE('',*,*,#3159,.T.);
#4070=ORIENTED_EDGE('',*,*,#3160,.T.);
#4071=ORIENTED_EDGE('',*,*,#3161,.T.);
#4072=ORIENTED_EDGE('',*,*,#3106,.T.);
#4073=ORIENTED_EDGE('',*,*,#3099,.T.);
#4074=ORIENTED_EDGE('',*,*,#3100,.F.);
#4075=ORIENTED_EDGE('',*,*,#3093,.T.);
#4076=ORIENTED_EDGE('',*,*,#3162,.T.);
#4077=ORIENTED_EDGE('',*,*,#3163,.T.);
#4078=ORIENTED_EDGE('',*,*,#3164,.T.);
#4079=ORIENTED_EDGE('',*,*,#3165,.T.);
#4080=ORIENTED_EDGE('',*,*,#3159,.F.);
#4081=ORIENTED_EDGE('',*,*,#3166,.T.);
#4082=ORIENTED_EDGE('',*,*,#3167,.F.);
#4083=ORIENTED_EDGE('',*,*,#3168,.F.);
#4084=ORIENTED_EDGE('',*,*,#3160,.F.);
#4085=ORIENTED_EDGE('',*,*,#3168,.T.);
#4086=ORIENTED_EDGE('',*,*,#3169,.F.);
#4087=ORIENTED_EDGE('',*,*,#3170,.F.);
#4088=ORIENTED_EDGE('',*,*,#3158,.F.);
#4089=ORIENTED_EDGE('',*,*,#3171,.F.);
#4090=ORIENTED_EDGE('',*,*,#3172,.F.);
#4091=ORIENTED_EDGE('',*,*,#3166,.F.);
#4092=ORIENTED_EDGE('',*,*,#3172,.T.);
#4093=ORIENTED_EDGE('',*,*,#3173,.F.);
#4094=ORIENTED_EDGE('',*,*,#3169,.T.);
#4095=ORIENTED_EDGE('',*,*,#3167,.T.);
#4096=ORIENTED_EDGE('',*,*,#3142,.T.);
#4097=ORIENTED_EDGE('',*,*,#3156,.F.);
#4098=ORIENTED_EDGE('',*,*,#3174,.T.);
#4099=ORIENTED_EDGE('',*,*,#3175,.F.);
#4100=ORIENTED_EDGE('',*,*,#3107,.T.);
#4101=ORIENTED_EDGE('',*,*,#3161,.F.);
#4102=ORIENTED_EDGE('',*,*,#3170,.T.);
#4103=ORIENTED_EDGE('',*,*,#3173,.T.);
#4104=ORIENTED_EDGE('',*,*,#3171,.T.);
#4105=ORIENTED_EDGE('',*,*,#3157,.F.);
#4106=ORIENTED_EDGE('',*,*,#3140,.T.);
#4107=ORIENTED_EDGE('',*,*,#3144,.T.);
#4108=ORIENTED_EDGE('',*,*,#3176,.T.);
#4109=ORIENTED_EDGE('',*,*,#3177,.T.);
#4110=ORIENTED_EDGE('',*,*,#3178,.T.);
#4111=ORIENTED_EDGE('',*,*,#3179,.T.);
#4112=ORIENTED_EDGE('',*,*,#3153,.F.);
#4113=ORIENTED_EDGE('',*,*,#3180,.T.);
#4114=ORIENTED_EDGE('',*,*,#3181,.F.);
#4115=ORIENTED_EDGE('',*,*,#3182,.F.);
#4116=ORIENTED_EDGE('',*,*,#3151,.F.);
#4117=ORIENTED_EDGE('',*,*,#3183,.F.);
#4118=ORIENTED_EDGE('',*,*,#3184,.F.);
#4119=ORIENTED_EDGE('',*,*,#3185,.F.);
#4120=ORIENTED_EDGE('',*,*,#3152,.F.);
#4121=ORIENTED_EDGE('',*,*,#3185,.T.);
#4122=ORIENTED_EDGE('',*,*,#3186,.F.);
#4123=ORIENTED_EDGE('',*,*,#3180,.F.);
#4124=ORIENTED_EDGE('',*,*,#3186,.T.);
#4125=ORIENTED_EDGE('',*,*,#3184,.T.);
#4126=ORIENTED_EDGE('',*,*,#3187,.F.);
#4127=ORIENTED_EDGE('',*,*,#3181,.T.);
#4128=ORIENTED_EDGE('',*,*,#3149,.F.);
#4129=ORIENTED_EDGE('',*,*,#3188,.T.);
#4130=ORIENTED_EDGE('',*,*,#3189,.F.);
#4131=ORIENTED_EDGE('',*,*,#3190,.F.);
#4132=ORIENTED_EDGE('',*,*,#3147,.F.);
#4133=ORIENTED_EDGE('',*,*,#3191,.F.);
#4134=ORIENTED_EDGE('',*,*,#3192,.F.);
#4135=ORIENTED_EDGE('',*,*,#3193,.F.);
#4136=ORIENTED_EDGE('',*,*,#3148,.F.);
#4137=ORIENTED_EDGE('',*,*,#3193,.T.);
#4138=ORIENTED_EDGE('',*,*,#3194,.F.);
#4139=ORIENTED_EDGE('',*,*,#3188,.F.);
#4140=ORIENTED_EDGE('',*,*,#3194,.T.);
#4141=ORIENTED_EDGE('',*,*,#3192,.T.);
#4142=ORIENTED_EDGE('',*,*,#3195,.F.);
#4143=ORIENTED_EDGE('',*,*,#3189,.T.);
#4144=ORIENTED_EDGE('',*,*,#3177,.F.);
#4145=ORIENTED_EDGE('',*,*,#3196,.T.);
#4146=ORIENTED_EDGE('',*,*,#3197,.T.);
#4147=ORIENTED_EDGE('',*,*,#3198,.T.);
#4148=ORIENTED_EDGE('',*,*,#3176,.F.);
#4149=ORIENTED_EDGE('',*,*,#3199,.F.);
#4150=ORIENTED_EDGE('',*,*,#3200,.F.);
#4151=ORIENTED_EDGE('',*,*,#3196,.F.);
#4152=ORIENTED_EDGE('',*,*,#3197,.F.);
#4153=ORIENTED_EDGE('',*,*,#3200,.T.);
#4154=ORIENTED_EDGE('',*,*,#3201,.F.);
#4155=ORIENTED_EDGE('',*,*,#3202,.F.);
#4156=ORIENTED_EDGE('',*,*,#3178,.F.);
#4157=ORIENTED_EDGE('',*,*,#3198,.F.);
#4158=ORIENTED_EDGE('',*,*,#3202,.T.);
#4159=ORIENTED_EDGE('',*,*,#3203,.F.);
#4160=ORIENTED_EDGE('',*,*,#3179,.F.);
#4161=ORIENTED_EDGE('',*,*,#3203,.T.);
#4162=ORIENTED_EDGE('',*,*,#3201,.T.);
#4163=ORIENTED_EDGE('',*,*,#3199,.T.);
#4164=ORIENTED_EDGE('',*,*,#3204,.F.);
#4165=ORIENTED_EDGE('',*,*,#3205,.F.);
#4166=ORIENTED_EDGE('',*,*,#3206,.F.);
#4167=ORIENTED_EDGE('',*,*,#3207,.F.);
#4168=ORIENTED_EDGE('',*,*,#3208,.F.);
#4169=ORIENTED_EDGE('',*,*,#3209,.F.);
#4170=ORIENTED_EDGE('',*,*,#3210,.F.);
#4171=ORIENTED_EDGE('',*,*,#3205,.T.);
#4172=ORIENTED_EDGE('',*,*,#3211,.F.);
#4173=ORIENTED_EDGE('',*,*,#3207,.T.);
#4174=ORIENTED_EDGE('',*,*,#3212,.T.);
#4175=ORIENTED_EDGE('',*,*,#3213,.F.);
#4176=ORIENTED_EDGE('',*,*,#3206,.T.);
#4177=ORIENTED_EDGE('',*,*,#3210,.T.);
#4178=ORIENTED_EDGE('',*,*,#3214,.F.);
#4179=ORIENTED_EDGE('',*,*,#3212,.F.);
#4180=ORIENTED_EDGE('',*,*,#3215,.F.);
#4181=ORIENTED_EDGE('',*,*,#3213,.T.);
#4182=ORIENTED_EDGE('',*,*,#3214,.T.);
#4183=ORIENTED_EDGE('',*,*,#3209,.T.);
#4184=ORIENTED_EDGE('',*,*,#3216,.F.);
#4185=ORIENTED_EDGE('',*,*,#3217,.F.);
#4186=ORIENTED_EDGE('',*,*,#3116,.F.);
#4187=ORIENTED_EDGE('',*,*,#3218,.F.);
#4188=ORIENTED_EDGE('',*,*,#3219,.F.);
#4189=ORIENTED_EDGE('',*,*,#3220,.T.);
#4190=ORIENTED_EDGE('',*,*,#3221,.F.);
#4191=ORIENTED_EDGE('',*,*,#3218,.T.);
#4192=ORIENTED_EDGE('',*,*,#3115,.F.);
#4193=ORIENTED_EDGE('',*,*,#3222,.F.);
#4194=ORIENTED_EDGE('',*,*,#3223,.F.);
#4195=ORIENTED_EDGE('',*,*,#3224,.F.);
#4196=ORIENTED_EDGE('',*,*,#3225,.F.);
#4197=ORIENTED_EDGE('',*,*,#3222,.T.);
#4198=ORIENTED_EDGE('',*,*,#3114,.F.);
#4199=ORIENTED_EDGE('',*,*,#3226,.F.);
#4200=ORIENTED_EDGE('',*,*,#3227,.F.);
#4201=ORIENTED_EDGE('',*,*,#3220,.F.);
#4202=ORIENTED_EDGE('',*,*,#3228,.F.);
#4203=ORIENTED_EDGE('',*,*,#3224,.T.);
#4204=ORIENTED_EDGE('',*,*,#3219,.T.);
#4205=ORIENTED_EDGE('',*,*,#3221,.T.);
#4206=ORIENTED_EDGE('',*,*,#3225,.T.);
#4207=ORIENTED_EDGE('',*,*,#3228,.T.);
#4208=ORIENTED_EDGE('',*,*,#3216,.T.);
#4209=ORIENTED_EDGE('',*,*,#3227,.T.);
#4210=ORIENTED_EDGE('',*,*,#3223,.T.);
#4211=ORIENTED_EDGE('',*,*,#3229,.T.);
#4212=ORIENTED_EDGE('',*,*,#3230,.T.);
#4213=ORIENTED_EDGE('',*,*,#3231,.F.);
#4214=ORIENTED_EDGE('',*,*,#3108,.T.);
#4215=ORIENTED_EDGE('',*,*,#3175,.T.);
#4216=ORIENTED_EDGE('',*,*,#3232,.F.);
#4217=ORIENTED_EDGE('',*,*,#3233,.F.);
#4218=ORIENTED_EDGE('',*,*,#3234,.T.);
#4219=ORIENTED_EDGE('',*,*,#3235,.T.);
#4220=ORIENTED_EDGE('',*,*,#3226,.T.);
#4221=ORIENTED_EDGE('',*,*,#3113,.F.);
#4222=ORIENTED_EDGE('',*,*,#3236,.F.);
#4223=ORIENTED_EDGE('',*,*,#3229,.F.);
#4224=ORIENTED_EDGE('',*,*,#3237,.F.);
#4225=ORIENTED_EDGE('',*,*,#3238,.F.);
#4226=ORIENTED_EDGE('',*,*,#3239,.T.);
#4227=ORIENTED_EDGE('',*,*,#3240,.T.);
#4228=ORIENTED_EDGE('',*,*,#3241,.F.);
#4229=ORIENTED_EDGE('',*,*,#3242,.F.);
#4230=ORIENTED_EDGE('',*,*,#3129,.F.);
#4231=ORIENTED_EDGE('',*,*,#3243,.F.);
#4232=ORIENTED_EDGE('',*,*,#3244,.T.);
#4233=ORIENTED_EDGE('',*,*,#3238,.T.);
#4234=ORIENTED_EDGE('',*,*,#3245,.F.);
#4235=ORIENTED_EDGE('',*,*,#3240,.F.);
#4236=ORIENTED_EDGE('',*,*,#3246,.T.);
#4237=ORIENTED_EDGE('',*,*,#3247,.T.);
#4238=ORIENTED_EDGE('',*,*,#3127,.F.);
#4239=ORIENTED_EDGE('',*,*,#3248,.F.);
#4240=ORIENTED_EDGE('',*,*,#3249,.T.);
#4241=ORIENTED_EDGE('',*,*,#3243,.T.);
#4242=ORIENTED_EDGE('',*,*,#3128,.F.);
#4243=ORIENTED_EDGE('',*,*,#3247,.F.);
#4244=ORIENTED_EDGE('',*,*,#3249,.F.);
#4245=ORIENTED_EDGE('',*,*,#3246,.F.);
#4246=ORIENTED_EDGE('',*,*,#3239,.F.);
#4247=ORIENTED_EDGE('',*,*,#3244,.F.);
#4248=ORIENTED_EDGE('',*,*,#3242,.T.);
#4249=ORIENTED_EDGE('',*,*,#3250,.T.);
#4250=ORIENTED_EDGE('',*,*,#3251,.T.);
#4251=ORIENTED_EDGE('',*,*,#3130,.F.);
#4252=ORIENTED_EDGE('',*,*,#3248,.T.);
#4253=ORIENTED_EDGE('',*,*,#3126,.F.);
#4254=ORIENTED_EDGE('',*,*,#3252,.F.);
#4255=ORIENTED_EDGE('',*,*,#3253,.T.);
#4256=ORIENTED_EDGE('',*,*,#3217,.T.);
#4257=ORIENTED_EDGE('',*,*,#3235,.F.);
#4258=ORIENTED_EDGE('',*,*,#3254,.T.);
#4259=ORIENTED_EDGE('',*,*,#3117,.F.);
#4260=ORIENTED_EDGE('',*,*,#3230,.F.);
#4261=ORIENTED_EDGE('',*,*,#3236,.T.);
#4262=ORIENTED_EDGE('',*,*,#3112,.F.);
#4263=ORIENTED_EDGE('',*,*,#3255,.F.);
#4264=ORIENTED_EDGE('',*,*,#3234,.F.);
#4265=ORIENTED_EDGE('',*,*,#3256,.F.);
#4266=ORIENTED_EDGE('',*,*,#3118,.F.);
#4267=ORIENTED_EDGE('',*,*,#3254,.F.);
#4268=ORIENTED_EDGE('',*,*,#3255,.T.);
#4269=ORIENTED_EDGE('',*,*,#3111,.F.);
#4270=ORIENTED_EDGE('',*,*,#3109,.T.);
#4271=ORIENTED_EDGE('',*,*,#3231,.T.);
#4272=ORIENTED_EDGE('',*,*,#3256,.T.);
#4273=ORIENTED_EDGE('',*,*,#3233,.T.);
#4274=ORIENTED_EDGE('',*,*,#3257,.T.);
#4275=ORIENTED_EDGE('',*,*,#3119,.F.);
#4276=ORIENTED_EDGE('',*,*,#3258,.T.);
#4277=ORIENTED_EDGE('',*,*,#3252,.T.);
#4278=ORIENTED_EDGE('',*,*,#3125,.F.);
#4279=ORIENTED_EDGE('',*,*,#3259,.F.);
#4280=ORIENTED_EDGE('',*,*,#3260,.T.);
#4281=ORIENTED_EDGE('',*,*,#3261,.F.);
#4282=ORIENTED_EDGE('',*,*,#3131,.F.);
#4283=ORIENTED_EDGE('',*,*,#3251,.F.);
#4284=ORIENTED_EDGE('',*,*,#3259,.T.);
#4285=ORIENTED_EDGE('',*,*,#3124,.F.);
#4286=ORIENTED_EDGE('',*,*,#3262,.F.);
#4287=ORIENTED_EDGE('',*,*,#3263,.T.);
#4288=ORIENTED_EDGE('',*,*,#3261,.T.);
#4289=ORIENTED_EDGE('',*,*,#3264,.T.);
#4290=ORIENTED_EDGE('',*,*,#3265,.T.);
#4291=ORIENTED_EDGE('',*,*,#3132,.F.);
#4292=ORIENTED_EDGE('',*,*,#3122,.F.);
#4293=ORIENTED_EDGE('',*,*,#3104,.F.);
#4294=ORIENTED_EDGE('',*,*,#3266,.T.);
#4295=ORIENTED_EDGE('',*,*,#3267,.T.);
#4296=ORIENTED_EDGE('',*,*,#3245,.T.);
#4297=ORIENTED_EDGE('',*,*,#3253,.F.);
#4298=ORIENTED_EDGE('',*,*,#3258,.F.);
#4299=ORIENTED_EDGE('',*,*,#3263,.F.);
#4300=ORIENTED_EDGE('',*,*,#3268,.F.);
#4301=ORIENTED_EDGE('',*,*,#3269,.T.);
#4302=ORIENTED_EDGE('',*,*,#3270,.T.);
#4303=ORIENTED_EDGE('',*,*,#3264,.F.);
#4304=ORIENTED_EDGE('',*,*,#3260,.F.);
#4305=ORIENTED_EDGE('',*,*,#3250,.F.);
#4306=ORIENTED_EDGE('',*,*,#3241,.T.);
#4307=ORIENTED_EDGE('',*,*,#3237,.T.);
#4308=ORIENTED_EDGE('',*,*,#3092,.T.);
#4309=ORIENTED_EDGE('',*,*,#3133,.F.);
#4310=ORIENTED_EDGE('',*,*,#3265,.F.);
#4311=ORIENTED_EDGE('',*,*,#3270,.F.);
#4312=ORIENTED_EDGE('',*,*,#3271,.F.);
#4313=ORIENTED_EDGE('',*,*,#3145,.F.);
#4314=ORIENTED_EDGE('',*,*,#3183,.T.);
#4315=ORIENTED_EDGE('',*,*,#3150,.F.);
#4316=ORIENTED_EDGE('',*,*,#3190,.T.);
#4317=ORIENTED_EDGE('',*,*,#3195,.T.);
#4318=ORIENTED_EDGE('',*,*,#3191,.T.);
#4319=ORIENTED_EDGE('',*,*,#3146,.F.);
#4320=ORIENTED_EDGE('',*,*,#3271,.T.);
#4321=ORIENTED_EDGE('',*,*,#3269,.F.);
#4322=ORIENTED_EDGE('',*,*,#3272,.F.);
#4323=ORIENTED_EDGE('',*,*,#3154,.F.);
#4324=ORIENTED_EDGE('',*,*,#3182,.T.);
#4325=ORIENTED_EDGE('',*,*,#3187,.T.);
#4326=ORIENTED_EDGE('',*,*,#3208,.T.);
#4327=ORIENTED_EDGE('',*,*,#3204,.T.);
#4328=ORIENTED_EDGE('',*,*,#3211,.T.);
#4329=ORIENTED_EDGE('',*,*,#3215,.T.);
#4330=ORIENTED_EDGE('',*,*,#3273,.T.);
#4331=ORIENTED_EDGE('',*,*,#3274,.T.);
#4332=ORIENTED_EDGE('',*,*,#3165,.F.);
#4333=ORIENTED_EDGE('',*,*,#3275,.F.);
#4334=ORIENTED_EDGE('',*,*,#3276,.T.);
#4335=ORIENTED_EDGE('',*,*,#3275,.T.);
#4336=ORIENTED_EDGE('',*,*,#3164,.F.);
#4337=ORIENTED_EDGE('',*,*,#3277,.F.);
#4338=ORIENTED_EDGE('',*,*,#3278,.T.);
#4339=ORIENTED_EDGE('',*,*,#3277,.T.);
#4340=ORIENTED_EDGE('',*,*,#3163,.F.);
#4341=ORIENTED_EDGE('',*,*,#3279,.F.);
#4342=ORIENTED_EDGE('',*,*,#3280,.T.);
#4343=ORIENTED_EDGE('',*,*,#3279,.T.);
#4344=ORIENTED_EDGE('',*,*,#3162,.F.);
#4345=ORIENTED_EDGE('',*,*,#3274,.F.);
#4346=ORIENTED_EDGE('',*,*,#3281,.T.);
#4347=ORIENTED_EDGE('',*,*,#3282,.T.);
#4348=ORIENTED_EDGE('',*,*,#3120,.F.);
#4349=ORIENTED_EDGE('',*,*,#3257,.F.);
#4350=ORIENTED_EDGE('',*,*,#3232,.T.);
#4351=ORIENTED_EDGE('',*,*,#3174,.F.);
#4352=ORIENTED_EDGE('',*,*,#3155,.F.);
#4353=ORIENTED_EDGE('',*,*,#3272,.T.);
#4354=ORIENTED_EDGE('',*,*,#3268,.T.);
#4355=ORIENTED_EDGE('',*,*,#3262,.T.);
#4356=ORIENTED_EDGE('',*,*,#3123,.F.);
#4357=ORIENTED_EDGE('',*,*,#3267,.F.);
#4358=ORIENTED_EDGE('',*,*,#3121,.F.);
#4359=ORIENTED_EDGE('',*,*,#3282,.F.);
#4360=ORIENTED_EDGE('',*,*,#3283,.T.);
#4361=ORIENTED_EDGE('',*,*,#3102,.T.);
#4362=ORIENTED_EDGE('',*,*,#3283,.F.);
#4363=ORIENTED_EDGE('',*,*,#3281,.F.);
#4364=ORIENTED_EDGE('',*,*,#3266,.F.);
#4365=ORIENTED_EDGE('',*,*,#3103,.F.);
#4366=ORIENTED_EDGE('',*,*,#3280,.F.);
#4367=ORIENTED_EDGE('',*,*,#3273,.F.);
#4368=ORIENTED_EDGE('',*,*,#3276,.F.);
#4369=ORIENTED_EDGE('',*,*,#3278,.F.);
#4370=ORIENTED_EDGE('',*,*,#3284,.F.);
#4371=ORIENTED_EDGE('',*,*,#3285,.T.);
#4372=ORIENTED_EDGE('',*,*,#3286,.F.);
#4373=ORIENTED_EDGE('',*,*,#3287,.F.);
#4374=ORIENTED_EDGE('',*,*,#3288,.F.);
#4375=ORIENTED_EDGE('',*,*,#3289,.T.);
#4376=ORIENTED_EDGE('',*,*,#3290,.F.);
#4377=ORIENTED_EDGE('',*,*,#3285,.F.);
#4378=ORIENTED_EDGE('',*,*,#3291,.F.);
#4379=ORIENTED_EDGE('',*,*,#3292,.F.);
#4380=ORIENTED_EDGE('',*,*,#3293,.F.);
#4381=ORIENTED_EDGE('',*,*,#3289,.F.);
#4382=ORIENTED_EDGE('',*,*,#3291,.T.);
#4383=ORIENTED_EDGE('',*,*,#3288,.T.);
#4384=ORIENTED_EDGE('',*,*,#3284,.T.);
#4385=ORIENTED_EDGE('',*,*,#3294,.F.);
#4386=ORIENTED_EDGE('',*,*,#3295,.F.);
#4387=ORIENTED_EDGE('',*,*,#3296,.F.);
#4388=ORIENTED_EDGE('',*,*,#3297,.T.);
#4389=ORIENTED_EDGE('',*,*,#3298,.T.);
#4390=ORIENTED_EDGE('',*,*,#3299,.T.);
#4391=ORIENTED_EDGE('',*,*,#3300,.F.);
#4392=ORIENTED_EDGE('',*,*,#3301,.F.);
#4393=ORIENTED_EDGE('',*,*,#3302,.F.);
#4394=ORIENTED_EDGE('',*,*,#3287,.T.);
#4395=ORIENTED_EDGE('',*,*,#3303,.F.);
#4396=ORIENTED_EDGE('',*,*,#3304,.F.);
#4397=ORIENTED_EDGE('',*,*,#3294,.T.);
#4398=ORIENTED_EDGE('',*,*,#3305,.F.);
#4399=ORIENTED_EDGE('',*,*,#3306,.F.);
#4400=ORIENTED_EDGE('',*,*,#3297,.F.);
#4401=ORIENTED_EDGE('',*,*,#3307,.F.);
#4402=ORIENTED_EDGE('',*,*,#3308,.F.);
#4403=ORIENTED_EDGE('',*,*,#3309,.F.);
#4404=ORIENTED_EDGE('',*,*,#3299,.F.);
#4405=ORIENTED_EDGE('',*,*,#3310,.T.);
#4406=ORIENTED_EDGE('',*,*,#3311,.F.);
#4407=ORIENTED_EDGE('',*,*,#3310,.F.);
#4408=ORIENTED_EDGE('',*,*,#3298,.F.);
#4409=ORIENTED_EDGE('',*,*,#3306,.T.);
#4410=ORIENTED_EDGE('',*,*,#3309,.T.);
#4411=ORIENTED_EDGE('',*,*,#3312,.F.);
#4412=ORIENTED_EDGE('',*,*,#3313,.F.);
#4413=ORIENTED_EDGE('',*,*,#3300,.T.);
#4414=ORIENTED_EDGE('',*,*,#3307,.T.);
#4415=ORIENTED_EDGE('',*,*,#3296,.T.);
#4416=ORIENTED_EDGE('',*,*,#3314,.T.);
#4417=ORIENTED_EDGE('',*,*,#3315,.F.);
#4418=ORIENTED_EDGE('',*,*,#3316,.F.);
#4419=ORIENTED_EDGE('',*,*,#3317,.T.);
#4420=ORIENTED_EDGE('',*,*,#3318,.F.);
#4421=ORIENTED_EDGE('',*,*,#3317,.F.);
#4422=ORIENTED_EDGE('',*,*,#3316,.T.);
#4423=ORIENTED_EDGE('',*,*,#3319,.F.);
#4424=ORIENTED_EDGE('',*,*,#3320,.T.);
#4425=ORIENTED_EDGE('',*,*,#3321,.F.);
#4426=ORIENTED_EDGE('',*,*,#3320,.F.);
#4427=ORIENTED_EDGE('',*,*,#3319,.T.);
#4428=ORIENTED_EDGE('',*,*,#3322,.F.);
#4429=ORIENTED_EDGE('',*,*,#3323,.T.);
#4430=ORIENTED_EDGE('',*,*,#3324,.F.);
#4431=ORIENTED_EDGE('',*,*,#3323,.F.);
#4432=ORIENTED_EDGE('',*,*,#3322,.T.);
#4433=ORIENTED_EDGE('',*,*,#3325,.F.);
#4434=ORIENTED_EDGE('',*,*,#3326,.T.);
#4435=ORIENTED_EDGE('',*,*,#3327,.F.);
#4436=ORIENTED_EDGE('',*,*,#3326,.F.);
#4437=ORIENTED_EDGE('',*,*,#3325,.T.);
#4438=ORIENTED_EDGE('',*,*,#3328,.F.);
#4439=ORIENTED_EDGE('',*,*,#3329,.T.);
#4440=ORIENTED_EDGE('',*,*,#3330,.F.);
#4441=ORIENTED_EDGE('',*,*,#3329,.F.);
#4442=ORIENTED_EDGE('',*,*,#3328,.T.);
#4443=ORIENTED_EDGE('',*,*,#3331,.F.);
#4444=ORIENTED_EDGE('',*,*,#3332,.T.);
#4445=ORIENTED_EDGE('',*,*,#3333,.F.);
#4446=ORIENTED_EDGE('',*,*,#3332,.F.);
#4447=ORIENTED_EDGE('',*,*,#3331,.T.);
#4448=ORIENTED_EDGE('',*,*,#3295,.T.);
#4449=ORIENTED_EDGE('',*,*,#3304,.T.);
#4450=ORIENTED_EDGE('',*,*,#3334,.F.);
#4451=ORIENTED_EDGE('',*,*,#3314,.F.);
#4452=ORIENTED_EDGE('',*,*,#3301,.T.);
#4453=ORIENTED_EDGE('',*,*,#3313,.T.);
#4454=ORIENTED_EDGE('',*,*,#3335,.F.);
#4455=ORIENTED_EDGE('',*,*,#3336,.F.);
#4456=ORIENTED_EDGE('',*,*,#3292,.T.);
#4457=ORIENTED_EDGE('',*,*,#3302,.T.);
#4458=ORIENTED_EDGE('',*,*,#3336,.T.);
#4459=ORIENTED_EDGE('',*,*,#3337,.F.);
#4460=ORIENTED_EDGE('',*,*,#3293,.T.);
#4461=ORIENTED_EDGE('',*,*,#3337,.T.);
#4462=ORIENTED_EDGE('',*,*,#3335,.T.);
#4463=ORIENTED_EDGE('',*,*,#3312,.T.);
#4464=ORIENTED_EDGE('',*,*,#3308,.T.);
#4465=ORIENTED_EDGE('',*,*,#3311,.T.);
#4466=ORIENTED_EDGE('',*,*,#3305,.T.);
#4467=ORIENTED_EDGE('',*,*,#3315,.T.);
#4468=ORIENTED_EDGE('',*,*,#3334,.T.);
#4469=ORIENTED_EDGE('',*,*,#3303,.T.);
#4470=ORIENTED_EDGE('',*,*,#3286,.T.);
#4471=ORIENTED_EDGE('',*,*,#3290,.T.);
#4472=ORIENTED_EDGE('',*,*,#3318,.T.);
#4473=ORIENTED_EDGE('',*,*,#3321,.T.);
#4474=ORIENTED_EDGE('',*,*,#3324,.T.);
#4475=ORIENTED_EDGE('',*,*,#3327,.T.);
#4476=ORIENTED_EDGE('',*,*,#3330,.T.);
#4477=ORIENTED_EDGE('',*,*,#3333,.T.);
#4478=ORIENTED_EDGE('',*,*,#3338,.F.);
#4479=ORIENTED_EDGE('',*,*,#3339,.F.);
#4480=ORIENTED_EDGE('',*,*,#3340,.T.);
#4481=ORIENTED_EDGE('',*,*,#3341,.T.);
#4482=ORIENTED_EDGE('',*,*,#3342,.F.);
#4483=ORIENTED_EDGE('',*,*,#3341,.F.);
#4484=ORIENTED_EDGE('',*,*,#3343,.T.);
#4485=ORIENTED_EDGE('',*,*,#3344,.T.);
#4486=ORIENTED_EDGE('',*,*,#3345,.F.);
#4487=ORIENTED_EDGE('',*,*,#3344,.F.);
#4488=ORIENTED_EDGE('',*,*,#3346,.T.);
#4489=ORIENTED_EDGE('',*,*,#3347,.T.);
#4490=ORIENTED_EDGE('',*,*,#3348,.F.);
#4491=ORIENTED_EDGE('',*,*,#3347,.F.);
#4492=ORIENTED_EDGE('',*,*,#3349,.T.);
#4493=ORIENTED_EDGE('',*,*,#3339,.T.);
#4494=ORIENTED_EDGE('',*,*,#3343,.F.);
#4495=ORIENTED_EDGE('',*,*,#3340,.F.);
#4496=ORIENTED_EDGE('',*,*,#3349,.F.);
#4497=ORIENTED_EDGE('',*,*,#3346,.F.);
#4498=ORIENTED_EDGE('',*,*,#3350,.F.);
#4499=ORIENTED_EDGE('',*,*,#3351,.F.);
#4500=ORIENTED_EDGE('',*,*,#3352,.T.);
#4501=ORIENTED_EDGE('',*,*,#3353,.T.);
#4502=ORIENTED_EDGE('',*,*,#3354,.F.);
#4503=ORIENTED_EDGE('',*,*,#3353,.F.);
#4504=ORIENTED_EDGE('',*,*,#3355,.T.);
#4505=ORIENTED_EDGE('',*,*,#3356,.T.);
#4506=ORIENTED_EDGE('',*,*,#3357,.F.);
#4507=ORIENTED_EDGE('',*,*,#3356,.F.);
#4508=ORIENTED_EDGE('',*,*,#3358,.T.);
#4509=ORIENTED_EDGE('',*,*,#3359,.T.);
#4510=ORIENTED_EDGE('',*,*,#3360,.F.);
#4511=ORIENTED_EDGE('',*,*,#3359,.F.);
#4512=ORIENTED_EDGE('',*,*,#3361,.T.);
#4513=ORIENTED_EDGE('',*,*,#3362,.T.);
#4514=ORIENTED_EDGE('',*,*,#3363,.F.);
#4515=ORIENTED_EDGE('',*,*,#3362,.F.);
#4516=ORIENTED_EDGE('',*,*,#3364,.T.);
#4517=ORIENTED_EDGE('',*,*,#3365,.T.);
#4518=ORIENTED_EDGE('',*,*,#3366,.F.);
#4519=ORIENTED_EDGE('',*,*,#3365,.F.);
#4520=ORIENTED_EDGE('',*,*,#3367,.T.);
#4521=ORIENTED_EDGE('',*,*,#3368,.T.);
#4522=ORIENTED_EDGE('',*,*,#3369,.F.);
#4523=ORIENTED_EDGE('',*,*,#3368,.F.);
#4524=ORIENTED_EDGE('',*,*,#3370,.T.);
#4525=ORIENTED_EDGE('',*,*,#3371,.T.);
#4526=ORIENTED_EDGE('',*,*,#3372,.F.);
#4527=ORIENTED_EDGE('',*,*,#3371,.F.);
#4528=ORIENTED_EDGE('',*,*,#3373,.T.);
#4529=ORIENTED_EDGE('',*,*,#3374,.T.);
#4530=ORIENTED_EDGE('',*,*,#3375,.F.);
#4531=ORIENTED_EDGE('',*,*,#3374,.F.);
#4532=ORIENTED_EDGE('',*,*,#3376,.T.);
#4533=ORIENTED_EDGE('',*,*,#3377,.T.);
#4534=ORIENTED_EDGE('',*,*,#3378,.F.);
#4535=ORIENTED_EDGE('',*,*,#3377,.F.);
#4536=ORIENTED_EDGE('',*,*,#3379,.T.);
#4537=ORIENTED_EDGE('',*,*,#3380,.T.);
#4538=ORIENTED_EDGE('',*,*,#3381,.F.);
#4539=ORIENTED_EDGE('',*,*,#3380,.F.);
#4540=ORIENTED_EDGE('',*,*,#3382,.T.);
#4541=ORIENTED_EDGE('',*,*,#3383,.T.);
#4542=ORIENTED_EDGE('',*,*,#3384,.F.);
#4543=ORIENTED_EDGE('',*,*,#3383,.F.);
#4544=ORIENTED_EDGE('',*,*,#3385,.T.);
#4545=ORIENTED_EDGE('',*,*,#3386,.T.);
#4546=ORIENTED_EDGE('',*,*,#3387,.F.);
#4547=ORIENTED_EDGE('',*,*,#3386,.F.);
#4548=ORIENTED_EDGE('',*,*,#3388,.T.);
#4549=ORIENTED_EDGE('',*,*,#3389,.T.);
#4550=ORIENTED_EDGE('',*,*,#3390,.F.);
#4551=ORIENTED_EDGE('',*,*,#3389,.F.);
#4552=ORIENTED_EDGE('',*,*,#3391,.T.);
#4553=ORIENTED_EDGE('',*,*,#3392,.T.);
#4554=ORIENTED_EDGE('',*,*,#3393,.F.);
#4555=ORIENTED_EDGE('',*,*,#3392,.F.);
#4556=ORIENTED_EDGE('',*,*,#3394,.T.);
#4557=ORIENTED_EDGE('',*,*,#3395,.T.);
#4558=ORIENTED_EDGE('',*,*,#3396,.F.);
#4559=ORIENTED_EDGE('',*,*,#3395,.F.);
#4560=ORIENTED_EDGE('',*,*,#3397,.T.);
#4561=ORIENTED_EDGE('',*,*,#3398,.T.);
#4562=ORIENTED_EDGE('',*,*,#3399,.F.);
#4563=ORIENTED_EDGE('',*,*,#3398,.F.);
#4564=ORIENTED_EDGE('',*,*,#3400,.T.);
#4565=ORIENTED_EDGE('',*,*,#3401,.T.);
#4566=ORIENTED_EDGE('',*,*,#3402,.F.);
#4567=ORIENTED_EDGE('',*,*,#3401,.F.);
#4568=ORIENTED_EDGE('',*,*,#3403,.T.);
#4569=ORIENTED_EDGE('',*,*,#3404,.T.);
#4570=ORIENTED_EDGE('',*,*,#3405,.F.);
#4571=ORIENTED_EDGE('',*,*,#3404,.F.);
#4572=ORIENTED_EDGE('',*,*,#3406,.T.);
#4573=ORIENTED_EDGE('',*,*,#3407,.T.);
#4574=ORIENTED_EDGE('',*,*,#3408,.F.);
#4575=ORIENTED_EDGE('',*,*,#3407,.F.);
#4576=ORIENTED_EDGE('',*,*,#3409,.T.);
#4577=ORIENTED_EDGE('',*,*,#3410,.T.);
#4578=ORIENTED_EDGE('',*,*,#3411,.F.);
#4579=ORIENTED_EDGE('',*,*,#3410,.F.);
#4580=ORIENTED_EDGE('',*,*,#3412,.T.);
#4581=ORIENTED_EDGE('',*,*,#3413,.T.);
#4582=ORIENTED_EDGE('',*,*,#3414,.F.);
#4583=ORIENTED_EDGE('',*,*,#3413,.F.);
#4584=ORIENTED_EDGE('',*,*,#3415,.T.);
#4585=ORIENTED_EDGE('',*,*,#3351,.T.);
#4586=ORIENTED_EDGE('',*,*,#3382,.F.);
#4587=ORIENTED_EDGE('',*,*,#3379,.F.);
#4588=ORIENTED_EDGE('',*,*,#3376,.F.);
#4589=ORIENTED_EDGE('',*,*,#3373,.F.);
#4590=ORIENTED_EDGE('',*,*,#3370,.F.);
#4591=ORIENTED_EDGE('',*,*,#3367,.F.);
#4592=ORIENTED_EDGE('',*,*,#3364,.F.);
#4593=ORIENTED_EDGE('',*,*,#3361,.F.);
#4594=ORIENTED_EDGE('',*,*,#3358,.F.);
#4595=ORIENTED_EDGE('',*,*,#3355,.F.);
#4596=ORIENTED_EDGE('',*,*,#3352,.F.);
#4597=ORIENTED_EDGE('',*,*,#3415,.F.);
#4598=ORIENTED_EDGE('',*,*,#3412,.F.);
#4599=ORIENTED_EDGE('',*,*,#3409,.F.);
#4600=ORIENTED_EDGE('',*,*,#3406,.F.);
#4601=ORIENTED_EDGE('',*,*,#3403,.F.);
#4602=ORIENTED_EDGE('',*,*,#3400,.F.);
#4603=ORIENTED_EDGE('',*,*,#3397,.F.);
#4604=ORIENTED_EDGE('',*,*,#3394,.F.);
#4605=ORIENTED_EDGE('',*,*,#3391,.F.);
#4606=ORIENTED_EDGE('',*,*,#3388,.F.);
#4607=ORIENTED_EDGE('',*,*,#3385,.F.);
#4608=ORIENTED_EDGE('',*,*,#3416,.F.);
#4609=ORIENTED_EDGE('',*,*,#3417,.F.);
#4610=ORIENTED_EDGE('',*,*,#3418,.T.);
#4611=ORIENTED_EDGE('',*,*,#3419,.T.);
#4612=ORIENTED_EDGE('',*,*,#3420,.F.);
#4613=ORIENTED_EDGE('',*,*,#3419,.F.);
#4614=ORIENTED_EDGE('',*,*,#3421,.T.);
#4615=ORIENTED_EDGE('',*,*,#3422,.T.);
#4616=ORIENTED_EDGE('',*,*,#3423,.F.);
#4617=ORIENTED_EDGE('',*,*,#3424,.F.);
#4618=ORIENTED_EDGE('',*,*,#3425,.T.);
#4619=ORIENTED_EDGE('',*,*,#3426,.T.);
#4620=ORIENTED_EDGE('',*,*,#3427,.F.);
#4621=ORIENTED_EDGE('',*,*,#3426,.F.);
#4622=ORIENTED_EDGE('',*,*,#3428,.T.);
#4623=ORIENTED_EDGE('',*,*,#3429,.T.);
#4624=ORIENTED_EDGE('',*,*,#3430,.F.);
#4625=ORIENTED_EDGE('',*,*,#3429,.F.);
#4626=ORIENTED_EDGE('',*,*,#3431,.T.);
#4627=ORIENTED_EDGE('',*,*,#3432,.T.);
#4628=ORIENTED_EDGE('',*,*,#3433,.F.);
#4629=ORIENTED_EDGE('',*,*,#3432,.F.);
#4630=ORIENTED_EDGE('',*,*,#3434,.T.);
#4631=ORIENTED_EDGE('',*,*,#3435,.T.);
#4632=ORIENTED_EDGE('',*,*,#3436,.F.);
#4633=ORIENTED_EDGE('',*,*,#3422,.F.);
#4634=ORIENTED_EDGE('',*,*,#3437,.T.);
#4635=ORIENTED_EDGE('',*,*,#3438,.T.);
#4636=ORIENTED_EDGE('',*,*,#3439,.F.);
#4637=ORIENTED_EDGE('',*,*,#3438,.F.);
#4638=ORIENTED_EDGE('',*,*,#3440,.T.);
#4639=ORIENTED_EDGE('',*,*,#3441,.T.);
#4640=ORIENTED_EDGE('',*,*,#3442,.F.);
#4641=ORIENTED_EDGE('',*,*,#3441,.F.);
#4642=ORIENTED_EDGE('',*,*,#3443,.T.);
#4643=ORIENTED_EDGE('',*,*,#3417,.T.);
#4644=ORIENTED_EDGE('',*,*,#3444,.F.);
#4645=ORIENTED_EDGE('',*,*,#3435,.F.);
#4646=ORIENTED_EDGE('',*,*,#3445,.T.);
#4647=ORIENTED_EDGE('',*,*,#3446,.T.);
#4648=ORIENTED_EDGE('',*,*,#3447,.F.);
#4649=ORIENTED_EDGE('',*,*,#3446,.F.);
#4650=ORIENTED_EDGE('',*,*,#3448,.T.);
#4651=ORIENTED_EDGE('',*,*,#3449,.T.);
#4652=ORIENTED_EDGE('',*,*,#3450,.F.);
#4653=ORIENTED_EDGE('',*,*,#3449,.F.);
#4654=ORIENTED_EDGE('',*,*,#3451,.T.);
#4655=ORIENTED_EDGE('',*,*,#3452,.T.);
#4656=ORIENTED_EDGE('',*,*,#3453,.F.);
#4657=ORIENTED_EDGE('',*,*,#3452,.F.);
#4658=ORIENTED_EDGE('',*,*,#3454,.T.);
#4659=ORIENTED_EDGE('',*,*,#3424,.T.);
#4660=ORIENTED_EDGE('',*,*,#3434,.F.);
#4661=ORIENTED_EDGE('',*,*,#3431,.F.);
#4662=ORIENTED_EDGE('',*,*,#3428,.F.);
#4663=ORIENTED_EDGE('',*,*,#3425,.F.);
#4664=ORIENTED_EDGE('',*,*,#3454,.F.);
#4665=ORIENTED_EDGE('',*,*,#3451,.F.);
#4666=ORIENTED_EDGE('',*,*,#3448,.F.);
#4667=ORIENTED_EDGE('',*,*,#3445,.F.);
#4668=ORIENTED_EDGE('',*,*,#3421,.F.);
#4669=ORIENTED_EDGE('',*,*,#3418,.F.);
#4670=ORIENTED_EDGE('',*,*,#3443,.F.);
#4671=ORIENTED_EDGE('',*,*,#3440,.F.);
#4672=ORIENTED_EDGE('',*,*,#3437,.F.);
#4673=ORIENTED_EDGE('',*,*,#3455,.F.);
#4674=ORIENTED_EDGE('',*,*,#3456,.F.);
#4675=ORIENTED_EDGE('',*,*,#3457,.T.);
#4676=ORIENTED_EDGE('',*,*,#3458,.T.);
#4677=ORIENTED_EDGE('',*,*,#3459,.F.);
#4678=ORIENTED_EDGE('',*,*,#3458,.F.);
#4679=ORIENTED_EDGE('',*,*,#3460,.T.);
#4680=ORIENTED_EDGE('',*,*,#3461,.T.);
#4681=ORIENTED_EDGE('',*,*,#3462,.F.);
#4682=ORIENTED_EDGE('',*,*,#3461,.F.);
#4683=ORIENTED_EDGE('',*,*,#3463,.T.);
#4684=ORIENTED_EDGE('',*,*,#3464,.T.);
#4685=ORIENTED_EDGE('',*,*,#3465,.F.);
#4686=ORIENTED_EDGE('',*,*,#3464,.F.);
#4687=ORIENTED_EDGE('',*,*,#3466,.T.);
#4688=ORIENTED_EDGE('',*,*,#3467,.T.);
#4689=ORIENTED_EDGE('',*,*,#3468,.F.);
#4690=ORIENTED_EDGE('',*,*,#3467,.F.);
#4691=ORIENTED_EDGE('',*,*,#3469,.T.);
#4692=ORIENTED_EDGE('',*,*,#3470,.T.);
#4693=ORIENTED_EDGE('',*,*,#3471,.F.);
#4694=ORIENTED_EDGE('',*,*,#3470,.F.);
#4695=ORIENTED_EDGE('',*,*,#3472,.T.);
#4696=ORIENTED_EDGE('',*,*,#3473,.T.);
#4697=ORIENTED_EDGE('',*,*,#3474,.F.);
#4698=ORIENTED_EDGE('',*,*,#3473,.F.);
#4699=ORIENTED_EDGE('',*,*,#3475,.T.);
#4700=ORIENTED_EDGE('',*,*,#3476,.T.);
#4701=ORIENTED_EDGE('',*,*,#3477,.F.);
#4702=ORIENTED_EDGE('',*,*,#3476,.F.);
#4703=ORIENTED_EDGE('',*,*,#3478,.T.);
#4704=ORIENTED_EDGE('',*,*,#3456,.T.);
#4705=ORIENTED_EDGE('',*,*,#3466,.F.);
#4706=ORIENTED_EDGE('',*,*,#3463,.F.);
#4707=ORIENTED_EDGE('',*,*,#3460,.F.);
#4708=ORIENTED_EDGE('',*,*,#3457,.F.);
#4709=ORIENTED_EDGE('',*,*,#3478,.F.);
#4710=ORIENTED_EDGE('',*,*,#3475,.F.);
#4711=ORIENTED_EDGE('',*,*,#3472,.F.);
#4712=ORIENTED_EDGE('',*,*,#3469,.F.);
#4713=ORIENTED_EDGE('',*,*,#3479,.F.);
#4714=ORIENTED_EDGE('',*,*,#3480,.F.);
#4715=ORIENTED_EDGE('',*,*,#3481,.T.);
#4716=ORIENTED_EDGE('',*,*,#3482,.T.);
#4717=ORIENTED_EDGE('',*,*,#3483,.F.);
#4718=ORIENTED_EDGE('',*,*,#3482,.F.);
#4719=ORIENTED_EDGE('',*,*,#3484,.T.);
#4720=ORIENTED_EDGE('',*,*,#3485,.T.);
#4721=ORIENTED_EDGE('',*,*,#3486,.F.);
#4722=ORIENTED_EDGE('',*,*,#3485,.F.);
#4723=ORIENTED_EDGE('',*,*,#3487,.T.);
#4724=ORIENTED_EDGE('',*,*,#3488,.T.);
#4725=ORIENTED_EDGE('',*,*,#3489,.F.);
#4726=ORIENTED_EDGE('',*,*,#3488,.F.);
#4727=ORIENTED_EDGE('',*,*,#3490,.T.);
#4728=ORIENTED_EDGE('',*,*,#3491,.T.);
#4729=ORIENTED_EDGE('',*,*,#3492,.F.);
#4730=ORIENTED_EDGE('',*,*,#3491,.F.);
#4731=ORIENTED_EDGE('',*,*,#3493,.T.);
#4732=ORIENTED_EDGE('',*,*,#3494,.T.);
#4733=ORIENTED_EDGE('',*,*,#3495,.F.);
#4734=ORIENTED_EDGE('',*,*,#3494,.F.);
#4735=ORIENTED_EDGE('',*,*,#3496,.T.);
#4736=ORIENTED_EDGE('',*,*,#3497,.T.);
#4737=ORIENTED_EDGE('',*,*,#3498,.F.);
#4738=ORIENTED_EDGE('',*,*,#3497,.F.);
#4739=ORIENTED_EDGE('',*,*,#3499,.T.);
#4740=ORIENTED_EDGE('',*,*,#3500,.T.);
#4741=ORIENTED_EDGE('',*,*,#3501,.F.);
#4742=ORIENTED_EDGE('',*,*,#3500,.F.);
#4743=ORIENTED_EDGE('',*,*,#3502,.T.);
#4744=ORIENTED_EDGE('',*,*,#3503,.T.);
#4745=ORIENTED_EDGE('',*,*,#3504,.F.);
#4746=ORIENTED_EDGE('',*,*,#3503,.F.);
#4747=ORIENTED_EDGE('',*,*,#3505,.T.);
#4748=ORIENTED_EDGE('',*,*,#3506,.T.);
#4749=ORIENTED_EDGE('',*,*,#3507,.F.);
#4750=ORIENTED_EDGE('',*,*,#3506,.F.);
#4751=ORIENTED_EDGE('',*,*,#3508,.T.);
#4752=ORIENTED_EDGE('',*,*,#3509,.T.);
#4753=ORIENTED_EDGE('',*,*,#3510,.F.);
#4754=ORIENTED_EDGE('',*,*,#3509,.F.);
#4755=ORIENTED_EDGE('',*,*,#3511,.T.);
#4756=ORIENTED_EDGE('',*,*,#3512,.T.);
#4757=ORIENTED_EDGE('',*,*,#3513,.F.);
#4758=ORIENTED_EDGE('',*,*,#3512,.F.);
#4759=ORIENTED_EDGE('',*,*,#3514,.T.);
#4760=ORIENTED_EDGE('',*,*,#3480,.T.);
#4761=ORIENTED_EDGE('',*,*,#3496,.F.);
#4762=ORIENTED_EDGE('',*,*,#3493,.F.);
#4763=ORIENTED_EDGE('',*,*,#3490,.F.);
#4764=ORIENTED_EDGE('',*,*,#3487,.F.);
#4765=ORIENTED_EDGE('',*,*,#3484,.F.);
#4766=ORIENTED_EDGE('',*,*,#3481,.F.);
#4767=ORIENTED_EDGE('',*,*,#3514,.F.);
#4768=ORIENTED_EDGE('',*,*,#3511,.F.);
#4769=ORIENTED_EDGE('',*,*,#3508,.F.);
#4770=ORIENTED_EDGE('',*,*,#3505,.F.);
#4771=ORIENTED_EDGE('',*,*,#3502,.F.);
#4772=ORIENTED_EDGE('',*,*,#3499,.F.);
#4773=ORIENTED_EDGE('',*,*,#3515,.F.);
#4774=ORIENTED_EDGE('',*,*,#3516,.F.);
#4775=ORIENTED_EDGE('',*,*,#3517,.T.);
#4776=ORIENTED_EDGE('',*,*,#3518,.T.);
#4777=ORIENTED_EDGE('',*,*,#3519,.F.);
#4778=ORIENTED_EDGE('',*,*,#3518,.F.);
#4779=ORIENTED_EDGE('',*,*,#3520,.T.);
#4780=ORIENTED_EDGE('',*,*,#3521,.T.);
#4781=ORIENTED_EDGE('',*,*,#3522,.F.);
#4782=ORIENTED_EDGE('',*,*,#3521,.F.);
#4783=ORIENTED_EDGE('',*,*,#3523,.T.);
#4784=ORIENTED_EDGE('',*,*,#3524,.T.);
#4785=ORIENTED_EDGE('',*,*,#3525,.F.);
#4786=ORIENTED_EDGE('',*,*,#3524,.F.);
#4787=ORIENTED_EDGE('',*,*,#3526,.T.);
#4788=ORIENTED_EDGE('',*,*,#3527,.T.);
#4789=ORIENTED_EDGE('',*,*,#3528,.F.);
#4790=ORIENTED_EDGE('',*,*,#3529,.F.);
#4791=ORIENTED_EDGE('',*,*,#3530,.T.);
#4792=ORIENTED_EDGE('',*,*,#3531,.T.);
#4793=ORIENTED_EDGE('',*,*,#3532,.F.);
#4794=ORIENTED_EDGE('',*,*,#3531,.F.);
#4795=ORIENTED_EDGE('',*,*,#3533,.T.);
#4796=ORIENTED_EDGE('',*,*,#3534,.T.);
#4797=ORIENTED_EDGE('',*,*,#3535,.F.);
#4798=ORIENTED_EDGE('',*,*,#3534,.F.);
#4799=ORIENTED_EDGE('',*,*,#3536,.T.);
#4800=ORIENTED_EDGE('',*,*,#3537,.T.);
#4801=ORIENTED_EDGE('',*,*,#3538,.F.);
#4802=ORIENTED_EDGE('',*,*,#3537,.F.);
#4803=ORIENTED_EDGE('',*,*,#3539,.T.);
#4804=ORIENTED_EDGE('',*,*,#3540,.T.);
#4805=ORIENTED_EDGE('',*,*,#3541,.F.);
#4806=ORIENTED_EDGE('',*,*,#3540,.F.);
#4807=ORIENTED_EDGE('',*,*,#3542,.T.);
#4808=ORIENTED_EDGE('',*,*,#3543,.T.);
#4809=ORIENTED_EDGE('',*,*,#3544,.F.);
#4810=ORIENTED_EDGE('',*,*,#3527,.F.);
#4811=ORIENTED_EDGE('',*,*,#3545,.T.);
#4812=ORIENTED_EDGE('',*,*,#3546,.T.);
#4813=ORIENTED_EDGE('',*,*,#3547,.F.);
#4814=ORIENTED_EDGE('',*,*,#3546,.F.);
#4815=ORIENTED_EDGE('',*,*,#3548,.T.);
#4816=ORIENTED_EDGE('',*,*,#3549,.T.);
#4817=ORIENTED_EDGE('',*,*,#3550,.F.);
#4818=ORIENTED_EDGE('',*,*,#3549,.F.);
#4819=ORIENTED_EDGE('',*,*,#3551,.T.);
#4820=ORIENTED_EDGE('',*,*,#3552,.T.);
#4821=ORIENTED_EDGE('',*,*,#3553,.F.);
#4822=ORIENTED_EDGE('',*,*,#3552,.F.);
#4823=ORIENTED_EDGE('',*,*,#3554,.T.);
#4824=ORIENTED_EDGE('',*,*,#3555,.T.);
#4825=ORIENTED_EDGE('',*,*,#3556,.F.);
#4826=ORIENTED_EDGE('',*,*,#3555,.F.);
#4827=ORIENTED_EDGE('',*,*,#3557,.T.);
#4828=ORIENTED_EDGE('',*,*,#3516,.T.);
#4829=ORIENTED_EDGE('',*,*,#3558,.F.);
#4830=ORIENTED_EDGE('',*,*,#3543,.F.);
#4831=ORIENTED_EDGE('',*,*,#3559,.T.);
#4832=ORIENTED_EDGE('',*,*,#3560,.T.);
#4833=ORIENTED_EDGE('',*,*,#3561,.F.);
#4834=ORIENTED_EDGE('',*,*,#3560,.F.);
#4835=ORIENTED_EDGE('',*,*,#3562,.T.);
#4836=ORIENTED_EDGE('',*,*,#3563,.T.);
#4837=ORIENTED_EDGE('',*,*,#3564,.F.);
#4838=ORIENTED_EDGE('',*,*,#3563,.F.);
#4839=ORIENTED_EDGE('',*,*,#3565,.T.);
#4840=ORIENTED_EDGE('',*,*,#3566,.T.);
#4841=ORIENTED_EDGE('',*,*,#3567,.F.);
#4842=ORIENTED_EDGE('',*,*,#3566,.F.);
#4843=ORIENTED_EDGE('',*,*,#3568,.T.);
#4844=ORIENTED_EDGE('',*,*,#3569,.T.);
#4845=ORIENTED_EDGE('',*,*,#3570,.F.);
#4846=ORIENTED_EDGE('',*,*,#3569,.F.);
#4847=ORIENTED_EDGE('',*,*,#3571,.T.);
#4848=ORIENTED_EDGE('',*,*,#3572,.T.);
#4849=ORIENTED_EDGE('',*,*,#3573,.F.);
#4850=ORIENTED_EDGE('',*,*,#3572,.F.);
#4851=ORIENTED_EDGE('',*,*,#3574,.T.);
#4852=ORIENTED_EDGE('',*,*,#3529,.T.);
#4853=ORIENTED_EDGE('',*,*,#3542,.F.);
#4854=ORIENTED_EDGE('',*,*,#3539,.F.);
#4855=ORIENTED_EDGE('',*,*,#3536,.F.);
#4856=ORIENTED_EDGE('',*,*,#3533,.F.);
#4857=ORIENTED_EDGE('',*,*,#3530,.F.);
#4858=ORIENTED_EDGE('',*,*,#3574,.F.);
#4859=ORIENTED_EDGE('',*,*,#3571,.F.);
#4860=ORIENTED_EDGE('',*,*,#3568,.F.);
#4861=ORIENTED_EDGE('',*,*,#3565,.F.);
#4862=ORIENTED_EDGE('',*,*,#3562,.F.);
#4863=ORIENTED_EDGE('',*,*,#3559,.F.);
#4864=ORIENTED_EDGE('',*,*,#3526,.F.);
#4865=ORIENTED_EDGE('',*,*,#3523,.F.);
#4866=ORIENTED_EDGE('',*,*,#3520,.F.);
#4867=ORIENTED_EDGE('',*,*,#3517,.F.);
#4868=ORIENTED_EDGE('',*,*,#3557,.F.);
#4869=ORIENTED_EDGE('',*,*,#3554,.F.);
#4870=ORIENTED_EDGE('',*,*,#3551,.F.);
#4871=ORIENTED_EDGE('',*,*,#3548,.F.);
#4872=ORIENTED_EDGE('',*,*,#3545,.F.);
#4873=ORIENTED_EDGE('',*,*,#3575,.F.);
#4874=ORIENTED_EDGE('',*,*,#3576,.F.);
#4875=ORIENTED_EDGE('',*,*,#3577,.T.);
#4876=ORIENTED_EDGE('',*,*,#3578,.T.);
#4877=ORIENTED_EDGE('',*,*,#3579,.F.);
#4878=ORIENTED_EDGE('',*,*,#3578,.F.);
#4879=ORIENTED_EDGE('',*,*,#3580,.T.);
#4880=ORIENTED_EDGE('',*,*,#3581,.T.);
#4881=ORIENTED_EDGE('',*,*,#3582,.F.);
#4882=ORIENTED_EDGE('',*,*,#3581,.F.);
#4883=ORIENTED_EDGE('',*,*,#3583,.T.);
#4884=ORIENTED_EDGE('',*,*,#3584,.T.);
#4885=ORIENTED_EDGE('',*,*,#3585,.F.);
#4886=ORIENTED_EDGE('',*,*,#3584,.F.);
#4887=ORIENTED_EDGE('',*,*,#3586,.T.);
#4888=ORIENTED_EDGE('',*,*,#3587,.T.);
#4889=ORIENTED_EDGE('',*,*,#3588,.F.);
#4890=ORIENTED_EDGE('',*,*,#3589,.F.);
#4891=ORIENTED_EDGE('',*,*,#3590,.T.);
#4892=ORIENTED_EDGE('',*,*,#3591,.T.);
#4893=ORIENTED_EDGE('',*,*,#3592,.F.);
#4894=ORIENTED_EDGE('',*,*,#3591,.F.);
#4895=ORIENTED_EDGE('',*,*,#3593,.T.);
#4896=ORIENTED_EDGE('',*,*,#3594,.T.);
#4897=ORIENTED_EDGE('',*,*,#3595,.F.);
#4898=ORIENTED_EDGE('',*,*,#3594,.F.);
#4899=ORIENTED_EDGE('',*,*,#3596,.T.);
#4900=ORIENTED_EDGE('',*,*,#3597,.T.);
#4901=ORIENTED_EDGE('',*,*,#3598,.F.);
#4902=ORIENTED_EDGE('',*,*,#3597,.F.);
#4903=ORIENTED_EDGE('',*,*,#3599,.T.);
#4904=ORIENTED_EDGE('',*,*,#3600,.T.);
#4905=ORIENTED_EDGE('',*,*,#3601,.F.);
#4906=ORIENTED_EDGE('',*,*,#3600,.F.);
#4907=ORIENTED_EDGE('',*,*,#3602,.T.);
#4908=ORIENTED_EDGE('',*,*,#3603,.T.);
#4909=ORIENTED_EDGE('',*,*,#3604,.F.);
#4910=ORIENTED_EDGE('',*,*,#3587,.F.);
#4911=ORIENTED_EDGE('',*,*,#3605,.T.);
#4912=ORIENTED_EDGE('',*,*,#3606,.T.);
#4913=ORIENTED_EDGE('',*,*,#3607,.F.);
#4914=ORIENTED_EDGE('',*,*,#3606,.F.);
#4915=ORIENTED_EDGE('',*,*,#3608,.T.);
#4916=ORIENTED_EDGE('',*,*,#3609,.T.);
#4917=ORIENTED_EDGE('',*,*,#3610,.F.);
#4918=ORIENTED_EDGE('',*,*,#3609,.F.);
#4919=ORIENTED_EDGE('',*,*,#3611,.T.);
#4920=ORIENTED_EDGE('',*,*,#3612,.T.);
#4921=ORIENTED_EDGE('',*,*,#3613,.F.);
#4922=ORIENTED_EDGE('',*,*,#3612,.F.);
#4923=ORIENTED_EDGE('',*,*,#3614,.T.);
#4924=ORIENTED_EDGE('',*,*,#3576,.T.);
#4925=ORIENTED_EDGE('',*,*,#3615,.F.);
#4926=ORIENTED_EDGE('',*,*,#3603,.F.);
#4927=ORIENTED_EDGE('',*,*,#3616,.T.);
#4928=ORIENTED_EDGE('',*,*,#3617,.T.);
#4929=ORIENTED_EDGE('',*,*,#3618,.F.);
#4930=ORIENTED_EDGE('',*,*,#3617,.F.);
#4931=ORIENTED_EDGE('',*,*,#3619,.T.);
#4932=ORIENTED_EDGE('',*,*,#3620,.T.);
#4933=ORIENTED_EDGE('',*,*,#3621,.F.);
#4934=ORIENTED_EDGE('',*,*,#3620,.F.);
#4935=ORIENTED_EDGE('',*,*,#3622,.T.);
#4936=ORIENTED_EDGE('',*,*,#3623,.T.);
#4937=ORIENTED_EDGE('',*,*,#3624,.F.);
#4938=ORIENTED_EDGE('',*,*,#3623,.F.);
#4939=ORIENTED_EDGE('',*,*,#3625,.T.);
#4940=ORIENTED_EDGE('',*,*,#3626,.T.);
#4941=ORIENTED_EDGE('',*,*,#3627,.F.);
#4942=ORIENTED_EDGE('',*,*,#3626,.F.);
#4943=ORIENTED_EDGE('',*,*,#3628,.T.);
#4944=ORIENTED_EDGE('',*,*,#3629,.T.);
#4945=ORIENTED_EDGE('',*,*,#3630,.F.);
#4946=ORIENTED_EDGE('',*,*,#3629,.F.);
#4947=ORIENTED_EDGE('',*,*,#3631,.T.);
#4948=ORIENTED_EDGE('',*,*,#3589,.T.);
#4949=ORIENTED_EDGE('',*,*,#3602,.F.);
#4950=ORIENTED_EDGE('',*,*,#3599,.F.);
#4951=ORIENTED_EDGE('',*,*,#3596,.F.);
#4952=ORIENTED_EDGE('',*,*,#3593,.F.);
#4953=ORIENTED_EDGE('',*,*,#3590,.F.);
#4954=ORIENTED_EDGE('',*,*,#3631,.F.);
#4955=ORIENTED_EDGE('',*,*,#3628,.F.);
#4956=ORIENTED_EDGE('',*,*,#3625,.F.);
#4957=ORIENTED_EDGE('',*,*,#3622,.F.);
#4958=ORIENTED_EDGE('',*,*,#3619,.F.);
#4959=ORIENTED_EDGE('',*,*,#3616,.F.);
#4960=ORIENTED_EDGE('',*,*,#3586,.F.);
#4961=ORIENTED_EDGE('',*,*,#3583,.F.);
#4962=ORIENTED_EDGE('',*,*,#3580,.F.);
#4963=ORIENTED_EDGE('',*,*,#3577,.F.);
#4964=ORIENTED_EDGE('',*,*,#3614,.F.);
#4965=ORIENTED_EDGE('',*,*,#3611,.F.);
#4966=ORIENTED_EDGE('',*,*,#3608,.F.);
#4967=ORIENTED_EDGE('',*,*,#3605,.F.);
#4968=ORIENTED_EDGE('',*,*,#3436,.T.);
#4969=ORIENTED_EDGE('',*,*,#3439,.T.);
#4970=ORIENTED_EDGE('',*,*,#3442,.T.);
#4971=ORIENTED_EDGE('',*,*,#3416,.T.);
#4972=ORIENTED_EDGE('',*,*,#3420,.T.);
#4973=ORIENTED_EDGE('',*,*,#3604,.T.);
#4974=ORIENTED_EDGE('',*,*,#3607,.T.);
#4975=ORIENTED_EDGE('',*,*,#3610,.T.);
#4976=ORIENTED_EDGE('',*,*,#3613,.T.);
#4977=ORIENTED_EDGE('',*,*,#3575,.T.);
#4978=ORIENTED_EDGE('',*,*,#3579,.T.);
#4979=ORIENTED_EDGE('',*,*,#3582,.T.);
#4980=ORIENTED_EDGE('',*,*,#3585,.T.);
#4981=ORIENTED_EDGE('',*,*,#3544,.T.);
#4982=ORIENTED_EDGE('',*,*,#3547,.T.);
#4983=ORIENTED_EDGE('',*,*,#3550,.T.);
#4984=ORIENTED_EDGE('',*,*,#3553,.T.);
#4985=ORIENTED_EDGE('',*,*,#3556,.T.);
#4986=ORIENTED_EDGE('',*,*,#3515,.T.);
#4987=ORIENTED_EDGE('',*,*,#3519,.T.);
#4988=ORIENTED_EDGE('',*,*,#3522,.T.);
#4989=ORIENTED_EDGE('',*,*,#3525,.T.);
#4990=ORIENTED_EDGE('',*,*,#3632,.F.);
#4991=ORIENTED_EDGE('',*,*,#3633,.T.);
#4992=ORIENTED_EDGE('',*,*,#3634,.F.);
#4993=ORIENTED_EDGE('',*,*,#3635,.F.);
#4994=ORIENTED_EDGE('',*,*,#3636,.F.);
#4995=ORIENTED_EDGE('',*,*,#3637,.F.);
#4996=ORIENTED_EDGE('',*,*,#3635,.T.);
#4997=ORIENTED_EDGE('',*,*,#3638,.F.);
#4998=ORIENTED_EDGE('',*,*,#3639,.T.);
#4999=ORIENTED_EDGE('',*,*,#3640,.T.);
#5000=ORIENTED_EDGE('',*,*,#3641,.T.);
#5001=ORIENTED_EDGE('',*,*,#3642,.T.);
#5002=ORIENTED_EDGE('',*,*,#3643,.T.);
#5003=ORIENTED_EDGE('',*,*,#3632,.T.);
#5004=ORIENTED_EDGE('',*,*,#3637,.T.);
#5005=ORIENTED_EDGE('',*,*,#3644,.T.);
#5006=ORIENTED_EDGE('',*,*,#3645,.T.);
#5007=ORIENTED_EDGE('',*,*,#3646,.T.);
#5008=ORIENTED_EDGE('',*,*,#3647,.T.);
#5009=ORIENTED_EDGE('',*,*,#3648,.T.);
#5010=ORIENTED_EDGE('',*,*,#3615,.T.);
#5011=ORIENTED_EDGE('',*,*,#3618,.T.);
#5012=ORIENTED_EDGE('',*,*,#3621,.T.);
#5013=ORIENTED_EDGE('',*,*,#3624,.T.);
#5014=ORIENTED_EDGE('',*,*,#3627,.T.);
#5015=ORIENTED_EDGE('',*,*,#3630,.T.);
#5016=ORIENTED_EDGE('',*,*,#3588,.T.);
#5017=ORIENTED_EDGE('',*,*,#3592,.T.);
#5018=ORIENTED_EDGE('',*,*,#3595,.T.);
#5019=ORIENTED_EDGE('',*,*,#3598,.T.);
#5020=ORIENTED_EDGE('',*,*,#3601,.T.);
#5021=ORIENTED_EDGE('',*,*,#3558,.T.);
#5022=ORIENTED_EDGE('',*,*,#3561,.T.);
#5023=ORIENTED_EDGE('',*,*,#3564,.T.);
#5024=ORIENTED_EDGE('',*,*,#3567,.T.);
#5025=ORIENTED_EDGE('',*,*,#3570,.T.);
#5026=ORIENTED_EDGE('',*,*,#3573,.T.);
#5027=ORIENTED_EDGE('',*,*,#3528,.T.);
#5028=ORIENTED_EDGE('',*,*,#3532,.T.);
#5029=ORIENTED_EDGE('',*,*,#3535,.T.);
#5030=ORIENTED_EDGE('',*,*,#3538,.T.);
#5031=ORIENTED_EDGE('',*,*,#3541,.T.);
#5032=ORIENTED_EDGE('',*,*,#3384,.T.);
#5033=ORIENTED_EDGE('',*,*,#3387,.T.);
#5034=ORIENTED_EDGE('',*,*,#3390,.T.);
#5035=ORIENTED_EDGE('',*,*,#3393,.T.);
#5036=ORIENTED_EDGE('',*,*,#3396,.T.);
#5037=ORIENTED_EDGE('',*,*,#3399,.T.);
#5038=ORIENTED_EDGE('',*,*,#3402,.T.);
#5039=ORIENTED_EDGE('',*,*,#3405,.T.);
#5040=ORIENTED_EDGE('',*,*,#3408,.T.);
#5041=ORIENTED_EDGE('',*,*,#3411,.T.);
#5042=ORIENTED_EDGE('',*,*,#3414,.T.);
#5043=ORIENTED_EDGE('',*,*,#3350,.T.);
#5044=ORIENTED_EDGE('',*,*,#3354,.T.);
#5045=ORIENTED_EDGE('',*,*,#3357,.T.);
#5046=ORIENTED_EDGE('',*,*,#3360,.T.);
#5047=ORIENTED_EDGE('',*,*,#3363,.T.);
#5048=ORIENTED_EDGE('',*,*,#3366,.T.);
#5049=ORIENTED_EDGE('',*,*,#3369,.T.);
#5050=ORIENTED_EDGE('',*,*,#3372,.T.);
#5051=ORIENTED_EDGE('',*,*,#3375,.T.);
#5052=ORIENTED_EDGE('',*,*,#3378,.T.);
#5053=ORIENTED_EDGE('',*,*,#3381,.T.);
#5054=ORIENTED_EDGE('',*,*,#3345,.T.);
#5055=ORIENTED_EDGE('',*,*,#3348,.T.);
#5056=ORIENTED_EDGE('',*,*,#3338,.T.);
#5057=ORIENTED_EDGE('',*,*,#3342,.T.);
#5058=ORIENTED_EDGE('',*,*,#3636,.T.);
#5059=ORIENTED_EDGE('',*,*,#3649,.F.);
#5060=ORIENTED_EDGE('',*,*,#3650,.F.);
#5061=ORIENTED_EDGE('',*,*,#3644,.F.);
#5062=ORIENTED_EDGE('',*,*,#3651,.T.);
#5063=ORIENTED_EDGE('',*,*,#3652,.T.);
#5064=ORIENTED_EDGE('',*,*,#3653,.T.);
#5065=ORIENTED_EDGE('',*,*,#3654,.T.);
#5066=ORIENTED_EDGE('',*,*,#3649,.T.);
#5067=ORIENTED_EDGE('',*,*,#3638,.T.);
#5068=ORIENTED_EDGE('',*,*,#3634,.T.);
#5069=ORIENTED_EDGE('',*,*,#3655,.T.);
#5070=ORIENTED_EDGE('',*,*,#3643,.F.);
#5071=ORIENTED_EDGE('',*,*,#3656,.T.);
#5072=ORIENTED_EDGE('',*,*,#3655,.F.);
#5073=ORIENTED_EDGE('',*,*,#3633,.F.);
#5074=ORIENTED_EDGE('',*,*,#3650,.T.);
#5075=ORIENTED_EDGE('',*,*,#3654,.F.);
#5076=ORIENTED_EDGE('',*,*,#3657,.F.);
#5077=ORIENTED_EDGE('',*,*,#3645,.F.);
#5078=ORIENTED_EDGE('',*,*,#3646,.F.);
#5079=ORIENTED_EDGE('',*,*,#3657,.T.);
#5080=ORIENTED_EDGE('',*,*,#3653,.F.);
#5081=ORIENTED_EDGE('',*,*,#3658,.F.);
#5082=ORIENTED_EDGE('',*,*,#3647,.F.);
#5083=ORIENTED_EDGE('',*,*,#3658,.T.);
#5084=ORIENTED_EDGE('',*,*,#3652,.F.);
#5085=ORIENTED_EDGE('',*,*,#3659,.F.);
#5086=ORIENTED_EDGE('',*,*,#3648,.F.);
#5087=ORIENTED_EDGE('',*,*,#3659,.T.);
#5088=ORIENTED_EDGE('',*,*,#3651,.F.);
#5089=ORIENTED_EDGE('',*,*,#3656,.F.);
#5090=ORIENTED_EDGE('',*,*,#3660,.F.);
#5091=ORIENTED_EDGE('',*,*,#3661,.T.);
#5092=ORIENTED_EDGE('',*,*,#3662,.F.);
#5093=ORIENTED_EDGE('',*,*,#3663,.F.);
#5094=ORIENTED_EDGE('',*,*,#3664,.F.);
#5095=ORIENTED_EDGE('',*,*,#3663,.T.);
#5096=ORIENTED_EDGE('',*,*,#3665,.F.);
#5097=ORIENTED_EDGE('',*,*,#3666,.F.);
#5098=ORIENTED_EDGE('',*,*,#3667,.F.);
#5099=ORIENTED_EDGE('',*,*,#3666,.T.);
#5100=ORIENTED_EDGE('',*,*,#3668,.F.);
#5101=ORIENTED_EDGE('',*,*,#3669,.F.);
#5102=ORIENTED_EDGE('',*,*,#3670,.F.);
#5103=ORIENTED_EDGE('',*,*,#3669,.T.);
#5104=ORIENTED_EDGE('',*,*,#3671,.F.);
#5105=ORIENTED_EDGE('',*,*,#3661,.F.);
#5106=ORIENTED_EDGE('',*,*,#3671,.T.);
#5107=ORIENTED_EDGE('',*,*,#3668,.T.);
#5108=ORIENTED_EDGE('',*,*,#3665,.T.);
#5109=ORIENTED_EDGE('',*,*,#3662,.T.);
#5110=ORIENTED_EDGE('',*,*,#3672,.F.);
#5111=ORIENTED_EDGE('',*,*,#3673,.T.);
#5112=ORIENTED_EDGE('',*,*,#3674,.F.);
#5113=ORIENTED_EDGE('',*,*,#3675,.F.);
#5114=ORIENTED_EDGE('',*,*,#3676,.F.);
#5115=ORIENTED_EDGE('',*,*,#3675,.T.);
#5116=ORIENTED_EDGE('',*,*,#3677,.F.);
#5117=ORIENTED_EDGE('',*,*,#3678,.F.);
#5118=ORIENTED_EDGE('',*,*,#3679,.F.);
#5119=ORIENTED_EDGE('',*,*,#3678,.T.);
#5120=ORIENTED_EDGE('',*,*,#3680,.F.);
#5121=ORIENTED_EDGE('',*,*,#3681,.F.);
#5122=ORIENTED_EDGE('',*,*,#3682,.F.);
#5123=ORIENTED_EDGE('',*,*,#3681,.T.);
#5124=ORIENTED_EDGE('',*,*,#3683,.F.);
#5125=ORIENTED_EDGE('',*,*,#3673,.F.);
#5126=ORIENTED_EDGE('',*,*,#3683,.T.);
#5127=ORIENTED_EDGE('',*,*,#3680,.T.);
#5128=ORIENTED_EDGE('',*,*,#3677,.T.);
#5129=ORIENTED_EDGE('',*,*,#3674,.T.);
#5130=ORIENTED_EDGE('',*,*,#3684,.F.);
#5131=ORIENTED_EDGE('',*,*,#3685,.T.);
#5132=ORIENTED_EDGE('',*,*,#3686,.F.);
#5133=ORIENTED_EDGE('',*,*,#3687,.T.);
#5134=ORIENTED_EDGE('',*,*,#3688,.T.);
#5135=ORIENTED_EDGE('',*,*,#3689,.T.);
#5136=ORIENTED_EDGE('',*,*,#3690,.T.);
#5137=ORIENTED_EDGE('',*,*,#3691,.T.);
#5138=ORIENTED_EDGE('',*,*,#3692,.F.);
#5139=ORIENTED_EDGE('',*,*,#3693,.F.);
#5140=ORIENTED_EDGE('',*,*,#3694,.F.);
#5141=ORIENTED_EDGE('',*,*,#3685,.F.);
#5142=ORIENTED_EDGE('',*,*,#3695,.F.);
#5143=ORIENTED_EDGE('',*,*,#3696,.T.);
#5144=ORIENTED_EDGE('',*,*,#3691,.F.);
#5145=ORIENTED_EDGE('',*,*,#3697,.F.);
#5146=ORIENTED_EDGE('',*,*,#3698,.F.);
#5147=ORIENTED_EDGE('',*,*,#3697,.T.);
#5148=ORIENTED_EDGE('',*,*,#3690,.F.);
#5149=ORIENTED_EDGE('',*,*,#3699,.F.);
#5150=ORIENTED_EDGE('',*,*,#3700,.F.);
#5151=ORIENTED_EDGE('',*,*,#3699,.T.);
#5152=ORIENTED_EDGE('',*,*,#3689,.F.);
#5153=ORIENTED_EDGE('',*,*,#3701,.F.);
#5154=ORIENTED_EDGE('',*,*,#3702,.F.);
#5155=ORIENTED_EDGE('',*,*,#3701,.T.);
#5156=ORIENTED_EDGE('',*,*,#3688,.F.);
#5157=ORIENTED_EDGE('',*,*,#3696,.F.);
#5158=ORIENTED_EDGE('',*,*,#3703,.F.);
#5159=ORIENTED_EDGE('',*,*,#3687,.F.);
#5160=ORIENTED_EDGE('',*,*,#3704,.F.);
#5161=ORIENTED_EDGE('',*,*,#3705,.F.);
#5162=ORIENTED_EDGE('',*,*,#3704,.T.);
#5163=ORIENTED_EDGE('',*,*,#3686,.T.);
#5164=ORIENTED_EDGE('',*,*,#3694,.T.);
#5165=ORIENTED_EDGE('',*,*,#3706,.F.);
#5166=ORIENTED_EDGE('',*,*,#3707,.T.);
#5167=ORIENTED_EDGE('',*,*,#3708,.F.);
#5168=ORIENTED_EDGE('',*,*,#3709,.T.);
#5169=ORIENTED_EDGE('',*,*,#3710,.T.);
#5170=ORIENTED_EDGE('',*,*,#3711,.T.);
#5171=ORIENTED_EDGE('',*,*,#3712,.F.);
#5172=ORIENTED_EDGE('',*,*,#3713,.F.);
#5173=ORIENTED_EDGE('',*,*,#3640,.F.);
#5174=ORIENTED_EDGE('',*,*,#3714,.T.);
#5175=ORIENTED_EDGE('',*,*,#3715,.T.);
#5176=ORIENTED_EDGE('',*,*,#3716,.T.);
#5177=ORIENTED_EDGE('',*,*,#3717,.F.);
#5178=ORIENTED_EDGE('',*,*,#3718,.T.);
#5179=ORIENTED_EDGE('',*,*,#3719,.T.);
#5180=ORIENTED_EDGE('',*,*,#3720,.T.);
#5181=ORIENTED_EDGE('',*,*,#3721,.T.);
#5182=ORIENTED_EDGE('',*,*,#3722,.T.);
#5183=ORIENTED_EDGE('',*,*,#3723,.T.);
#5184=ORIENTED_EDGE('',*,*,#3724,.T.);
#5185=ORIENTED_EDGE('',*,*,#3725,.T.);
#5186=ORIENTED_EDGE('',*,*,#3693,.T.);
#5187=ORIENTED_EDGE('',*,*,#3726,.T.);
#5188=ORIENTED_EDGE('',*,*,#3727,.T.);
#5189=ORIENTED_EDGE('',*,*,#3706,.T.);
#5190=ORIENTED_EDGE('',*,*,#3705,.T.);
#5191=ORIENTED_EDGE('',*,*,#3717,.T.);
#5192=ORIENTED_EDGE('',*,*,#3728,.T.);
#5193=ORIENTED_EDGE('',*,*,#3729,.T.);
#5194=ORIENTED_EDGE('',*,*,#3639,.F.);
#5195=ORIENTED_EDGE('',*,*,#3730,.F.);
#5196=ORIENTED_EDGE('',*,*,#3731,.F.);
#5197=ORIENTED_EDGE('',*,*,#3714,.F.);
#5198=ORIENTED_EDGE('',*,*,#3728,.F.);
#5199=ORIENTED_EDGE('',*,*,#3716,.F.);
#5200=ORIENTED_EDGE('',*,*,#3732,.F.);
#5201=ORIENTED_EDGE('',*,*,#3733,.F.);
#5202=ORIENTED_EDGE('',*,*,#3732,.T.);
#5203=ORIENTED_EDGE('',*,*,#3715,.F.);
#5204=ORIENTED_EDGE('',*,*,#3731,.T.);
#5205=ORIENTED_EDGE('',*,*,#3734,.F.);
#5206=ORIENTED_EDGE('',*,*,#3703,.T.);
#5207=ORIENTED_EDGE('',*,*,#3729,.F.);
#5208=ORIENTED_EDGE('',*,*,#3733,.T.);
#5209=ORIENTED_EDGE('',*,*,#3734,.T.);
#5210=ORIENTED_EDGE('',*,*,#3730,.T.);
#5211=ORIENTED_EDGE('',*,*,#3642,.F.);
#5212=ORIENTED_EDGE('',*,*,#3735,.T.);
#5213=ORIENTED_EDGE('',*,*,#3736,.T.);
#5214=ORIENTED_EDGE('',*,*,#3737,.T.);
#5215=ORIENTED_EDGE('',*,*,#3738,.T.);
#5216=ORIENTED_EDGE('',*,*,#3739,.T.);
#5217=ORIENTED_EDGE('',*,*,#3740,.T.);
#5218=ORIENTED_EDGE('',*,*,#3741,.F.);
#5219=ORIENTED_EDGE('',*,*,#3726,.F.);
#5220=ORIENTED_EDGE('',*,*,#3692,.T.);
#5221=ORIENTED_EDGE('',*,*,#3684,.T.);
#5222=ORIENTED_EDGE('',*,*,#3742,.F.);
#5223=ORIENTED_EDGE('',*,*,#3743,.T.);
#5224=ORIENTED_EDGE('',*,*,#3744,.F.);
#5225=ORIENTED_EDGE('',*,*,#3724,.F.);
#5226=ORIENTED_EDGE('',*,*,#3745,.F.);
#5227=ORIENTED_EDGE('',*,*,#3722,.F.);
#5228=ORIENTED_EDGE('',*,*,#3746,.F.);
#5229=ORIENTED_EDGE('',*,*,#3747,.F.);
#5230=ORIENTED_EDGE('',*,*,#3748,.F.);
#5231=ORIENTED_EDGE('',*,*,#3747,.T.);
#5232=ORIENTED_EDGE('',*,*,#3749,.F.);
#5233=ORIENTED_EDGE('',*,*,#3743,.F.);
#5234=ORIENTED_EDGE('',*,*,#3749,.T.);
#5235=ORIENTED_EDGE('',*,*,#3746,.T.);
#5236=ORIENTED_EDGE('',*,*,#3725,.F.);
#5237=ORIENTED_EDGE('',*,*,#3744,.T.);
#5238=ORIENTED_EDGE('',*,*,#3748,.T.);
#5239=ORIENTED_EDGE('',*,*,#3742,.T.);
#5240=ORIENTED_EDGE('',*,*,#3723,.F.);
#5241=ORIENTED_EDGE('',*,*,#3745,.T.);
#5242=ORIENTED_EDGE('',*,*,#3750,.T.);
#5243=ORIENTED_EDGE('',*,*,#3751,.T.);
#5244=ORIENTED_EDGE('',*,*,#3752,.F.);
#5245=ORIENTED_EDGE('',*,*,#3753,.F.);
#5246=ORIENTED_EDGE('',*,*,#3754,.T.);
#5247=ORIENTED_EDGE('',*,*,#3753,.T.);
#5248=ORIENTED_EDGE('',*,*,#3755,.F.);
#5249=ORIENTED_EDGE('',*,*,#3720,.F.);
#5250=ORIENTED_EDGE('',*,*,#3756,.T.);
#5251=ORIENTED_EDGE('',*,*,#3718,.F.);
#5252=ORIENTED_EDGE('',*,*,#3757,.F.);
#5253=ORIENTED_EDGE('',*,*,#3751,.F.);
#5254=ORIENTED_EDGE('',*,*,#3757,.T.);
#5255=ORIENTED_EDGE('',*,*,#3721,.F.);
#5256=ORIENTED_EDGE('',*,*,#3755,.T.);
#5257=ORIENTED_EDGE('',*,*,#3752,.T.);
#5258=ORIENTED_EDGE('',*,*,#3756,.F.);
#5259=ORIENTED_EDGE('',*,*,#3750,.F.);
#5260=ORIENTED_EDGE('',*,*,#3754,.F.);
#5261=ORIENTED_EDGE('',*,*,#3719,.F.);
#5262=ORIENTED_EDGE('',*,*,#3758,.F.);
#5263=ORIENTED_EDGE('',*,*,#3759,.F.);
#5264=ORIENTED_EDGE('',*,*,#3760,.T.);
#5265=ORIENTED_EDGE('',*,*,#3761,.T.);
#5266=ORIENTED_EDGE('',*,*,#3762,.F.);
#5267=ORIENTED_EDGE('',*,*,#3763,.F.);
#5268=ORIENTED_EDGE('',*,*,#3764,.T.);
#5269=ORIENTED_EDGE('',*,*,#3765,.T.);
#5270=ORIENTED_EDGE('',*,*,#3766,.F.);
#5271=ORIENTED_EDGE('',*,*,#3767,.F.);
#5272=ORIENTED_EDGE('',*,*,#3768,.F.);
#5273=ORIENTED_EDGE('',*,*,#3769,.F.);
#5274=ORIENTED_EDGE('',*,*,#3770,.F.);
#5275=ORIENTED_EDGE('',*,*,#3761,.F.);
#5276=ORIENTED_EDGE('',*,*,#3771,.F.);
#5277=ORIENTED_EDGE('',*,*,#3772,.F.);
#5278=ORIENTED_EDGE('',*,*,#3773,.F.);
#5279=ORIENTED_EDGE('',*,*,#3774,.F.);
#5280=ORIENTED_EDGE('',*,*,#3765,.F.);
#5281=ORIENTED_EDGE('',*,*,#3775,.F.);
#5282=ORIENTED_EDGE('',*,*,#3776,.F.);
#5283=ORIENTED_EDGE('',*,*,#3777,.F.);
#5284=ORIENTED_EDGE('',*,*,#3778,.F.);
#5285=ORIENTED_EDGE('',*,*,#3779,.F.);
#5286=ORIENTED_EDGE('',*,*,#3780,.F.);
#5287=ORIENTED_EDGE('',*,*,#3771,.T.);
#5288=ORIENTED_EDGE('',*,*,#3760,.F.);
#5289=ORIENTED_EDGE('',*,*,#3781,.F.);
#5290=ORIENTED_EDGE('',*,*,#3782,.F.);
#5291=ORIENTED_EDGE('',*,*,#3775,.T.);
#5292=ORIENTED_EDGE('',*,*,#3764,.F.);
#5293=ORIENTED_EDGE('',*,*,#3783,.F.);
#5294=ORIENTED_EDGE('',*,*,#3784,.F.);
#5295=ORIENTED_EDGE('',*,*,#3783,.T.);
#5296=ORIENTED_EDGE('',*,*,#3763,.T.);
#5297=ORIENTED_EDGE('',*,*,#3785,.F.);
#5298=ORIENTED_EDGE('',*,*,#3738,.F.);
#5299=ORIENTED_EDGE('',*,*,#3786,.F.);
#5300=ORIENTED_EDGE('',*,*,#3781,.T.);
#5301=ORIENTED_EDGE('',*,*,#3759,.T.);
#5302=ORIENTED_EDGE('',*,*,#3785,.T.);
#5303=ORIENTED_EDGE('',*,*,#3762,.T.);
#5304=ORIENTED_EDGE('',*,*,#3787,.F.);
#5305=ORIENTED_EDGE('',*,*,#3788,.F.);
#5306=ORIENTED_EDGE('',*,*,#3789,.F.);
#5307=ORIENTED_EDGE('',*,*,#3739,.F.);
#5308=ORIENTED_EDGE('',*,*,#3769,.T.);
#5309=ORIENTED_EDGE('',*,*,#3790,.F.);
#5310=ORIENTED_EDGE('',*,*,#3791,.T.);
#5311=ORIENTED_EDGE('',*,*,#3787,.T.);
#5312=ORIENTED_EDGE('',*,*,#3768,.T.);
#5313=ORIENTED_EDGE('',*,*,#3792,.T.);
#5314=ORIENTED_EDGE('',*,*,#3793,.T.);
#5315=ORIENTED_EDGE('',*,*,#3794,.F.);
#5316=ORIENTED_EDGE('',*,*,#3707,.F.);
#5317=ORIENTED_EDGE('',*,*,#3727,.F.);
#5318=ORIENTED_EDGE('',*,*,#3741,.T.);
#5319=ORIENTED_EDGE('',*,*,#3795,.T.);
#5320=ORIENTED_EDGE('',*,*,#3796,.T.);
#5321=ORIENTED_EDGE('',*,*,#3790,.T.);
#5322=ORIENTED_EDGE('',*,*,#3767,.T.);
#5323=ORIENTED_EDGE('',*,*,#3797,.T.);
#5324=ORIENTED_EDGE('',*,*,#3798,.T.);
#5325=ORIENTED_EDGE('',*,*,#3792,.F.);
#5326=ORIENTED_EDGE('',*,*,#3766,.T.);
#5327=ORIENTED_EDGE('',*,*,#3774,.T.);
#5328=ORIENTED_EDGE('',*,*,#3799,.F.);
#5329=ORIENTED_EDGE('',*,*,#3800,.F.);
#5330=ORIENTED_EDGE('',*,*,#3801,.F.);
#5331=ORIENTED_EDGE('',*,*,#3797,.F.);
#5332=ORIENTED_EDGE('',*,*,#3773,.T.);
#5333=ORIENTED_EDGE('',*,*,#3802,.T.);
#5334=ORIENTED_EDGE('',*,*,#3803,.F.);
#5335=ORIENTED_EDGE('',*,*,#3799,.T.);
#5336=ORIENTED_EDGE('',*,*,#3804,.F.);
#5337=ORIENTED_EDGE('',*,*,#3788,.T.);
#5338=ORIENTED_EDGE('',*,*,#3791,.F.);
#5339=ORIENTED_EDGE('',*,*,#3796,.F.);
#5340=ORIENTED_EDGE('',*,*,#3740,.F.);
#5341=ORIENTED_EDGE('',*,*,#3789,.T.);
#5342=ORIENTED_EDGE('',*,*,#3804,.T.);
#5343=ORIENTED_EDGE('',*,*,#3795,.F.);
#5344=ORIENTED_EDGE('',*,*,#3798,.F.);
#5345=ORIENTED_EDGE('',*,*,#3801,.T.);
#5346=ORIENTED_EDGE('',*,*,#3805,.F.);
#5347=ORIENTED_EDGE('',*,*,#3793,.F.);
#5348=ORIENTED_EDGE('',*,*,#3806,.T.);
#5349=ORIENTED_EDGE('',*,*,#3807,.T.);
#5350=ORIENTED_EDGE('',*,*,#3808,.T.);
#5351=ORIENTED_EDGE('',*,*,#3809,.F.);
#5352=ORIENTED_EDGE('',*,*,#3810,.T.);
#5353=ORIENTED_EDGE('',*,*,#3811,.F.);
#5354=ORIENTED_EDGE('',*,*,#3812,.F.);
#5355=ORIENTED_EDGE('',*,*,#3813,.F.);
#5356=ORIENTED_EDGE('',*,*,#3786,.T.);
#5357=ORIENTED_EDGE('',*,*,#3737,.F.);
#5358=ORIENTED_EDGE('',*,*,#3814,.T.);
#5359=ORIENTED_EDGE('',*,*,#3813,.T.);
#5360=ORIENTED_EDGE('',*,*,#3815,.F.);
#5361=ORIENTED_EDGE('',*,*,#3776,.T.);
#5362=ORIENTED_EDGE('',*,*,#3777,.T.);
#5363=ORIENTED_EDGE('',*,*,#3815,.T.);
#5364=ORIENTED_EDGE('',*,*,#3812,.T.);
#5365=ORIENTED_EDGE('',*,*,#3816,.F.);
#5366=ORIENTED_EDGE('',*,*,#3809,.T.);
#5367=ORIENTED_EDGE('',*,*,#3817,.F.);
#5368=ORIENTED_EDGE('',*,*,#3814,.F.);
#5369=ORIENTED_EDGE('',*,*,#3736,.F.);
#5370=ORIENTED_EDGE('',*,*,#3818,.F.);
#5371=ORIENTED_EDGE('',*,*,#3807,.F.);
#5372=ORIENTED_EDGE('',*,*,#3819,.F.);
#5373=ORIENTED_EDGE('',*,*,#3810,.F.);
#5374=ORIENTED_EDGE('',*,*,#3778,.T.);
#5375=ORIENTED_EDGE('',*,*,#3817,.T.);
#5376=ORIENTED_EDGE('',*,*,#3820,.T.);
#5377=ORIENTED_EDGE('',*,*,#3821,.T.);
#5378=ORIENTED_EDGE('',*,*,#3822,.T.);
#5379=ORIENTED_EDGE('',*,*,#3823,.F.);
#5380=ORIENTED_EDGE('',*,*,#3824,.T.);
#5381=ORIENTED_EDGE('',*,*,#3825,.T.);
#5382=ORIENTED_EDGE('',*,*,#3826,.T.);
#5383=ORIENTED_EDGE('',*,*,#3827,.F.);
#5384=ORIENTED_EDGE('',*,*,#3828,.F.);
#5385=ORIENTED_EDGE('',*,*,#3829,.F.);
#5386=ORIENTED_EDGE('',*,*,#3780,.T.);
#5387=ORIENTED_EDGE('',*,*,#3830,.T.);
#5388=ORIENTED_EDGE('',*,*,#3829,.T.);
#5389=ORIENTED_EDGE('',*,*,#3831,.F.);
#5390=ORIENTED_EDGE('',*,*,#3802,.F.);
#5391=ORIENTED_EDGE('',*,*,#3772,.T.);
#5392=ORIENTED_EDGE('',*,*,#3779,.T.);
#5393=ORIENTED_EDGE('',*,*,#3821,.F.);
#5394=ORIENTED_EDGE('',*,*,#3825,.F.);
#5395=ORIENTED_EDGE('',*,*,#3832,.F.);
#5396=ORIENTED_EDGE('',*,*,#3826,.F.);
#5397=ORIENTED_EDGE('',*,*,#3830,.F.);
#5398=ORIENTED_EDGE('',*,*,#3833,.F.);
#5399=ORIENTED_EDGE('',*,*,#3834,.F.);
#5400=ORIENTED_EDGE('',*,*,#3835,.F.);
#5401=ORIENTED_EDGE('',*,*,#3836,.F.);
#5402=ORIENTED_EDGE('',*,*,#3822,.F.);
#5403=ORIENTED_EDGE('',*,*,#3820,.F.);
#5404=ORIENTED_EDGE('',*,*,#3808,.F.);
#5405=ORIENTED_EDGE('',*,*,#3824,.F.);
#5406=ORIENTED_EDGE('',*,*,#3837,.F.);
#5407=ORIENTED_EDGE('',*,*,#3838,.F.);
#5408=ORIENTED_EDGE('',*,*,#3839,.F.);
#5409=ORIENTED_EDGE('',*,*,#3840,.F.);
#5410=ORIENTED_EDGE('',*,*,#3806,.F.);
#5411=ORIENTED_EDGE('',*,*,#3841,.F.);
#5412=ORIENTED_EDGE('',*,*,#3842,.F.);
#5413=ORIENTED_EDGE('',*,*,#3839,.T.);
#5414=ORIENTED_EDGE('',*,*,#3843,.F.);
#5415=ORIENTED_EDGE('',*,*,#3834,.T.);
#5416=ORIENTED_EDGE('',*,*,#3835,.T.);
#5417=ORIENTED_EDGE('',*,*,#3843,.T.);
#5418=ORIENTED_EDGE('',*,*,#3838,.T.);
#5419=ORIENTED_EDGE('',*,*,#3844,.F.);
#5420=ORIENTED_EDGE('',*,*,#3845,.T.);
#5421=ORIENTED_EDGE('',*,*,#3846,.T.);
#5422=ORIENTED_EDGE('',*,*,#3847,.T.);
#5423=ORIENTED_EDGE('',*,*,#3848,.F.);
#5424=ORIENTED_EDGE('',*,*,#3849,.F.);
#5425=ORIENTED_EDGE('',*,*,#3850,.T.);
#5426=ORIENTED_EDGE('',*,*,#3851,.T.);
#5427=ORIENTED_EDGE('',*,*,#3852,.F.);
#5428=ORIENTED_EDGE('',*,*,#3836,.T.);
#5429=ORIENTED_EDGE('',*,*,#3852,.T.);
#5430=ORIENTED_EDGE('',*,*,#3853,.T.);
#5431=ORIENTED_EDGE('',*,*,#3854,.T.);
#5432=ORIENTED_EDGE('',*,*,#3855,.T.);
#5433=ORIENTED_EDGE('',*,*,#3856,.T.);
#5434=ORIENTED_EDGE('',*,*,#3708,.T.);
#5435=ORIENTED_EDGE('',*,*,#3794,.T.);
#5436=ORIENTED_EDGE('',*,*,#3805,.T.);
#5437=ORIENTED_EDGE('',*,*,#3800,.T.);
#5438=ORIENTED_EDGE('',*,*,#3803,.T.);
#5439=ORIENTED_EDGE('',*,*,#3831,.T.);
#5440=ORIENTED_EDGE('',*,*,#3828,.T.);
#5441=ORIENTED_EDGE('',*,*,#3857,.T.);
#5442=ORIENTED_EDGE('',*,*,#3712,.T.);
#5443=ORIENTED_EDGE('',*,*,#3858,.T.);
#5444=ORIENTED_EDGE('',*,*,#3859,.T.);
#5445=ORIENTED_EDGE('',*,*,#3844,.T.);
#5446=ORIENTED_EDGE('',*,*,#3837,.T.);
#5447=ORIENTED_EDGE('',*,*,#3823,.T.);
#5448=ORIENTED_EDGE('',*,*,#3711,.F.);
#5449=ORIENTED_EDGE('',*,*,#3860,.F.);
#5450=ORIENTED_EDGE('',*,*,#3861,.F.);
#5451=ORIENTED_EDGE('',*,*,#3858,.F.);
#5452=ORIENTED_EDGE('',*,*,#3709,.F.);
#5453=ORIENTED_EDGE('',*,*,#3856,.F.);
#5454=ORIENTED_EDGE('',*,*,#3862,.F.);
#5455=ORIENTED_EDGE('',*,*,#3863,.F.);
#5456=ORIENTED_EDGE('',*,*,#3710,.F.);
#5457=ORIENTED_EDGE('',*,*,#3863,.T.);
#5458=ORIENTED_EDGE('',*,*,#3864,.F.);
#5459=ORIENTED_EDGE('',*,*,#3860,.T.);
#5460=ORIENTED_EDGE('',*,*,#3861,.T.);
#5461=ORIENTED_EDGE('',*,*,#3864,.T.);
#5462=ORIENTED_EDGE('',*,*,#3862,.T.);
#5463=ORIENTED_EDGE('',*,*,#3855,.F.);
#5464=ORIENTED_EDGE('',*,*,#3865,.F.);
#5465=ORIENTED_EDGE('',*,*,#3866,.T.);
#5466=ORIENTED_EDGE('',*,*,#3845,.F.);
#5467=ORIENTED_EDGE('',*,*,#3859,.F.);
#5468=ORIENTED_EDGE('',*,*,#3847,.F.);
#5469=ORIENTED_EDGE('',*,*,#3867,.F.);
#5470=ORIENTED_EDGE('',*,*,#3868,.F.);
#5471=ORIENTED_EDGE('',*,*,#3869,.F.);
#5472=ORIENTED_EDGE('',*,*,#3846,.F.);
#5473=ORIENTED_EDGE('',*,*,#3866,.F.);
#5474=ORIENTED_EDGE('',*,*,#3870,.F.);
#5475=ORIENTED_EDGE('',*,*,#3867,.T.);
#5476=ORIENTED_EDGE('',*,*,#3868,.T.);
#5477=ORIENTED_EDGE('',*,*,#3870,.T.);
#5478=ORIENTED_EDGE('',*,*,#3865,.T.);
#5479=ORIENTED_EDGE('',*,*,#3854,.F.);
#5480=ORIENTED_EDGE('',*,*,#3871,.F.);
#5481=ORIENTED_EDGE('',*,*,#3872,.T.);
#5482=ORIENTED_EDGE('',*,*,#3873,.T.);
#5483=ORIENTED_EDGE('',*,*,#3874,.F.);
#5484=ORIENTED_EDGE('',*,*,#3869,.T.);
#5485=ORIENTED_EDGE('',*,*,#3874,.T.);
#5486=ORIENTED_EDGE('',*,*,#3875,.T.);
#5487=ORIENTED_EDGE('',*,*,#3848,.T.);
#5488=ORIENTED_EDGE('',*,*,#3819,.T.);
#5489=ORIENTED_EDGE('',*,*,#3840,.T.);
#5490=ORIENTED_EDGE('',*,*,#3842,.T.);
#5491=ORIENTED_EDGE('',*,*,#3833,.T.);
#5492=ORIENTED_EDGE('',*,*,#3818,.T.);
#5493=ORIENTED_EDGE('',*,*,#3735,.F.);
#5494=ORIENTED_EDGE('',*,*,#3641,.F.);
#5495=ORIENTED_EDGE('',*,*,#3713,.T.);
#5496=ORIENTED_EDGE('',*,*,#3857,.F.);
#5497=ORIENTED_EDGE('',*,*,#3827,.T.);
#5498=ORIENTED_EDGE('',*,*,#3832,.T.);
#5499=ORIENTED_EDGE('',*,*,#3841,.T.);
#5500=ORIENTED_EDGE('',*,*,#3816,.T.);
#5501=ORIENTED_EDGE('',*,*,#3811,.T.);
#5502=ORIENTED_EDGE('',*,*,#3695,.T.);
#5503=ORIENTED_EDGE('',*,*,#3698,.T.);
#5504=ORIENTED_EDGE('',*,*,#3700,.T.);
#5505=ORIENTED_EDGE('',*,*,#3702,.T.);
#5506=ORIENTED_EDGE('',*,*,#3672,.T.);
#5507=ORIENTED_EDGE('',*,*,#3676,.T.);
#5508=ORIENTED_EDGE('',*,*,#3679,.T.);
#5509=ORIENTED_EDGE('',*,*,#3682,.T.);
#5510=ORIENTED_EDGE('',*,*,#3660,.T.);
#5511=ORIENTED_EDGE('',*,*,#3664,.T.);
#5512=ORIENTED_EDGE('',*,*,#3667,.T.);
#5513=ORIENTED_EDGE('',*,*,#3670,.T.);
#5514=ORIENTED_EDGE('',*,*,#3498,.T.);
#5515=ORIENTED_EDGE('',*,*,#3501,.T.);
#5516=ORIENTED_EDGE('',*,*,#3504,.T.);
#5517=ORIENTED_EDGE('',*,*,#3507,.T.);
#5518=ORIENTED_EDGE('',*,*,#3510,.T.);
#5519=ORIENTED_EDGE('',*,*,#3513,.T.);
#5520=ORIENTED_EDGE('',*,*,#3479,.T.);
#5521=ORIENTED_EDGE('',*,*,#3483,.T.);
#5522=ORIENTED_EDGE('',*,*,#3486,.T.);
#5523=ORIENTED_EDGE('',*,*,#3489,.T.);
#5524=ORIENTED_EDGE('',*,*,#3492,.T.);
#5525=ORIENTED_EDGE('',*,*,#3495,.T.);
#5526=ORIENTED_EDGE('',*,*,#3468,.T.);
#5527=ORIENTED_EDGE('',*,*,#3471,.T.);
#5528=ORIENTED_EDGE('',*,*,#3474,.T.);
#5529=ORIENTED_EDGE('',*,*,#3477,.T.);
#5530=ORIENTED_EDGE('',*,*,#3455,.T.);
#5531=ORIENTED_EDGE('',*,*,#3459,.T.);
#5532=ORIENTED_EDGE('',*,*,#3462,.T.);
#5533=ORIENTED_EDGE('',*,*,#3465,.T.);
#5534=ORIENTED_EDGE('',*,*,#3444,.T.);
#5535=ORIENTED_EDGE('',*,*,#3447,.T.);
#5536=ORIENTED_EDGE('',*,*,#3450,.T.);
#5537=ORIENTED_EDGE('',*,*,#3453,.T.);
#5538=ORIENTED_EDGE('',*,*,#3423,.T.);
#5539=ORIENTED_EDGE('',*,*,#3427,.T.);
#5540=ORIENTED_EDGE('',*,*,#3430,.T.);
#5541=ORIENTED_EDGE('',*,*,#3433,.T.);
#5542=ORIENTED_EDGE('',*,*,#3876,.T.);
#5543=ORIENTED_EDGE('',*,*,#3871,.T.);
#5544=ORIENTED_EDGE('',*,*,#3853,.F.);
#5545=ORIENTED_EDGE('',*,*,#3851,.F.);
#5546=ORIENTED_EDGE('',*,*,#3782,.T.);
#5547=ORIENTED_EDGE('',*,*,#3784,.T.);
#5548=ORIENTED_EDGE('',*,*,#3758,.T.);
#5549=ORIENTED_EDGE('',*,*,#3770,.T.);
#5550=ORIENTED_EDGE('',*,*,#3877,.T.);
#5551=ORIENTED_EDGE('',*,*,#3849,.T.);
#5552=ORIENTED_EDGE('',*,*,#3875,.F.);
#5553=ORIENTED_EDGE('',*,*,#3873,.F.);
#5554=ORIENTED_EDGE('',*,*,#3872,.F.);
#5555=ORIENTED_EDGE('',*,*,#3876,.F.);
#5556=ORIENTED_EDGE('',*,*,#3850,.F.);
#5557=ORIENTED_EDGE('',*,*,#3877,.F.);
#5558=ORIENTED_EDGE('',*,*,#3878,.F.);
#5559=ORIENTED_EDGE('',*,*,#3879,.F.);
#5560=ORIENTED_EDGE('',*,*,#3880,.F.);
#5561=ORIENTED_EDGE('',*,*,#3881,.F.);
#5562=ORIENTED_EDGE('',*,*,#3882,.F.);
#5563=ORIENTED_EDGE('',*,*,#3883,.F.);
#5564=ORIENTED_EDGE('',*,*,#3884,.F.);
#5565=ORIENTED_EDGE('',*,*,#3879,.T.);
#5566=ORIENTED_EDGE('',*,*,#3882,.T.);
#5567=ORIENTED_EDGE('',*,*,#3878,.T.);
#5568=ORIENTED_EDGE('',*,*,#3885,.T.);
#5569=ORIENTED_EDGE('',*,*,#3886,.T.);
#5570=ORIENTED_EDGE('',*,*,#3887,.T.);
#5571=ORIENTED_EDGE('',*,*,#3888,.T.);
#5572=ORIENTED_EDGE('',*,*,#3889,.T.);
#5573=ORIENTED_EDGE('',*,*,#3890,.T.);
#5574=ORIENTED_EDGE('',*,*,#3891,.T.);
#5575=ORIENTED_EDGE('',*,*,#3892,.T.);
#5576=ORIENTED_EDGE('',*,*,#3893,.T.);
#5577=ORIENTED_EDGE('',*,*,#3894,.T.);
#5578=ORIENTED_EDGE('',*,*,#3881,.T.);
#5579=ORIENTED_EDGE('',*,*,#3895,.T.);
#5580=ORIENTED_EDGE('',*,*,#3896,.T.);
#5581=ORIENTED_EDGE('',*,*,#3885,.F.);
#5582=ORIENTED_EDGE('',*,*,#3887,.F.);
#5583=ORIENTED_EDGE('',*,*,#3897,.F.);
#5584=ORIENTED_EDGE('',*,*,#3898,.F.);
#5585=ORIENTED_EDGE('',*,*,#3899,.F.);
#5586=ORIENTED_EDGE('',*,*,#3886,.F.);
#5587=ORIENTED_EDGE('',*,*,#3896,.F.);
#5588=ORIENTED_EDGE('',*,*,#3900,.F.);
#5589=ORIENTED_EDGE('',*,*,#3897,.T.);
#5590=ORIENTED_EDGE('',*,*,#3899,.T.);
#5591=ORIENTED_EDGE('',*,*,#3901,.T.);
#5592=ORIENTED_EDGE('',*,*,#3902,.T.);
#5593=ORIENTED_EDGE('',*,*,#3888,.F.);
#5594=ORIENTED_EDGE('',*,*,#3884,.T.);
#5595=ORIENTED_EDGE('',*,*,#3903,.F.);
#5596=ORIENTED_EDGE('',*,*,#3904,.F.);
#5597=ORIENTED_EDGE('',*,*,#3901,.F.);
#5598=ORIENTED_EDGE('',*,*,#3898,.T.);
#5599=ORIENTED_EDGE('',*,*,#3900,.T.);
#5600=ORIENTED_EDGE('',*,*,#3895,.F.);
#5601=ORIENTED_EDGE('',*,*,#3880,.T.);
#5602=ORIENTED_EDGE('',*,*,#3891,.F.);
#5603=ORIENTED_EDGE('',*,*,#3905,.T.);
#5604=ORIENTED_EDGE('',*,*,#3906,.F.);
#5605=ORIENTED_EDGE('',*,*,#3907,.F.);
#5606=ORIENTED_EDGE('',*,*,#3892,.F.);
#5607=ORIENTED_EDGE('',*,*,#3907,.T.);
#5608=ORIENTED_EDGE('',*,*,#3908,.F.);
#5609=ORIENTED_EDGE('',*,*,#3909,.F.);
#5610=ORIENTED_EDGE('',*,*,#3893,.F.);
#5611=ORIENTED_EDGE('',*,*,#3909,.T.);
#5612=ORIENTED_EDGE('',*,*,#3910,.F.);
#5613=ORIENTED_EDGE('',*,*,#3911,.F.);
#5614=ORIENTED_EDGE('',*,*,#3894,.F.);
#5615=ORIENTED_EDGE('',*,*,#3911,.T.);
#5616=ORIENTED_EDGE('',*,*,#3912,.F.);
#5617=ORIENTED_EDGE('',*,*,#3905,.F.);
#5618=ORIENTED_EDGE('',*,*,#3912,.T.);
#5619=ORIENTED_EDGE('',*,*,#3910,.T.);
#5620=ORIENTED_EDGE('',*,*,#3908,.T.);
#5621=ORIENTED_EDGE('',*,*,#3906,.T.);
#5622=ORIENTED_EDGE('',*,*,#3904,.T.);
#5623=ORIENTED_EDGE('',*,*,#3913,.T.);
#5624=ORIENTED_EDGE('',*,*,#3889,.F.);
#5625=ORIENTED_EDGE('',*,*,#3902,.F.);
#5626=ORIENTED_EDGE('',*,*,#3883,.T.);
#5627=ORIENTED_EDGE('',*,*,#3890,.F.);
#5628=ORIENTED_EDGE('',*,*,#3913,.F.);
#5629=ORIENTED_EDGE('',*,*,#3903,.T.);
#5630=ORIENTED_EDGE('',*,*,#3914,.T.);
#5631=ORIENTED_EDGE('',*,*,#3915,.T.);
#5632=ORIENTED_EDGE('',*,*,#3916,.F.);
#5633=ORIENTED_EDGE('',*,*,#3917,.F.);
#5634=ORIENTED_EDGE('',*,*,#3918,.T.);
#5635=ORIENTED_EDGE('',*,*,#3917,.T.);
#5636=ORIENTED_EDGE('',*,*,#3919,.F.);
#5637=ORIENTED_EDGE('',*,*,#3920,.F.);
#5638=ORIENTED_EDGE('',*,*,#3921,.T.);
#5639=ORIENTED_EDGE('',*,*,#3920,.T.);
#5640=ORIENTED_EDGE('',*,*,#3922,.F.);
#5641=ORIENTED_EDGE('',*,*,#3923,.F.);
#5642=ORIENTED_EDGE('',*,*,#3924,.T.);
#5643=ORIENTED_EDGE('',*,*,#3923,.T.);
#5644=ORIENTED_EDGE('',*,*,#3925,.F.);
#5645=ORIENTED_EDGE('',*,*,#3915,.F.);
#5646=ORIENTED_EDGE('',*,*,#3925,.T.);
#5647=ORIENTED_EDGE('',*,*,#3922,.T.);
#5648=ORIENTED_EDGE('',*,*,#3919,.T.);
#5649=ORIENTED_EDGE('',*,*,#3916,.T.);
#5650=ORIENTED_EDGE('',*,*,#3924,.F.);
#5651=ORIENTED_EDGE('',*,*,#3914,.F.);
#5652=ORIENTED_EDGE('',*,*,#3918,.F.);
#5653=ORIENTED_EDGE('',*,*,#3921,.F.);
#5654=ORIENTED_EDGE('',*,*,#3926,.T.);
#5655=ORIENTED_EDGE('',*,*,#3927,.T.);
#5656=ORIENTED_EDGE('',*,*,#3928,.F.);
#5657=ORIENTED_EDGE('',*,*,#3929,.F.);
#5658=ORIENTED_EDGE('',*,*,#3930,.T.);
#5659=ORIENTED_EDGE('',*,*,#3929,.T.);
#5660=ORIENTED_EDGE('',*,*,#3931,.F.);
#5661=ORIENTED_EDGE('',*,*,#3932,.F.);
#5662=ORIENTED_EDGE('',*,*,#3933,.T.);
#5663=ORIENTED_EDGE('',*,*,#3932,.T.);
#5664=ORIENTED_EDGE('',*,*,#3934,.F.);
#5665=ORIENTED_EDGE('',*,*,#3935,.F.);
#5666=ORIENTED_EDGE('',*,*,#3936,.T.);
#5667=ORIENTED_EDGE('',*,*,#3935,.T.);
#5668=ORIENTED_EDGE('',*,*,#3937,.F.);
#5669=ORIENTED_EDGE('',*,*,#3927,.F.);
#5670=ORIENTED_EDGE('',*,*,#3937,.T.);
#5671=ORIENTED_EDGE('',*,*,#3934,.T.);
#5672=ORIENTED_EDGE('',*,*,#3931,.T.);
#5673=ORIENTED_EDGE('',*,*,#3928,.T.);
#5674=ORIENTED_EDGE('',*,*,#3936,.F.);
#5675=ORIENTED_EDGE('',*,*,#3926,.F.);
#5676=ORIENTED_EDGE('',*,*,#3930,.F.);
#5677=ORIENTED_EDGE('',*,*,#3933,.F.);
#5678=ORIENTED_EDGE('',*,*,#3938,.T.);
#5679=ORIENTED_EDGE('',*,*,#3939,.T.);
#5680=ORIENTED_EDGE('',*,*,#3940,.F.);
#5681=ORIENTED_EDGE('',*,*,#3941,.F.);
#5682=ORIENTED_EDGE('',*,*,#3942,.T.);
#5683=ORIENTED_EDGE('',*,*,#3941,.T.);
#5684=ORIENTED_EDGE('',*,*,#3943,.F.);
#5685=ORIENTED_EDGE('',*,*,#3944,.F.);
#5686=ORIENTED_EDGE('',*,*,#3945,.T.);
#5687=ORIENTED_EDGE('',*,*,#3944,.T.);
#5688=ORIENTED_EDGE('',*,*,#3946,.F.);
#5689=ORIENTED_EDGE('',*,*,#3947,.F.);
#5690=ORIENTED_EDGE('',*,*,#3948,.T.);
#5691=ORIENTED_EDGE('',*,*,#3947,.T.);
#5692=ORIENTED_EDGE('',*,*,#3949,.F.);
#5693=ORIENTED_EDGE('',*,*,#3939,.F.);
#5694=ORIENTED_EDGE('',*,*,#3949,.T.);
#5695=ORIENTED_EDGE('',*,*,#3946,.T.);
#5696=ORIENTED_EDGE('',*,*,#3943,.T.);
#5697=ORIENTED_EDGE('',*,*,#3940,.T.);
#5698=ORIENTED_EDGE('',*,*,#3948,.F.);
#5699=ORIENTED_EDGE('',*,*,#3938,.F.);
#5700=ORIENTED_EDGE('',*,*,#3942,.F.);
#5701=ORIENTED_EDGE('',*,*,#3945,.F.);
#5702=ORIENTED_EDGE('',*,*,#3950,.T.);
#5703=ORIENTED_EDGE('',*,*,#3951,.T.);
#5704=ORIENTED_EDGE('',*,*,#3952,.F.);
#5705=ORIENTED_EDGE('',*,*,#3953,.F.);
#5706=ORIENTED_EDGE('',*,*,#3954,.T.);
#5707=ORIENTED_EDGE('',*,*,#3953,.T.);
#5708=ORIENTED_EDGE('',*,*,#3955,.F.);
#5709=ORIENTED_EDGE('',*,*,#3956,.F.);
#5710=ORIENTED_EDGE('',*,*,#3957,.T.);
#5711=ORIENTED_EDGE('',*,*,#3956,.T.);
#5712=ORIENTED_EDGE('',*,*,#3958,.F.);
#5713=ORIENTED_EDGE('',*,*,#3959,.F.);
#5714=ORIENTED_EDGE('',*,*,#3960,.T.);
#5715=ORIENTED_EDGE('',*,*,#3959,.T.);
#5716=ORIENTED_EDGE('',*,*,#3961,.F.);
#5717=ORIENTED_EDGE('',*,*,#3951,.F.);
#5718=ORIENTED_EDGE('',*,*,#3961,.T.);
#5719=ORIENTED_EDGE('',*,*,#3958,.T.);
#5720=ORIENTED_EDGE('',*,*,#3955,.T.);
#5721=ORIENTED_EDGE('',*,*,#3952,.T.);
#5722=ORIENTED_EDGE('',*,*,#3960,.F.);
#5723=ORIENTED_EDGE('',*,*,#3950,.F.);
#5724=ORIENTED_EDGE('',*,*,#3954,.F.);
#5725=ORIENTED_EDGE('',*,*,#3957,.F.);
#5726=ORIENTED_EDGE('',*,*,#3962,.T.);
#5727=ORIENTED_EDGE('',*,*,#3963,.T.);
#5728=ORIENTED_EDGE('',*,*,#3964,.F.);
#5729=ORIENTED_EDGE('',*,*,#3965,.F.);
#5730=ORIENTED_EDGE('',*,*,#3966,.T.);
#5731=ORIENTED_EDGE('',*,*,#3965,.T.);
#5732=ORIENTED_EDGE('',*,*,#3967,.F.);
#5733=ORIENTED_EDGE('',*,*,#3968,.F.);
#5734=ORIENTED_EDGE('',*,*,#3969,.T.);
#5735=ORIENTED_EDGE('',*,*,#3968,.T.);
#5736=ORIENTED_EDGE('',*,*,#3970,.F.);
#5737=ORIENTED_EDGE('',*,*,#3971,.F.);
#5738=ORIENTED_EDGE('',*,*,#3972,.T.);
#5739=ORIENTED_EDGE('',*,*,#3971,.T.);
#5740=ORIENTED_EDGE('',*,*,#3973,.F.);
#5741=ORIENTED_EDGE('',*,*,#3963,.F.);
#5742=ORIENTED_EDGE('',*,*,#3973,.T.);
#5743=ORIENTED_EDGE('',*,*,#3970,.T.);
#5744=ORIENTED_EDGE('',*,*,#3967,.T.);
#5745=ORIENTED_EDGE('',*,*,#3964,.T.);
#5746=ORIENTED_EDGE('',*,*,#3972,.F.);
#5747=ORIENTED_EDGE('',*,*,#3962,.F.);
#5748=ORIENTED_EDGE('',*,*,#3966,.F.);
#5749=ORIENTED_EDGE('',*,*,#3969,.F.);
#5750=ORIENTED_EDGE('',*,*,#3974,.T.);
#5751=ORIENTED_EDGE('',*,*,#3975,.T.);
#5752=ORIENTED_EDGE('',*,*,#3976,.F.);
#5753=ORIENTED_EDGE('',*,*,#3977,.F.);
#5754=ORIENTED_EDGE('',*,*,#3978,.T.);
#5755=ORIENTED_EDGE('',*,*,#3977,.T.);
#5756=ORIENTED_EDGE('',*,*,#3979,.F.);
#5757=ORIENTED_EDGE('',*,*,#3980,.F.);
#5758=ORIENTED_EDGE('',*,*,#3981,.T.);
#5759=ORIENTED_EDGE('',*,*,#3980,.T.);
#5760=ORIENTED_EDGE('',*,*,#3982,.F.);
#5761=ORIENTED_EDGE('',*,*,#3983,.F.);
#5762=ORIENTED_EDGE('',*,*,#3984,.T.);
#5763=ORIENTED_EDGE('',*,*,#3983,.T.);
#5764=ORIENTED_EDGE('',*,*,#3985,.F.);
#5765=ORIENTED_EDGE('',*,*,#3975,.F.);
#5766=ORIENTED_EDGE('',*,*,#3985,.T.);
#5767=ORIENTED_EDGE('',*,*,#3982,.T.);
#5768=ORIENTED_EDGE('',*,*,#3979,.T.);
#5769=ORIENTED_EDGE('',*,*,#3976,.T.);
#5770=ORIENTED_EDGE('',*,*,#3984,.F.);
#5771=ORIENTED_EDGE('',*,*,#3974,.F.);
#5772=ORIENTED_EDGE('',*,*,#3978,.F.);
#5773=ORIENTED_EDGE('',*,*,#3981,.F.);
#5774=PLANE('',#6418);
#5775=PLANE('',#6419);
#5776=PLANE('',#6420);
#5777=PLANE('',#6421);
#5778=PLANE('',#6422);
#5779=PLANE('',#6423);
#5780=PLANE('',#6424);
#5781=PLANE('',#6425);
#5782=PLANE('',#6426);
#5783=PLANE('',#6427);
#5784=PLANE('',#6428);
#5785=PLANE('',#6429);
#5786=PLANE('',#6430);
#5787=PLANE('',#6431);
#5788=PLANE('',#6432);
#5789=PLANE('',#6433);
#5790=PLANE('',#6434);
#5791=PLANE('',#6435);
#5792=PLANE('',#6436);
#5793=PLANE('',#6437);
#5794=PLANE('',#6438);
#5795=PLANE('',#6439);
#5796=PLANE('',#6440);
#5797=PLANE('',#6441);
#5798=PLANE('',#6442);
#5799=PLANE('',#6443);
#5800=PLANE('',#6444);
#5801=PLANE('',#6445);
#5802=PLANE('',#6446);
#5803=PLANE('',#6447);
#5804=PLANE('',#6448);
#5805=PLANE('',#6449);
#5806=PLANE('',#6450);
#5807=PLANE('',#6451);
#5808=PLANE('',#6452);
#5809=PLANE('',#6453);
#5810=PLANE('',#6454);
#5811=PLANE('',#6455);
#5812=PLANE('',#6456);
#5813=PLANE('',#6457);
#5814=PLANE('',#6458);
#5815=PLANE('',#6459);
#5816=PLANE('',#6460);
#5817=PLANE('',#6461);
#5818=PLANE('',#6462);
#5819=PLANE('',#6463);
#5820=PLANE('',#6464);
#5821=PLANE('',#6465);
#5822=PLANE('',#6466);
#5823=PLANE('',#6467);
#5824=PLANE('',#6468);
#5825=PLANE('',#6469);
#5826=PLANE('',#6470);
#5827=PLANE('',#6471);
#5828=PLANE('',#6472);
#5829=PLANE('',#6473);
#5830=PLANE('',#6474);
#5831=PLANE('',#6475);
#5832=PLANE('',#6476);
#5833=PLANE('',#6477);
#5834=PLANE('',#6478);
#5835=PLANE('',#6479);
#5836=PLANE('',#6480);
#5837=PLANE('',#6481);
#5838=PLANE('',#6482);
#5839=PLANE('',#6483);
#5840=PLANE('',#6484);
#5841=PLANE('',#6485);
#5842=PLANE('',#6486);
#5843=PLANE('',#6487);
#5844=PLANE('',#6488);
#5845=PLANE('',#6489);
#5846=PLANE('',#6490);
#5847=PLANE('',#6491);
#5848=PLANE('',#6492);
#5849=PLANE('',#6493);
#5850=PLANE('',#6494);
#5851=PLANE('',#6495);
#5852=PLANE('',#6499);
#5853=PLANE('',#6503);
#5854=PLANE('',#6507);
#5855=PLANE('',#6511);
#5856=PLANE('',#6515);
#5857=PLANE('',#6519);
#5858=PLANE('',#6520);
#5859=PLANE('',#6521);
#5860=PLANE('',#6522);
#5861=PLANE('',#6523);
#5862=PLANE('',#6524);
#5863=PLANE('',#6525);
#5864=PLANE('',#6526);
#5865=PLANE('',#6527);
#5866=PLANE('',#6528);
#5867=PLANE('',#6529);
#5868=PLANE('',#6530);
#5869=PLANE('',#6531);
#5870=PLANE('',#6532);
#5871=PLANE('',#6533);
#5872=PLANE('',#6534);
#5873=PLANE('',#6535);
#5874=PLANE('',#6536);
#5875=PLANE('',#6537);
#5876=PLANE('',#6538);
#5877=PLANE('',#6539);
#5878=PLANE('',#6540);
#5879=PLANE('',#6541);
#5880=PLANE('',#6542);
#5881=PLANE('',#6543);
#5882=PLANE('',#6544);
#5883=PLANE('',#6545);
#5884=PLANE('',#6546);
#5885=PLANE('',#6547);
#5886=PLANE('',#6548);
#5887=PLANE('',#6549);
#5888=PLANE('',#6550);
#5889=PLANE('',#6551);
#5890=PLANE('',#6552);
#5891=PLANE('',#6553);
#5892=PLANE('',#6554);
#5893=PLANE('',#6555);
#5894=PLANE('',#6556);
#5895=PLANE('',#6557);
#5896=PLANE('',#6558);
#5897=PLANE('',#6559);
#5898=PLANE('',#6560);
#5899=PLANE('',#6561);
#5900=PLANE('',#6562);
#5901=PLANE('',#6563);
#5902=PLANE('',#6564);
#5903=PLANE('',#6565);
#5904=PLANE('',#6566);
#5905=PLANE('',#6567);
#5906=PLANE('',#6568);
#5907=PLANE('',#6569);
#5908=PLANE('',#6570);
#5909=PLANE('',#6571);
#5910=PLANE('',#6572);
#5911=PLANE('',#6573);
#5912=PLANE('',#6574);
#5913=PLANE('',#6575);
#5914=PLANE('',#6576);
#5915=PLANE('',#6577);
#5916=PLANE('',#6578);
#5917=PLANE('',#6579);
#5918=PLANE('',#6580);
#5919=PLANE('',#6581);
#5920=PLANE('',#6582);
#5921=PLANE('',#6583);
#5922=PLANE('',#6584);
#5923=PLANE('',#6585);
#5924=PLANE('',#6586);
#5925=PLANE('',#6587);
#5926=PLANE('',#6588);
#5927=PLANE('',#6589);
#5928=PLANE('',#6590);
#5929=PLANE('',#6591);
#5930=PLANE('',#6592);
#5931=PLANE('',#6593);
#5932=PLANE('',#6594);
#5933=PLANE('',#6595);
#5934=PLANE('',#6596);
#5935=PLANE('',#6597);
#5936=PLANE('',#6598);
#5937=PLANE('',#6599);
#5938=PLANE('',#6600);
#5939=PLANE('',#6601);
#5940=PLANE('',#6602);
#5941=PLANE('',#6603);
#5942=PLANE('',#6604);
#5943=PLANE('',#6605);
#5944=PLANE('',#6606);
#5945=PLANE('',#6607);
#5946=PLANE('',#6608);
#5947=PLANE('',#6609);
#5948=PLANE('',#6610);
#5949=PLANE('',#6611);
#5950=PLANE('',#6612);
#5951=PLANE('',#6613);
#5952=PLANE('',#6614);
#5953=PLANE('',#6615);
#5954=PLANE('',#6616);
#5955=PLANE('',#6617);
#5956=PLANE('',#6618);
#5957=PLANE('',#6619);
#5958=PLANE('',#6620);
#5959=PLANE('',#6621);
#5960=PLANE('',#6622);
#5961=PLANE('',#6623);
#5962=PLANE('',#6624);
#5963=PLANE('',#6625);
#5964=PLANE('',#6626);
#5965=PLANE('',#6627);
#5966=PLANE('',#6628);
#5967=PLANE('',#6629);
#5968=PLANE('',#6630);
#5969=PLANE('',#6631);
#5970=PLANE('',#6632);
#5971=PLANE('',#6633);
#5972=PLANE('',#6634);
#5973=PLANE('',#6635);
#5974=PLANE('',#6636);
#5975=PLANE('',#6637);
#5976=PLANE('',#6638);
#5977=PLANE('',#6639);
#5978=PLANE('',#6640);
#5979=PLANE('',#6641);
#5980=PLANE('',#6642);
#5981=PLANE('',#6643);
#5982=PLANE('',#6644);
#5983=PLANE('',#6645);
#5984=PLANE('',#6646);
#5985=PLANE('',#6647);
#5986=PLANE('',#6648);
#5987=PLANE('',#6649);
#5988=PLANE('',#6650);
#5989=PLANE('',#6651);
#5990=PLANE('',#6652);
#5991=PLANE('',#6653);
#5992=PLANE('',#6654);
#5993=PLANE('',#6655);
#5994=PLANE('',#6656);
#5995=PLANE('',#6657);
#5996=PLANE('',#6658);
#5997=PLANE('',#6659);
#5998=PLANE('',#6660);
#5999=PLANE('',#6661);
#6000=PLANE('',#6662);
#6001=PLANE('',#6663);
#6002=PLANE('',#6664);
#6003=PLANE('',#6665);
#6004=PLANE('',#6666);
#6005=PLANE('',#6667);
#6006=PLANE('',#6668);
#6007=PLANE('',#6669);
#6008=PLANE('',#6670);
#6009=PLANE('',#6671);
#6010=PLANE('',#6672);
#6011=PLANE('',#6673);
#6012=PLANE('',#6674);
#6013=PLANE('',#6675);
#6014=PLANE('',#6676);
#6015=PLANE('',#6677);
#6016=PLANE('',#6678);
#6017=PLANE('',#6679);
#6018=PLANE('',#6680);
#6019=PLANE('',#6681);
#6020=PLANE('',#6682);
#6021=PLANE('',#6683);
#6022=PLANE('',#6684);
#6023=PLANE('',#6685);
#6024=PLANE('',#6686);
#6025=PLANE('',#6687);
#6026=PLANE('',#6688);
#6027=PLANE('',#6689);
#6028=PLANE('',#6690);
#6029=PLANE('',#6691);
#6030=PLANE('',#6692);
#6031=PLANE('',#6693);
#6032=PLANE('',#6694);
#6033=PLANE('',#6695);
#6034=PLANE('',#6696);
#6035=PLANE('',#6697);
#6036=PLANE('',#6698);
#6037=PLANE('',#6699);
#6038=PLANE('',#6700);
#6039=PLANE('',#6701);
#6040=PLANE('',#6702);
#6041=PLANE('',#6703);
#6042=PLANE('',#6704);
#6043=PLANE('',#6705);
#6044=PLANE('',#6706);
#6045=PLANE('',#6707);
#6046=PLANE('',#6708);
#6047=PLANE('',#6709);
#6048=PLANE('',#6710);
#6049=PLANE('',#6711);
#6050=PLANE('',#6712);
#6051=PLANE('',#6713);
#6052=PLANE('',#6714);
#6053=PLANE('',#6715);
#6054=PLANE('',#6716);
#6055=ADVANCED_FACE('',(#238),#5774,.F.);
#6056=ADVANCED_FACE('',(#239),#5775,.F.);
#6057=ADVANCED_FACE('',(#240),#5776,.T.);
#6058=ADVANCED_FACE('',(#241),#5777,.T.);
#6059=ADVANCED_FACE('',(#242),#5778,.T.);
#6060=ADVANCED_FACE('',(#243),#5779,.T.);
#6061=ADVANCED_FACE('',(#244),#5780,.T.);
#6062=ADVANCED_FACE('',(#245),#5781,.T.);
#6063=ADVANCED_FACE('',(#246),#5782,.T.);
#6064=ADVANCED_FACE('',(#247),#5783,.T.);
#6065=ADVANCED_FACE('',(#248,#210),#5784,.T.);
#6066=ADVANCED_FACE('',(#249),#5785,.T.);
#6067=ADVANCED_FACE('',(#250),#5786,.T.);
#6068=ADVANCED_FACE('',(#251),#5787,.T.);
#6069=ADVANCED_FACE('',(#252),#5788,.T.);
#6070=ADVANCED_FACE('',(#253,#211),#5789,.T.);
#6071=ADVANCED_FACE('',(#254),#5790,.T.);
#6072=ADVANCED_FACE('',(#255),#5791,.T.);
#6073=ADVANCED_FACE('',(#256),#5792,.T.);
#6074=ADVANCED_FACE('',(#257),#5793,.T.);
#6075=ADVANCED_FACE('',(#258),#5794,.T.);
#6076=ADVANCED_FACE('',(#259),#5795,.T.);
#6077=ADVANCED_FACE('',(#260),#5796,.T.);
#6078=ADVANCED_FACE('',(#261),#5797,.T.);
#6079=ADVANCED_FACE('',(#262),#5798,.F.);
#6080=ADVANCED_FACE('',(#263),#5799,.T.);
#6081=ADVANCED_FACE('',(#264),#5800,.T.);
#6082=ADVANCED_FACE('',(#265),#5801,.T.);
#6083=ADVANCED_FACE('',(#266),#5802,.T.);
#6084=ADVANCED_FACE('',(#267),#5803,.F.);
#6085=ADVANCED_FACE('',(#268),#5804,.T.);
#6086=ADVANCED_FACE('',(#269),#5805,.T.);
#6087=ADVANCED_FACE('',(#270),#5806,.T.);
#6088=ADVANCED_FACE('',(#271),#5807,.T.);
#6089=ADVANCED_FACE('',(#272),#5808,.T.);
#6090=ADVANCED_FACE('',(#273),#5809,.T.);
#6091=ADVANCED_FACE('',(#274),#5810,.T.);
#6092=ADVANCED_FACE('',(#275),#5811,.T.);
#6093=ADVANCED_FACE('',(#276),#5812,.F.);
#6094=ADVANCED_FACE('',(#277),#5813,.F.);
#6095=ADVANCED_FACE('',(#278),#5814,.T.);
#6096=ADVANCED_FACE('',(#279),#5815,.T.);
#6097=ADVANCED_FACE('',(#280),#5816,.T.);
#6098=ADVANCED_FACE('',(#281),#5817,.T.);
#6099=ADVANCED_FACE('',(#282),#5818,.T.);
#6100=ADVANCED_FACE('',(#283),#5819,.F.);
#6101=ADVANCED_FACE('',(#284),#5820,.T.);
#6102=ADVANCED_FACE('',(#285),#5821,.T.);
#6103=ADVANCED_FACE('',(#286),#5822,.T.);
#6104=ADVANCED_FACE('',(#287),#5823,.T.);
#6105=ADVANCED_FACE('',(#288),#5824,.T.);
#6106=ADVANCED_FACE('',(#289),#5825,.T.);
#6107=ADVANCED_FACE('',(#290),#5826,.T.);
#6108=ADVANCED_FACE('',(#291),#5827,.T.);
#6109=ADVANCED_FACE('',(#292),#5828,.T.);
#6110=ADVANCED_FACE('',(#293),#5829,.T.);
#6111=ADVANCED_FACE('',(#294),#5830,.T.);
#6112=ADVANCED_FACE('',(#295),#5831,.T.);
#6113=ADVANCED_FACE('',(#296),#5832,.F.);
#6114=ADVANCED_FACE('',(#297),#5833,.T.);
#6115=ADVANCED_FACE('',(#298,#212),#5834,.T.);
#6116=ADVANCED_FACE('',(#299),#5835,.T.);
#6117=ADVANCED_FACE('',(#300),#5836,.T.);
#6118=ADVANCED_FACE('',(#301),#5837,.T.);
#6119=ADVANCED_FACE('',(#302),#5838,.T.);
#6120=ADVANCED_FACE('',(#303),#5839,.T.);
#6121=ADVANCED_FACE('',(#304),#5840,.T.);
#6122=ADVANCED_FACE('',(#305,#213),#5841,.F.);
#6123=ADVANCED_FACE('',(#306),#5842,.F.);
#6124=ADVANCED_FACE('',(#307),#5843,.F.);
#6125=ADVANCED_FACE('',(#308),#5844,.F.);
#6126=ADVANCED_FACE('',(#309),#5845,.F.);
#6127=ADVANCED_FACE('',(#310),#5846,.T.);
#6128=ADVANCED_FACE('',(#311),#5847,.F.);
#6129=ADVANCED_FACE('',(#312),#5848,.F.);
#6130=ADVANCED_FACE('',(#313),#5849,.F.);
#6131=ADVANCED_FACE('',(#314),#5850,.T.);
#6132=ADVANCED_FACE('',(#315),#5851,.T.);
#6133=ADVANCED_FACE('',(#316),#184,.T.);
#6134=ADVANCED_FACE('',(#317),#5852,.T.);
#6135=ADVANCED_FACE('',(#318),#185,.T.);
#6136=ADVANCED_FACE('',(#319),#5853,.T.);
#6137=ADVANCED_FACE('',(#320),#186,.T.);
#6138=ADVANCED_FACE('',(#321),#5854,.T.);
#6139=ADVANCED_FACE('',(#322),#187,.T.);
#6140=ADVANCED_FACE('',(#323),#5855,.T.);
#6141=ADVANCED_FACE('',(#324),#188,.T.);
#6142=ADVANCED_FACE('',(#325),#5856,.T.);
#6143=ADVANCED_FACE('',(#326),#189,.T.);
#6144=ADVANCED_FACE('',(#327),#5857,.T.);
#6145=ADVANCED_FACE('',(#328),#5858,.T.);
#6146=ADVANCED_FACE('',(#329),#5859,.T.);
#6147=ADVANCED_FACE('',(#330),#5860,.T.);
#6148=ADVANCED_FACE('',(#331,#214,#215,#216,#217,#218,#219),#5861,.T.);
#6149=ADVANCED_FACE('',(#332),#5862,.F.);
#6150=ADVANCED_FACE('',(#333),#5863,.F.);
#6151=ADVANCED_FACE('',(#334),#5864,.F.);
#6152=ADVANCED_FACE('',(#335),#5865,.F.);
#6153=ADVANCED_FACE('',(#336),#5866,.T.);
#6154=ADVANCED_FACE('',(#337),#5867,.F.);
#6155=ADVANCED_FACE('',(#338),#119,.F.);
#6156=ADVANCED_FACE('',(#339),#120,.F.);
#6157=ADVANCED_FACE('',(#340),#121,.F.);
#6158=ADVANCED_FACE('',(#341),#122,.F.);
#6159=ADVANCED_FACE('',(#342),#123,.F.);
#6160=ADVANCED_FACE('',(#343),#124,.F.);
#6161=ADVANCED_FACE('',(#344),#125,.F.);
#6162=ADVANCED_FACE('',(#345),#126,.F.);
#6163=ADVANCED_FACE('',(#346),#127,.F.);
#6164=ADVANCED_FACE('',(#347),#128,.F.);
#6165=ADVANCED_FACE('',(#348),#5868,.F.);
#6166=ADVANCED_FACE('',(#349),#129,.F.);
#6167=ADVANCED_FACE('',(#350),#130,.F.);
#6168=ADVANCED_FACE('',(#351),#131,.F.);
#6169=ADVANCED_FACE('',(#352),#132,.F.);
#6170=ADVANCED_FACE('',(#353),#133,.F.);
#6171=ADVANCED_FACE('',(#354),#134,.F.);
#6172=ADVANCED_FACE('',(#355),#135,.F.);
#6173=ADVANCED_FACE('',(#356),#136,.F.);
#6174=ADVANCED_FACE('',(#357),#137,.F.);
#6175=ADVANCED_FACE('',(#358),#138,.F.);
#6176=ADVANCED_FACE('',(#359),#5869,.T.);
#6177=ADVANCED_FACE('',(#360),#139,.F.);
#6178=ADVANCED_FACE('',(#361),#5870,.F.);
#6179=ADVANCED_FACE('',(#362),#5871,.F.);
#6180=ADVANCED_FACE('',(#363),#5872,.F.);
#6181=ADVANCED_FACE('',(#364),#5873,.F.);
#6182=ADVANCED_FACE('',(#365),#5874,.F.);
#6183=ADVANCED_FACE('',(#366),#5875,.F.);
#6184=ADVANCED_FACE('',(#367),#5876,.F.);
#6185=ADVANCED_FACE('',(#368),#140,.F.);
#6186=ADVANCED_FACE('',(#369),#5877,.F.);
#6187=ADVANCED_FACE('',(#370),#5878,.F.);
#6188=ADVANCED_FACE('',(#371),#5879,.F.);
#6189=ADVANCED_FACE('',(#372),#5880,.F.);
#6190=ADVANCED_FACE('',(#373,#220),#5881,.T.);
#6191=ADVANCED_FACE('',(#374),#5882,.F.);
#6192=ADVANCED_FACE('',(#375),#5883,.F.);
#6193=ADVANCED_FACE('',(#376),#5884,.F.);
#6194=ADVANCED_FACE('',(#377),#5885,.F.);
#6195=ADVANCED_FACE('',(#378),#5886,.F.);
#6196=ADVANCED_FACE('',(#379),#5887,.F.);
#6197=ADVANCED_FACE('',(#380),#5888,.F.);
#6198=ADVANCED_FACE('',(#381),#5889,.F.);
#6199=ADVANCED_FACE('',(#382),#5890,.T.);
#6200=ADVANCED_FACE('',(#383),#5891,.F.);
#6201=ADVANCED_FACE('',(#384),#5892,.F.);
#6202=ADVANCED_FACE('',(#385),#5893,.F.);
#6203=ADVANCED_FACE('',(#386),#5894,.F.);
#6204=ADVANCED_FACE('',(#387),#5895,.F.);
#6205=ADVANCED_FACE('',(#388),#5896,.F.);
#6206=ADVANCED_FACE('',(#389),#5897,.F.);
#6207=ADVANCED_FACE('',(#390),#5898,.F.);
#6208=ADVANCED_FACE('',(#391),#5899,.F.);
#6209=ADVANCED_FACE('',(#392),#5900,.F.);
#6210=ADVANCED_FACE('',(#393),#5901,.F.);
#6211=ADVANCED_FACE('',(#394),#5902,.F.);
#6212=ADVANCED_FACE('',(#395),#5903,.T.);
#6213=ADVANCED_FACE('',(#396),#141,.F.);
#6214=ADVANCED_FACE('',(#397),#142,.F.);
#6215=ADVANCED_FACE('',(#398),#143,.F.);
#6216=ADVANCED_FACE('',(#399),#144,.F.);
#6217=ADVANCED_FACE('',(#400),#145,.F.);
#6218=ADVANCED_FACE('',(#401),#146,.F.);
#6219=ADVANCED_FACE('',(#402),#147,.F.);
#6220=ADVANCED_FACE('',(#403),#148,.F.);
#6221=ADVANCED_FACE('',(#404),#149,.F.);
#6222=ADVANCED_FACE('',(#405),#150,.F.);
#6223=ADVANCED_FACE('',(#406),#151,.F.);
#6224=ADVANCED_FACE('',(#407),#152,.F.);
#6225=ADVANCED_FACE('',(#408),#153,.F.);
#6226=ADVANCED_FACE('',(#409),#154,.F.);
#6227=ADVANCED_FACE('',(#410),#155,.F.);
#6228=ADVANCED_FACE('',(#411),#156,.F.);
#6229=ADVANCED_FACE('',(#412),#157,.F.);
#6230=ADVANCED_FACE('',(#413),#158,.F.);
#6231=ADVANCED_FACE('',(#414),#159,.F.);
#6232=ADVANCED_FACE('',(#415),#160,.F.);
#6233=ADVANCED_FACE('',(#416,#221),#5904,.T.);
#6234=ADVANCED_FACE('',(#417),#161,.F.);
#6235=ADVANCED_FACE('',(#418),#162,.F.);
#6236=ADVANCED_FACE('',(#419),#5905,.F.);
#6237=ADVANCED_FACE('',(#420),#5906,.F.);
#6238=ADVANCED_FACE('',(#421),#163,.F.);
#6239=ADVANCED_FACE('',(#422),#164,.F.);
#6240=ADVANCED_FACE('',(#423),#5907,.F.);
#6241=ADVANCED_FACE('',(#424),#5908,.F.);
#6242=ADVANCED_FACE('',(#425),#5909,.F.);
#6243=ADVANCED_FACE('',(#426),#5910,.F.);
#6244=ADVANCED_FACE('',(#427),#165,.F.);
#6245=ADVANCED_FACE('',(#428),#166,.F.);
#6246=ADVANCED_FACE('',(#429),#167,.F.);
#6247=ADVANCED_FACE('',(#430),#5911,.F.);
#6248=ADVANCED_FACE('',(#431),#5912,.F.);
#6249=ADVANCED_FACE('',(#432),#168,.F.);
#6250=ADVANCED_FACE('',(#433),#169,.F.);
#6251=ADVANCED_FACE('',(#434),#170,.F.);
#6252=ADVANCED_FACE('',(#435),#171,.F.);
#6253=ADVANCED_FACE('',(#436,#222),#5913,.T.);
#6254=ADVANCED_FACE('',(#437),#5914,.T.);
#6255=ADVANCED_FACE('',(#438),#5915,.T.);
#6256=ADVANCED_FACE('',(#439),#5916,.T.);
#6257=ADVANCED_FACE('',(#440),#5917,.T.);
#6258=ADVANCED_FACE('',(#441),#5918,.T.);
#6259=ADVANCED_FACE('',(#442,#223,#224,#225,#226,#227),#5919,.T.);
#6260=ADVANCED_FACE('',(#443),#5920,.T.);
#6261=ADVANCED_FACE('',(#444),#5921,.T.);
#6262=ADVANCED_FACE('',(#445),#5922,.T.);
#6263=ADVANCED_FACE('',(#446),#5923,.T.);
#6264=ADVANCED_FACE('',(#447),#5924,.T.);
#6265=ADVANCED_FACE('',(#448),#5925,.T.);
#6266=ADVANCED_FACE('',(#449),#5926,.T.);
#6267=ADVANCED_FACE('',(#450),#5927,.T.);
#6268=ADVANCED_FACE('',(#451),#5928,.T.);
#6269=ADVANCED_FACE('',(#452),#5929,.T.);
#6270=ADVANCED_FACE('',(#453),#5930,.T.);
#6271=ADVANCED_FACE('',(#454),#5931,.T.);
#6272=ADVANCED_FACE('',(#455),#5932,.T.);
#6273=ADVANCED_FACE('',(#456),#5933,.T.);
#6274=ADVANCED_FACE('',(#457),#5934,.T.);
#6275=ADVANCED_FACE('',(#458),#5935,.T.);
#6276=ADVANCED_FACE('',(#459),#5936,.T.);
#6277=ADVANCED_FACE('',(#460,#228),#5937,.T.);
#6278=ADVANCED_FACE('',(#461),#5938,.T.);
#6279=ADVANCED_FACE('',(#462),#5939,.T.);
#6280=ADVANCED_FACE('',(#463),#5940,.T.);
#6281=ADVANCED_FACE('',(#464),#5941,.T.);
#6282=ADVANCED_FACE('',(#465),#5942,.T.);
#6283=ADVANCED_FACE('',(#466),#5943,.T.);
#6284=ADVANCED_FACE('',(#467,#229,#230),#5944,.F.);
#6285=ADVANCED_FACE('',(#468),#5945,.T.);
#6286=ADVANCED_FACE('',(#469),#5946,.T.);
#6287=ADVANCED_FACE('',(#470),#5947,.T.);
#6288=ADVANCED_FACE('',(#471),#5948,.T.);
#6289=ADVANCED_FACE('',(#472),#5949,.T.);
#6290=ADVANCED_FACE('',(#473),#5950,.F.);
#6291=ADVANCED_FACE('',(#474),#5951,.T.);
#6292=ADVANCED_FACE('',(#475),#5952,.T.);
#6293=ADVANCED_FACE('',(#476),#5953,.T.);
#6294=ADVANCED_FACE('',(#477),#5954,.T.);
#6295=ADVANCED_FACE('',(#478),#5955,.F.);
#6296=ADVANCED_FACE('',(#479),#5956,.T.);
#6297=ADVANCED_FACE('',(#480),#5957,.T.);
#6298=ADVANCED_FACE('',(#481),#5958,.T.);
#6299=ADVANCED_FACE('',(#482),#5959,.T.);
#6300=ADVANCED_FACE('',(#483),#5960,.F.);
#6301=ADVANCED_FACE('',(#484),#5961,.F.);
#6302=ADVANCED_FACE('',(#485),#5962,.F.);
#6303=ADVANCED_FACE('',(#486),#5963,.F.);
#6304=ADVANCED_FACE('',(#487),#5964,.F.);
#6305=ADVANCED_FACE('',(#488),#5965,.F.);
#6306=ADVANCED_FACE('',(#489),#5966,.T.);
#6307=ADVANCED_FACE('',(#490),#5967,.T.);
#6308=ADVANCED_FACE('',(#491),#5968,.T.);
#6309=ADVANCED_FACE('',(#492),#5969,.F.);
#6310=ADVANCED_FACE('',(#493),#5970,.F.);
#6311=ADVANCED_FACE('',(#494),#5971,.T.);
#6312=ADVANCED_FACE('',(#495),#5972,.F.);
#6313=ADVANCED_FACE('',(#496),#5973,.T.);
#6314=ADVANCED_FACE('',(#497),#5974,.F.);
#6315=ADVANCED_FACE('',(#498),#5975,.T.);
#6316=ADVANCED_FACE('',(#499),#5976,.T.);
#6317=ADVANCED_FACE('',(#500),#5977,.T.);
#6318=ADVANCED_FACE('',(#501),#5978,.T.);
#6319=ADVANCED_FACE('',(#502),#5979,.T.);
#6320=ADVANCED_FACE('',(#503),#5980,.F.);
#6321=ADVANCED_FACE('',(#504),#5981,.F.);
#6322=ADVANCED_FACE('',(#505),#5982,.T.);
#6323=ADVANCED_FACE('',(#506),#5983,.T.);
#6324=ADVANCED_FACE('',(#507),#5984,.T.);
#6325=ADVANCED_FACE('',(#508),#5985,.F.);
#6326=ADVANCED_FACE('',(#509),#5986,.F.);
#6327=ADVANCED_FACE('',(#510),#5987,.F.);
#6328=ADVANCED_FACE('',(#511),#5988,.T.);
#6329=ADVANCED_FACE('',(#512),#5989,.T.);
#6330=ADVANCED_FACE('',(#513),#5990,.T.);
#6331=ADVANCED_FACE('',(#514),#5991,.F.);
#6332=ADVANCED_FACE('',(#515),#5992,.F.);
#6333=ADVANCED_FACE('',(#516),#5993,.T.);
#6334=ADVANCED_FACE('',(#517),#5994,.F.);
#6335=ADVANCED_FACE('',(#518),#5995,.F.);
#6336=ADVANCED_FACE('',(#519),#5996,.F.);
#6337=ADVANCED_FACE('',(#520),#5997,.T.);
#6338=ADVANCED_FACE('',(#521),#5998,.T.);
#6339=ADVANCED_FACE('',(#522),#5999,.F.);
#6340=ADVANCED_FACE('',(#523,#231,#232,#233,#234,#235),#6000,.T.);
#6341=ADVANCED_FACE('',(#524,#236),#6001,.T.);
#6342=ADVANCED_FACE('',(#525),#6002,.T.);
#6343=ADVANCED_FACE('',(#526),#6003,.F.);
#6344=ADVANCED_FACE('',(#527),#6004,.F.);
#6345=ADVANCED_FACE('',(#528),#6005,.F.);
#6346=ADVANCED_FACE('',(#529,#237),#6006,.T.);
#6347=ADVANCED_FACE('',(#530),#6007,.T.);
#6348=ADVANCED_FACE('',(#531),#6008,.F.);
#6349=ADVANCED_FACE('',(#532),#6009,.F.);
#6350=ADVANCED_FACE('',(#533),#6010,.T.);
#6351=ADVANCED_FACE('',(#534),#6011,.F.);
#6352=ADVANCED_FACE('',(#535),#6012,.T.);
#6353=ADVANCED_FACE('',(#536),#6013,.T.);
#6354=ADVANCED_FACE('',(#537),#6014,.T.);
#6355=ADVANCED_FACE('',(#538),#6015,.T.);
#6356=ADVANCED_FACE('',(#539),#6016,.T.);
#6357=ADVANCED_FACE('',(#540),#6017,.T.);
#6358=ADVANCED_FACE('',(#541),#6018,.T.);
#6359=ADVANCED_FACE('',(#542),#6019,.T.);
#6360=ADVANCED_FACE('',(#543),#6020,.T.);
#6361=ADVANCED_FACE('',(#544),#6021,.T.);
#6362=ADVANCED_FACE('',(#545),#6022,.T.);
#6363=ADVANCED_FACE('',(#546),#6023,.T.);
#6364=ADVANCED_FACE('',(#547),#6024,.F.);
#6365=ADVANCED_FACE('',(#548),#6025,.T.);
#6366=ADVANCED_FACE('',(#549),#6026,.T.);
#6367=ADVANCED_FACE('',(#550),#6027,.T.);
#6368=ADVANCED_FACE('',(#551),#6028,.T.);
#6369=ADVANCED_FACE('',(#552),#6029,.T.);
#6370=ADVANCED_FACE('',(#553),#6030,.F.);
#6371=ADVANCED_FACE('',(#554),#6031,.T.);
#6372=ADVANCED_FACE('',(#555),#6032,.T.);
#6373=ADVANCED_FACE('',(#556),#6033,.T.);
#6374=ADVANCED_FACE('',(#557),#6034,.T.);
#6375=ADVANCED_FACE('',(#558),#6035,.T.);
#6376=ADVANCED_FACE('',(#559),#6036,.F.);
#6377=ADVANCED_FACE('',(#560),#6037,.T.);
#6378=ADVANCED_FACE('',(#561),#6038,.T.);
#6379=ADVANCED_FACE('',(#562),#6039,.T.);
#6380=ADVANCED_FACE('',(#563),#6040,.T.);
#6381=ADVANCED_FACE('',(#564),#6041,.T.);
#6382=ADVANCED_FACE('',(#565),#6042,.F.);
#6383=ADVANCED_FACE('',(#566),#6043,.T.);
#6384=ADVANCED_FACE('',(#567),#6044,.T.);
#6385=ADVANCED_FACE('',(#568),#6045,.T.);
#6386=ADVANCED_FACE('',(#569),#6046,.T.);
#6387=ADVANCED_FACE('',(#570),#6047,.T.);
#6388=ADVANCED_FACE('',(#571),#6048,.F.);
#6389=ADVANCED_FACE('',(#572),#6049,.T.);
#6390=ADVANCED_FACE('',(#573),#6050,.T.);
#6391=ADVANCED_FACE('',(#574),#6051,.T.);
#6392=ADVANCED_FACE('',(#575),#6052,.T.);
#6393=ADVANCED_FACE('',(#576),#6053,.T.);
#6394=ADVANCED_FACE('',(#577),#6054,.F.);
#6395=CLOSED_SHELL('',(#6055,#6056,#6057,#6058,#6059,#6060,#6061,#6062,
#6063,#6064,#6065,#6066,#6067,#6068,#6069,#6070,#6071,#6072,#6073,#6074,
#6075,#6076,#6077,#6078,#6079,#6080,#6081,#6082,#6083,#6084,#6085,#6086,
#6087,#6088,#6089,#6090,#6091,#6092,#6093,#6094,#6095,#6096,#6097,#6098,
#6099,#6100,#6101,#6102,#6103,#6104,#6105,#6106,#6107,#6108,#6109,#6110,
#6111,#6112,#6113,#6114,#6115,#6116,#6117,#6118,#6119,#6120,#6121,#6122));
#6396=CLOSED_SHELL('',(#6123,#6124,#6125,#6126,#6127,#6128,#6129,#6130,
#6131,#6132,#6133,#6134,#6135,#6136,#6137,#6138,#6139,#6140,#6141,#6142,
#6143,#6144,#6145,#6146,#6147,#6148));
#6397=CLOSED_SHELL('',(#6149,#6150,#6151,#6152,#6153,#6154,#6155,#6156,
#6157,#6158,#6159,#6160,#6161,#6162,#6163,#6164,#6165,#6166,#6167,#6168,
#6169,#6170,#6171,#6172,#6173,#6174,#6175,#6176,#6177,#6178,#6179,#6180,
#6181,#6182,#6183,#6184,#6185,#6186,#6187,#6188,#6189,#6190,#6191,#6192,
#6193,#6194,#6195,#6196,#6197,#6198,#6199,#6200,#6201,#6202,#6203,#6204,
#6205,#6206,#6207,#6208,#6209,#6210,#6211,#6212,#6213,#6214,#6215,#6216,
#6217,#6218,#6219,#6220,#6221,#6222,#6223,#6224,#6225,#6226,#6227,#6228,
#6229,#6230,#6231,#6232,#6233,#6234,#6235,#6236,#6237,#6238,#6239,#6240,
#6241,#6242,#6243,#6244,#6245,#6246,#6247,#6248,#6249,#6250,#6251,#6252,
#6253,#6254,#6255,#6256,#6257,#6258,#6259,#6260,#6261,#6262,#6263,#6264,
#6265,#6266,#6267,#6268,#6269,#6270,#6271,#6272,#6273,#6274,#6275,#6276,
#6277,#6278,#6279,#6280,#6281,#6282,#6283,#6284,#6285,#6286,#6287,#6288,
#6289,#6290,#6291,#6292,#6293,#6294,#6295,#6296,#6297,#6298,#6299,#6300,
#6301,#6302,#6303,#6304,#6305,#6306,#6307,#6308,#6309,#6310,#6311,#6312,
#6313,#6314,#6315,#6316,#6317,#6318,#6319,#6320,#6321,#6322,#6323,#6324,
#6325,#6326,#6327,#6328,#6329,#6330,#6331,#6332,#6333,#6334,#6335,#6336,
#6337,#6338,#6339,#6340,#6341,#6342,#6343));
#6398=CLOSED_SHELL('',(#6344,#6345,#6346,#6347,#6348,#6349,#6350,#6351,
#6352,#6353,#6354,#6355,#6356,#6357,#6358));
#6399=CLOSED_SHELL('',(#6359,#6360,#6361,#6362,#6363,#6364));
#6400=CLOSED_SHELL('',(#6365,#6366,#6367,#6368,#6369,#6370));
#6401=CLOSED_SHELL('',(#6371,#6372,#6373,#6374,#6375,#6376));
#6402=CLOSED_SHELL('',(#6377,#6378,#6379,#6380,#6381,#6382));
#6403=CLOSED_SHELL('',(#6383,#6384,#6385,#6386,#6387,#6388));
#6404=CLOSED_SHELL('',(#6389,#6390,#6391,#6392,#6393,#6394));
#6405=DERIVED_UNIT_ELEMENT(#6407,1.);
#6406=DERIVED_UNIT_ELEMENT(#10933,-3.);
#6407=(
MASS_UNIT()
NAMED_UNIT(*)
SI_UNIT(.KILO.,.GRAM.)
);
#6408=DERIVED_UNIT((#6405,#6406));
#6409=MEASURE_REPRESENTATION_ITEM('density measure',
POSITIVE_RATIO_MEASURE(7850.),#6408);
#6410=PROPERTY_DEFINITION_REPRESENTATION(#6415,#6412);
#6411=PROPERTY_DEFINITION_REPRESENTATION(#6416,#6413);
#6412=REPRESENTATION('material name',(#6414),#10930);
#6413=REPRESENTATION('density',(#6409),#10930);
#6414=DESCRIPTIVE_REPRESENTATION_ITEM('Steel','Steel');
#6415=PROPERTY_DEFINITION('material property','material name',#10940);
#6416=PROPERTY_DEFINITION('material property','density of part',#10940);
#6417=AXIS2_PLACEMENT_3D('',#8093,#6717,#6718);
#6418=AXIS2_PLACEMENT_3D('',#8094,#6719,#6720);
#6419=AXIS2_PLACEMENT_3D('',#8103,#6725,#6726);
#6420=AXIS2_PLACEMENT_3D('',#8112,#6731,#6732);
#6421=AXIS2_PLACEMENT_3D('',#8123,#6739,#6740);
#6422=AXIS2_PLACEMENT_3D('',#8133,#6746,#6747);
#6423=AXIS2_PLACEMENT_3D('',#8155,#6759,#6760);
#6424=AXIS2_PLACEMENT_3D('',#8179,#6773,#6774);
#6425=AXIS2_PLACEMENT_3D('',#8188,#6779,#6780);
#6426=AXIS2_PLACEMENT_3D('',#8194,#6784,#6785);
#6427=AXIS2_PLACEMENT_3D('',#8200,#6789,#6790);
#6428=AXIS2_PLACEMENT_3D('',#8202,#6792,#6793);
#6429=AXIS2_PLACEMENT_3D('',#8243,#6815,#6816);
#6430=AXIS2_PLACEMENT_3D('',#8249,#6820,#6821);
#6431=AXIS2_PLACEMENT_3D('',#8253,#6824,#6825);
#6432=AXIS2_PLACEMENT_3D('',#8257,#6828,#6829);
#6433=AXIS2_PLACEMENT_3D('',#8259,#6831,#6832);
#6434=AXIS2_PLACEMENT_3D('',#8271,#6839,#6840);
#6435=AXIS2_PLACEMENT_3D('',#8277,#6844,#6845);
#6436=AXIS2_PLACEMENT_3D('',#8283,#6849,#6850);
#6437=AXIS2_PLACEMENT_3D('',#8285,#6852,#6853);
#6438=AXIS2_PLACEMENT_3D('',#8287,#6855,#6856);
#6439=AXIS2_PLACEMENT_3D('',#8293,#6860,#6861);
#6440=AXIS2_PLACEMENT_3D('',#8299,#6865,#6866);
#6441=AXIS2_PLACEMENT_3D('',#8301,#6868,#6869);
#6442=AXIS2_PLACEMENT_3D('',#8303,#6871,#6872);
#6443=AXIS2_PLACEMENT_3D('',#8309,#6876,#6877);
#6444=AXIS2_PLACEMENT_3D('',#8313,#6880,#6881);
#6445=AXIS2_PLACEMENT_3D('',#8317,#6884,#6885);
#6446=AXIS2_PLACEMENT_3D('',#8319,#6887,#6888);
#6447=AXIS2_PLACEMENT_3D('',#8320,#6889,#6890);
#6448=AXIS2_PLACEMENT_3D('',#8329,#6895,#6896);
#6449=AXIS2_PLACEMENT_3D('',#8335,#6900,#6901);
#6450=AXIS2_PLACEMENT_3D('',#8341,#6905,#6906);
#6451=AXIS2_PLACEMENT_3D('',#8343,#6908,#6909);
#6452=AXIS2_PLACEMENT_3D('',#8345,#6911,#6912);
#6453=AXIS2_PLACEMENT_3D('',#8355,#6918,#6919);
#6454=AXIS2_PLACEMENT_3D('',#8359,#6922,#6923);
#6455=AXIS2_PLACEMENT_3D('',#8367,#6928,#6929);
#6456=AXIS2_PLACEMENT_3D('',#8370,#6932,#6933);
#6457=AXIS2_PLACEMENT_3D('',#8371,#6934,#6935);
#6458=AXIS2_PLACEMENT_3D('',#8384,#6943,#6944);
#6459=AXIS2_PLACEMENT_3D('',#8386,#6946,#6947);
#6460=AXIS2_PLACEMENT_3D('',#8395,#6952,#6953);
#6461=AXIS2_PLACEMENT_3D('',#8402,#6958,#6959);
#6462=AXIS2_PLACEMENT_3D('',#8409,#6964,#6965);
#6463=AXIS2_PLACEMENT_3D('',#8411,#6967,#6968);
#6464=AXIS2_PLACEMENT_3D('',#8412,#6969,#6970);
#6465=AXIS2_PLACEMENT_3D('',#8416,#6973,#6974);
#6466=AXIS2_PLACEMENT_3D('',#8420,#6977,#6978);
#6467=AXIS2_PLACEMENT_3D('',#8422,#6980,#6981);
#6468=AXIS2_PLACEMENT_3D('',#8424,#6983,#6984);
#6469=AXIS2_PLACEMENT_3D('',#8426,#6986,#6987);
#6470=AXIS2_PLACEMENT_3D('',#8427,#6988,#6989);
#6471=AXIS2_PLACEMENT_3D('',#8429,#6991,#6992);
#6472=AXIS2_PLACEMENT_3D('',#8433,#6995,#6996);
#6473=AXIS2_PLACEMENT_3D('',#8437,#6999,#7000);
#6474=AXIS2_PLACEMENT_3D('',#8441,#7003,#7004);
#6475=AXIS2_PLACEMENT_3D('',#8445,#7007,#7008);
#6476=AXIS2_PLACEMENT_3D('',#8449,#7011,#7012);
#6477=AXIS2_PLACEMENT_3D('',#8455,#7016,#7017);
#6478=AXIS2_PLACEMENT_3D('',#8457,#7019,#7020);
#6479=AXIS2_PLACEMENT_3D('',#8459,#7022,#7023);
#6480=AXIS2_PLACEMENT_3D('',#8465,#7027,#7028);
#6481=AXIS2_PLACEMENT_3D('',#8469,#7031,#7032);
#6482=AXIS2_PLACEMENT_3D('',#8473,#7035,#7036);
#6483=AXIS2_PLACEMENT_3D('',#8475,#7038,#7039);
#6484=AXIS2_PLACEMENT_3D('',#8479,#7042,#7043);
#6485=AXIS2_PLACEMENT_3D('',#8481,#7045,#7046);
#6486=AXIS2_PLACEMENT_3D('',#8482,#7047,#7048);
#6487=AXIS2_PLACEMENT_3D('',#8491,#7053,#7054);
#6488=AXIS2_PLACEMENT_3D('',#8497,#7058,#7059);
#6489=AXIS2_PLACEMENT_3D('',#8503,#7063,#7064);
#6490=AXIS2_PLACEMENT_3D('',#8521,#7074,#7075);
#6491=AXIS2_PLACEMENT_3D('',#8525,#7078,#7079);
#6492=AXIS2_PLACEMENT_3D('',#8531,#7083,#7084);
#6493=AXIS2_PLACEMENT_3D('',#8537,#7088,#7089);
#6494=AXIS2_PLACEMENT_3D('',#8539,#7091,#7092);
#6495=AXIS2_PLACEMENT_3D('',#8543,#7095,#7096);
#6496=AXIS2_PLACEMENT_3D('',#8547,#7099,#7100);
#6497=AXIS2_PLACEMENT_3D('',#8549,#7101,#7102);
#6498=AXIS2_PLACEMENT_3D('',#8552,#7104,#7105);
#6499=AXIS2_PLACEMENT_3D('',#8553,#7106,#7107);
#6500=AXIS2_PLACEMENT_3D('',#8554,#7108,#7109);
#6501=AXIS2_PLACEMENT_3D('',#8556,#7110,#7111);
#6502=AXIS2_PLACEMENT_3D('',#8559,#7113,#7114);
#6503=AXIS2_PLACEMENT_3D('',#8560,#7115,#7116);
#6504=AXIS2_PLACEMENT_3D('',#8561,#7117,#7118);
#6505=AXIS2_PLACEMENT_3D('',#8563,#7119,#7120);
#6506=AXIS2_PLACEMENT_3D('',#8566,#7122,#7123);
#6507=AXIS2_PLACEMENT_3D('',#8567,#7124,#7125);
#6508=AXIS2_PLACEMENT_3D('',#8568,#7126,#7127);
#6509=AXIS2_PLACEMENT_3D('',#8570,#7128,#7129);
#6510=AXIS2_PLACEMENT_3D('',#8573,#7131,#7132);
#6511=AXIS2_PLACEMENT_3D('',#8574,#7133,#7134);
#6512=AXIS2_PLACEMENT_3D('',#8575,#7135,#7136);
#6513=AXIS2_PLACEMENT_3D('',#8577,#7137,#7138);
#6514=AXIS2_PLACEMENT_3D('',#8580,#7140,#7141);
#6515=AXIS2_PLACEMENT_3D('',#8581,#7142,#7143);
#6516=AXIS2_PLACEMENT_3D('',#8582,#7144,#7145);
#6517=AXIS2_PLACEMENT_3D('',#8584,#7146,#7147);
#6518=AXIS2_PLACEMENT_3D('',#8587,#7149,#7150);
#6519=AXIS2_PLACEMENT_3D('',#8588,#7151,#7152);
#6520=AXIS2_PLACEMENT_3D('',#8589,#7153,#7154);
#6521=AXIS2_PLACEMENT_3D('',#8591,#7156,#7157);
#6522=AXIS2_PLACEMENT_3D('',#8595,#7160,#7161);
#6523=AXIS2_PLACEMENT_3D('',#8597,#7163,#7164);
#6524=AXIS2_PLACEMENT_3D('',#8598,#7165,#7166);
#6525=AXIS2_PLACEMENT_3D('',#8607,#7171,#7172);
#6526=AXIS2_PLACEMENT_3D('',#8613,#7176,#7177);
#6527=AXIS2_PLACEMENT_3D('',#8619,#7181,#7182);
#6528=AXIS2_PLACEMENT_3D('',#8622,#7185,#7186);
#6529=AXIS2_PLACEMENT_3D('',#8623,#7187,#7188);
#6530=AXIS2_PLACEMENT_3D('',#8882,#7203,#7204);
#6531=AXIS2_PLACEMENT_3D('',#9135,#7217,#7218);
#6532=AXIS2_PLACEMENT_3D('',#9164,#7221,#7222);
#6533=AXIS2_PLACEMENT_3D('',#9170,#7226,#7227);
#6534=AXIS2_PLACEMENT_3D('',#9179,#7232,#7233);
#6535=AXIS2_PLACEMENT_3D('',#9185,#7237,#7238);
#6536=AXIS2_PLACEMENT_3D('',#9191,#7242,#7243);
#6537=AXIS2_PLACEMENT_3D('',#9197,#7247,#7248);
#6538=AXIS2_PLACEMENT_3D('',#9203,#7252,#7253);
#6539=AXIS2_PLACEMENT_3D('',#9231,#7257,#7258);
#6540=AXIS2_PLACEMENT_3D('',#9237,#7262,#7263);
#6541=AXIS2_PLACEMENT_3D('',#9243,#7267,#7268);
#6542=AXIS2_PLACEMENT_3D('',#9249,#7272,#7273);
#6543=AXIS2_PLACEMENT_3D('',#9252,#7276,#7277);
#6544=AXIS2_PLACEMENT_3D('',#9253,#7278,#7279);
#6545=AXIS2_PLACEMENT_3D('',#9262,#7284,#7285);
#6546=AXIS2_PLACEMENT_3D('',#9268,#7289,#7290);
#6547=AXIS2_PLACEMENT_3D('',#9274,#7294,#7295);
#6548=AXIS2_PLACEMENT_3D('',#9280,#7299,#7300);
#6549=AXIS2_PLACEMENT_3D('',#9286,#7304,#7305);
#6550=AXIS2_PLACEMENT_3D('',#9292,#7309,#7310);
#6551=AXIS2_PLACEMENT_3D('',#9298,#7314,#7315);
#6552=AXIS2_PLACEMENT_3D('',#9301,#7318,#7319);
#6553=AXIS2_PLACEMENT_3D('',#9302,#7320,#7321);
#6554=AXIS2_PLACEMENT_3D('',#9311,#7326,#7327);
#6555=AXIS2_PLACEMENT_3D('',#9317,#7331,#7332);
#6556=AXIS2_PLACEMENT_3D('',#9323,#7336,#7337);
#6557=AXIS2_PLACEMENT_3D('',#9329,#7341,#7342);
#6558=AXIS2_PLACEMENT_3D('',#9335,#7346,#7347);
#6559=AXIS2_PLACEMENT_3D('',#9341,#7351,#7352);
#6560=AXIS2_PLACEMENT_3D('',#9347,#7356,#7357);
#6561=AXIS2_PLACEMENT_3D('',#9353,#7361,#7362);
#6562=AXIS2_PLACEMENT_3D('',#9359,#7366,#7367);
#6563=AXIS2_PLACEMENT_3D('',#9365,#7371,#7372);
#6564=AXIS2_PLACEMENT_3D('',#9371,#7376,#7377);
#6565=AXIS2_PLACEMENT_3D('',#9374,#7380,#7381);
#6566=AXIS2_PLACEMENT_3D('',#9875,#7402,#7403);
#6567=AXIS2_PLACEMENT_3D('',#9929,#7407,#7408);
#6568=AXIS2_PLACEMENT_3D('',#9935,#7412,#7413);
#6569=AXIS2_PLACEMENT_3D('',#9994,#7420,#7421);
#6570=AXIS2_PLACEMENT_3D('',#10000,#7425,#7426);
#6571=AXIS2_PLACEMENT_3D('',#10006,#7430,#7431);
#6572=AXIS2_PLACEMENT_3D('',#10012,#7435,#7436);
#6573=AXIS2_PLACEMENT_3D('',#10089,#7442,#7443);
#6574=AXIS2_PLACEMENT_3D('',#10095,#7447,#7448);
#6575=AXIS2_PLACEMENT_3D('',#10198,#7455,#7456);
#6576=AXIS2_PLACEMENT_3D('',#10199,#7457,#7458);
#6577=AXIS2_PLACEMENT_3D('',#10200,#7459,#7460);
#6578=AXIS2_PLACEMENT_3D('',#10201,#7461,#7462);
#6579=AXIS2_PLACEMENT_3D('',#10202,#7463,#7464);
#6580=AXIS2_PLACEMENT_3D('',#10211,#7469,#7470);
#6581=AXIS2_PLACEMENT_3D('',#10217,#7474,#7475);
#6582=AXIS2_PLACEMENT_3D('',#10237,#7486,#7487);
#6583=AXIS2_PLACEMENT_3D('',#10241,#7490,#7491);
#6584=AXIS2_PLACEMENT_3D('',#10251,#7497,#7498);
#6585=AXIS2_PLACEMENT_3D('',#10253,#7500,#7501);
#6586=AXIS2_PLACEMENT_3D('',#10255,#7503,#7504);
#6587=AXIS2_PLACEMENT_3D('',#10257,#7506,#7507);
#6588=AXIS2_PLACEMENT_3D('',#10259,#7509,#7510);
#6589=AXIS2_PLACEMENT_3D('',#10260,#7511,#7512);
#6590=AXIS2_PLACEMENT_3D('',#10269,#7517,#7518);
#6591=AXIS2_PLACEMENT_3D('',#10275,#7522,#7523);
#6592=AXIS2_PLACEMENT_3D('',#10281,#7527,#7528);
#6593=AXIS2_PLACEMENT_3D('',#10284,#7531,#7532);
#6594=AXIS2_PLACEMENT_3D('',#10285,#7533,#7534);
#6595=AXIS2_PLACEMENT_3D('',#10294,#7539,#7540);
#6596=AXIS2_PLACEMENT_3D('',#10300,#7544,#7545);
#6597=AXIS2_PLACEMENT_3D('',#10306,#7549,#7550);
#6598=AXIS2_PLACEMENT_3D('',#10309,#7553,#7554);
#6599=AXIS2_PLACEMENT_3D('',#10310,#7555,#7556);
#6600=AXIS2_PLACEMENT_3D('',#10327,#7565,#7566);
#6601=AXIS2_PLACEMENT_3D('',#10333,#7570,#7571);
#6602=AXIS2_PLACEMENT_3D('',#10339,#7575,#7576);
#6603=AXIS2_PLACEMENT_3D('',#10343,#7579,#7580);
#6604=AXIS2_PLACEMENT_3D('',#10347,#7583,#7584);
#6605=AXIS2_PLACEMENT_3D('',#10349,#7586,#7587);
#6606=AXIS2_PLACEMENT_3D('',#10355,#7591,#7592);
#6607=AXIS2_PLACEMENT_3D('',#10394,#7613,#7614);
#6608=AXIS2_PLACEMENT_3D('',#10398,#7617,#7618);
#6609=AXIS2_PLACEMENT_3D('',#10402,#7621,#7622);
#6610=AXIS2_PLACEMENT_3D('',#10406,#7625,#7626);
#6611=AXIS2_PLACEMENT_3D('',#10410,#7629,#7630);
#6612=AXIS2_PLACEMENT_3D('',#10412,#7632,#7633);
#6613=AXIS2_PLACEMENT_3D('',#10426,#7641,#7642);
#6614=AXIS2_PLACEMENT_3D('',#10432,#7646,#7647);
#6615=AXIS2_PLACEMENT_3D('',#10438,#7651,#7652);
#6616=AXIS2_PLACEMENT_3D('',#10441,#7655,#7656);
#6617=AXIS2_PLACEMENT_3D('',#10442,#7657,#7658);
#6618=AXIS2_PLACEMENT_3D('',#10443,#7659,#7660);
#6619=AXIS2_PLACEMENT_3D('',#10452,#7665,#7666);
#6620=AXIS2_PLACEMENT_3D('',#10455,#7669,#7670);
#6621=AXIS2_PLACEMENT_3D('',#10458,#7673,#7674);
#6622=AXIS2_PLACEMENT_3D('',#10459,#7675,#7676);
#6623=AXIS2_PLACEMENT_3D('',#10460,#7677,#7678);
#6624=AXIS2_PLACEMENT_3D('',#10469,#7683,#7684);
#6625=AXIS2_PLACEMENT_3D('',#10486,#7693,#7694);
#6626=AXIS2_PLACEMENT_3D('',#10497,#7701,#7702);
#6627=AXIS2_PLACEMENT_3D('',#10509,#7709,#7710);
#6628=AXIS2_PLACEMENT_3D('',#10513,#7713,#7714);
#6629=AXIS2_PLACEMENT_3D('',#10517,#7718,#7719);
#6630=AXIS2_PLACEMENT_3D('',#10523,#7723,#7724);
#6631=AXIS2_PLACEMENT_3D('',#10527,#7727,#7728);
#6632=AXIS2_PLACEMENT_3D('',#10536,#7734,#7735);
#6633=AXIS2_PLACEMENT_3D('',#10540,#7738,#7739);
#6634=AXIS2_PLACEMENT_3D('',#10546,#7743,#7744);
#6635=AXIS2_PLACEMENT_3D('',#10550,#7747,#7748);
#6636=AXIS2_PLACEMENT_3D('',#10552,#7750,#7751);
#6637=AXIS2_PLACEMENT_3D('',#10553,#7752,#7753);
#6638=AXIS2_PLACEMENT_3D('',#10555,#7755,#7756);
#6639=AXIS2_PLACEMENT_3D('',#10564,#7761,#7762);
#6640=AXIS2_PLACEMENT_3D('',#10573,#7767,#7768);
#6641=AXIS2_PLACEMENT_3D('',#10576,#7771,#7772);
#6642=AXIS2_PLACEMENT_3D('',#10579,#7775,#7776);
#6643=AXIS2_PLACEMENT_3D('',#10582,#7779,#7780);
#6644=AXIS2_PLACEMENT_3D('',#10586,#7783,#7784);
#6645=AXIS2_PLACEMENT_3D('',#10594,#7789,#7790);
#6646=AXIS2_PLACEMENT_3D('',#10603,#7795,#7796);
#6647=AXIS2_PLACEMENT_3D('',#10606,#7799,#7800);
#6648=AXIS2_PLACEMENT_3D('',#10608,#7802,#7803);
#6649=AXIS2_PLACEMENT_3D('',#10616,#7808,#7809);
#6650=AXIS2_PLACEMENT_3D('',#10625,#7815,#7816);
#6651=AXIS2_PLACEMENT_3D('',#10628,#7819,#7820);
#6652=AXIS2_PLACEMENT_3D('',#10646,#7830,#7831);
#6653=AXIS2_PLACEMENT_3D('',#10658,#7839,#7840);
#6654=AXIS2_PLACEMENT_3D('',#10662,#7843,#7844);
#6655=AXIS2_PLACEMENT_3D('',#10666,#7847,#7848);
#6656=AXIS2_PLACEMENT_3D('',#10668,#7850,#7851);
#6657=AXIS2_PLACEMENT_3D('',#10672,#7854,#7855);
#6658=AXIS2_PLACEMENT_3D('',#10678,#7859,#7860);
#6659=AXIS2_PLACEMENT_3D('',#10680,#7862,#7863);
#6660=AXIS2_PLACEMENT_3D('',#10688,#7868,#7869);
#6661=AXIS2_PLACEMENT_3D('',#10690,#7871,#7872);
#6662=AXIS2_PLACEMENT_3D('',#10691,#7873,#7874);
#6663=AXIS2_PLACEMENT_3D('',#10692,#7875,#7876);
#6664=AXIS2_PLACEMENT_3D('',#10694,#7878,#7879);
#6665=AXIS2_PLACEMENT_3D('',#10696,#7881,#7882);
#6666=AXIS2_PLACEMENT_3D('',#10697,#7883,#7884);
#6667=AXIS2_PLACEMENT_3D('',#10706,#7889,#7890);
#6668=AXIS2_PLACEMENT_3D('',#10712,#7894,#7895);
#6669=AXIS2_PLACEMENT_3D('',#10732,#7906,#7907);
#6670=AXIS2_PLACEMENT_3D('',#10736,#7910,#7911);
#6671=AXIS2_PLACEMENT_3D('',#10742,#7915,#7916);
#6672=AXIS2_PLACEMENT_3D('',#10744,#7918,#7919);
#6673=AXIS2_PLACEMENT_3D('',#10748,#7922,#7923);
#6674=AXIS2_PLACEMENT_3D('',#10752,#7926,#7927);
#6675=AXIS2_PLACEMENT_3D('',#10758,#7931,#7932);
#6676=AXIS2_PLACEMENT_3D('',#10762,#7935,#7936);
#6677=AXIS2_PLACEMENT_3D('',#10766,#7939,#7940);
#6678=AXIS2_PLACEMENT_3D('',#10768,#7942,#7943);
#6679=AXIS2_PLACEMENT_3D('',#10769,#7944,#7945);
#6680=AXIS2_PLACEMENT_3D('',#10771,#7947,#7948);
#6681=AXIS2_PLACEMENT_3D('',#10772,#7949,#7950);
#6682=AXIS2_PLACEMENT_3D('',#10781,#7955,#7956);
#6683=AXIS2_PLACEMENT_3D('',#10787,#7960,#7961);
#6684=AXIS2_PLACEMENT_3D('',#10793,#7965,#7966);
#6685=AXIS2_PLACEMENT_3D('',#10796,#7969,#7970);
#6686=AXIS2_PLACEMENT_3D('',#10797,#7971,#7972);
#6687=AXIS2_PLACEMENT_3D('',#10798,#7973,#7974);
#6688=AXIS2_PLACEMENT_3D('',#10807,#7979,#7980);
#6689=AXIS2_PLACEMENT_3D('',#10813,#7984,#7985);
#6690=AXIS2_PLACEMENT_3D('',#10819,#7989,#7990);
#6691=AXIS2_PLACEMENT_3D('',#10822,#7993,#7994);
#6692=AXIS2_PLACEMENT_3D('',#10823,#7995,#7996);
#6693=AXIS2_PLACEMENT_3D('',#10824,#7997,#7998);
#6694=AXIS2_PLACEMENT_3D('',#10833,#8003,#8004);
#6695=AXIS2_PLACEMENT_3D('',#10839,#8008,#8009);
#6696=AXIS2_PLACEMENT_3D('',#10845,#8013,#8014);
#6697=AXIS2_PLACEMENT_3D('',#10848,#8017,#8018);
#6698=AXIS2_PLACEMENT_3D('',#10849,#8019,#8020);
#6699=AXIS2_PLACEMENT_3D('',#10850,#8021,#8022);
#6700=AXIS2_PLACEMENT_3D('',#10859,#8027,#8028);
#6701=AXIS2_PLACEMENT_3D('',#10865,#8032,#8033);
#6702=AXIS2_PLACEMENT_3D('',#10871,#8037,#8038);
#6703=AXIS2_PLACEMENT_3D('',#10874,#8041,#8042);
#6704=AXIS2_PLACEMENT_3D('',#10875,#8043,#8044);
#6705=AXIS2_PLACEMENT_3D('',#10876,#8045,#8046);
#6706=AXIS2_PLACEMENT_3D('',#10885,#8051,#8052);
#6707=AXIS2_PLACEMENT_3D('',#10891,#8056,#8057);
#6708=AXIS2_PLACEMENT_3D('',#10897,#8061,#8062);
#6709=AXIS2_PLACEMENT_3D('',#10900,#8065,#8066);
#6710=AXIS2_PLACEMENT_3D('',#10901,#8067,#8068);
#6711=AXIS2_PLACEMENT_3D('',#10902,#8069,#8070);
#6712=AXIS2_PLACEMENT_3D('',#10911,#8075,#8076);
#6713=AXIS2_PLACEMENT_3D('',#10917,#8080,#8081);
#6714=AXIS2_PLACEMENT_3D('',#10923,#8085,#8086);
#6715=AXIS2_PLACEMENT_3D('',#10926,#8089,#8090);
#6716=AXIS2_PLACEMENT_3D('',#10927,#8091,#8092);
#6717=DIRECTION('axis',(0.,0.,1.));
#6718=DIRECTION('refdir',(1.,0.,0.));
#6719=DIRECTION('center_axis',(1.,0.,0.));
#6720=DIRECTION('ref_axis',(0.,1.,0.));
#6721=DIRECTION('',(0.,0.,1.));
#6722=DIRECTION('',(0.,1.,0.));
#6723=DIRECTION('',(0.,0.,-1.));
#6724=DIRECTION('',(0.,-1.,0.));
#6725=DIRECTION('center_axis',(-1.,0.,0.));
#6726=DIRECTION('ref_axis',(0.,-1.,0.));
#6727=DIRECTION('',(0.,0.,-1.));
#6728=DIRECTION('',(0.,1.,0.));
#6729=DIRECTION('',(0.,0.,1.));
#6730=DIRECTION('',(0.,-1.,0.));
#6731=DIRECTION('center_axis',(0.,-1.,0.));
#6732=DIRECTION('ref_axis',(1.,0.,0.));
#6733=DIRECTION('',(-1.,0.,0.));
#6734=DIRECTION('',(1.,0.,0.));
#6735=DIRECTION('',(0.,0.,1.));
#6736=DIRECTION('',(1.,0.,0.));
#6737=DIRECTION('',(0.,0.,1.));
#6738=DIRECTION('',(1.,0.,0.));
#6739=DIRECTION('center_axis',(0.,1.,0.));
#6740=DIRECTION('ref_axis',(-1.,0.,0.));
#6741=DIRECTION('',(1.,0.,0.));
#6742=DIRECTION('',(0.,0.,-1.));
#6743=DIRECTION('',(-1.,0.,0.));
#6744=DIRECTION('',(0.,0.,-1.));
#6745=DIRECTION('',(-1.,0.,0.));
#6746=DIRECTION('center_axis',(0.,0.,1.));
#6747=DIRECTION('ref_axis',(1.,0.,0.));
#6748=DIRECTION('',(0.,1.,0.));
#6749=DIRECTION('',(1.,0.,0.));
#6750=DIRECTION('',(0.,1.,0.));
#6751=DIRECTION('',(1.,0.,0.));
#6752=DIRECTION('',(0.,1.,0.));
#6753=DIRECTION('',(-1.,0.,0.));
#6754=DIRECTION('',(0.,1.,0.));
#6755=DIRECTION('',(-1.,0.,0.));
#6756=DIRECTION('',(0.,1.,0.));
#6757=DIRECTION('',(-1.,0.,0.));
#6758=DIRECTION('',(0.,-1.,0.));
#6759=DIRECTION('center_axis',(0.,0.,1.));
#6760=DIRECTION('ref_axis',(1.,0.,0.));
#6761=DIRECTION('',(0.,1.,0.));
#6762=DIRECTION('',(-1.,0.,0.));
#6763=DIRECTION('',(0.,-1.,0.));
#6764=DIRECTION('',(-1.,0.,0.));
#6765=DIRECTION('',(0.,-1.,0.));
#6766=DIRECTION('',(-1.,0.,0.));
#6767=DIRECTION('',(0.,-1.,0.));
#6768=DIRECTION('',(1.,0.,0.));
#6769=DIRECTION('',(0.,-1.,0.));
#6770=DIRECTION('',(1.,0.,0.));
#6771=DIRECTION('',(0.,-1.,0.));
#6772=DIRECTION('',(-1.,0.,0.));
#6773=DIRECTION('center_axis',(1.,0.,0.));
#6774=DIRECTION('ref_axis',(0.,1.,0.));
#6775=DIRECTION('',(0.,-1.,0.));
#6776=DIRECTION('',(0.,0.,1.));
#6777=DIRECTION('',(0.,1.,0.));
#6778=DIRECTION('',(0.,0.,1.));
#6779=DIRECTION('center_axis',(0.,-1.,0.));
#6780=DIRECTION('ref_axis',(1.,0.,0.));
#6781=DIRECTION('',(-1.,0.,0.));
#6782=DIRECTION('',(1.,0.,0.));
#6783=DIRECTION('',(0.,0.,1.));
#6784=DIRECTION('center_axis',(0.,1.,0.));
#6785=DIRECTION('ref_axis',(-1.,0.,0.));
#6786=DIRECTION('',(1.,0.,0.));
#6787=DIRECTION('',(0.,0.,-1.));
#6788=DIRECTION('',(-1.,0.,0.));
#6789=DIRECTION('center_axis',(0.,0.,1.));
#6790=DIRECTION('ref_axis',(1.,0.,0.));
#6791=DIRECTION('',(0.,1.,0.));
#6792=DIRECTION('center_axis',(0.,0.,1.));
#6793=DIRECTION('ref_axis',(1.,0.,0.));
#6794=DIRECTION('',(1.,0.,0.));
#6795=DIRECTION('',(0.,1.,0.));
#6796=DIRECTION('',(-1.,0.,0.));
#6797=DIRECTION('',(0.,1.,0.));
#6798=DIRECTION('',(1.,0.,0.));
#6799=DIRECTION('',(0.,1.,0.));
#6800=DIRECTION('',(-1.,0.,0.));
#6801=DIRECTION('',(0.,1.,0.));
#6802=DIRECTION('',(1.,0.,0.));
#6803=DIRECTION('',(0.,1.,0.));
#6804=DIRECTION('',(-1.,0.,0.));
#6805=DIRECTION('',(0.,-1.,0.));
#6806=DIRECTION('',(0.,-1.,0.));
#6807=DIRECTION('',(1.,0.,0.));
#6808=DIRECTION('',(0.,-1.,0.));
#6809=DIRECTION('',(-1.,0.,0.));
#6810=DIRECTION('',(0.,-1.,0.));
#6811=DIRECTION('',(0.,1.,0.));
#6812=DIRECTION('',(1.,0.,0.));
#6813=DIRECTION('',(0.,-1.,0.));
#6814=DIRECTION('',(-1.,0.,0.));
#6815=DIRECTION('center_axis',(1.,0.,0.));
#6816=DIRECTION('ref_axis',(0.,1.,0.));
#6817=DIRECTION('',(0.,0.,1.));
#6818=DIRECTION('',(0.,1.,0.));
#6819=DIRECTION('',(0.,0.,1.));
#6820=DIRECTION('center_axis',(0.,-1.,0.));
#6821=DIRECTION('ref_axis',(1.,0.,0.));
#6822=DIRECTION('',(1.,0.,0.));
#6823=DIRECTION('',(0.,0.,1.));
#6824=DIRECTION('center_axis',(0.,1.,0.));
#6825=DIRECTION('ref_axis',(-1.,0.,0.));
#6826=DIRECTION('',(0.,0.,-1.));
#6827=DIRECTION('',(-1.,0.,0.));
#6828=DIRECTION('center_axis',(0.,0.,1.));
#6829=DIRECTION('ref_axis',(1.,0.,0.));
#6830=DIRECTION('',(0.,1.,0.));
#6831=DIRECTION('center_axis',(1.,0.,0.));
#6832=DIRECTION('ref_axis',(0.,1.,0.));
#6833=DIRECTION('',(0.,0.,1.));
#6834=DIRECTION('',(0.,1.,0.));
#6835=DIRECTION('',(0.,0.,-1.));
#6836=DIRECTION('',(0.,-1.,0.));
#6837=DIRECTION('',(0.,0.,1.));
#6838=DIRECTION('',(0.,1.,0.));
#6839=DIRECTION('center_axis',(0.,1.,0.));
#6840=DIRECTION('ref_axis',(-1.,0.,0.));
#6841=DIRECTION('',(0.,0.,1.));
#6842=DIRECTION('',(-1.,0.,0.));
#6843=DIRECTION('',(0.,0.,1.));
#6844=DIRECTION('center_axis',(0.,-1.,0.));
#6845=DIRECTION('ref_axis',(1.,0.,0.));
#6846=DIRECTION('',(0.,0.,-1.));
#6847=DIRECTION('',(1.,0.,0.));
#6848=DIRECTION('',(0.,0.,1.));
#6849=DIRECTION('center_axis',(-1.,0.,0.));
#6850=DIRECTION('ref_axis',(0.,-1.,0.));
#6851=DIRECTION('',(0.,-1.,0.));
#6852=DIRECTION('center_axis',(0.,0.,1.));
#6853=DIRECTION('ref_axis',(1.,0.,0.));
#6854=DIRECTION('',(0.,-1.,0.));
#6855=DIRECTION('center_axis',(0.,1.,0.));
#6856=DIRECTION('ref_axis',(-1.,0.,0.));
#6857=DIRECTION('',(0.,0.,1.));
#6858=DIRECTION('',(-1.,0.,0.));
#6859=DIRECTION('',(0.,0.,1.));
#6860=DIRECTION('center_axis',(0.,-1.,0.));
#6861=DIRECTION('ref_axis',(1.,0.,0.));
#6862=DIRECTION('',(0.,0.,-1.));
#6863=DIRECTION('',(1.,0.,0.));
#6864=DIRECTION('',(0.,0.,1.));
#6865=DIRECTION('center_axis',(-1.,0.,0.));
#6866=DIRECTION('ref_axis',(0.,-1.,0.));
#6867=DIRECTION('',(0.,-1.,0.));
#6868=DIRECTION('center_axis',(0.,0.,1.));
#6869=DIRECTION('ref_axis',(1.,0.,0.));
#6870=DIRECTION('',(0.,-1.,0.));
#6871=DIRECTION('center_axis',(0.,0.,1.));
#6872=DIRECTION('ref_axis',(1.,0.,0.));
#6873=DIRECTION('',(1.,0.,0.));
#6874=DIRECTION('',(0.,-1.,0.));
#6875=DIRECTION('',(-1.,0.,0.));
#6876=DIRECTION('center_axis',(0.,1.,0.));
#6877=DIRECTION('ref_axis',(-1.,0.,0.));
#6878=DIRECTION('',(-1.,0.,0.));
#6879=DIRECTION('',(0.,0.,1.));
#6880=DIRECTION('center_axis',(1.,0.,0.));
#6881=DIRECTION('ref_axis',(0.,1.,0.));
#6882=DIRECTION('',(0.,1.,0.));
#6883=DIRECTION('',(0.,0.,1.));
#6884=DIRECTION('center_axis',(0.,-1.,0.));
#6885=DIRECTION('ref_axis',(1.,0.,0.));
#6886=DIRECTION('',(1.,0.,0.));
#6887=DIRECTION('center_axis',(0.,0.,1.));
#6888=DIRECTION('ref_axis',(1.,0.,0.));
#6889=DIRECTION('center_axis',(0.,0.,1.));
#6890=DIRECTION('ref_axis',(1.,0.,0.));
#6891=DIRECTION('',(0.,1.,0.));
#6892=DIRECTION('',(1.,0.,0.));
#6893=DIRECTION('',(0.,-1.,0.));
#6894=DIRECTION('',(-1.,0.,0.));
#6895=DIRECTION('center_axis',(0.,-1.,0.));
#6896=DIRECTION('ref_axis',(1.,0.,0.));
#6897=DIRECTION('',(0.,0.,-1.));
#6898=DIRECTION('',(1.,0.,0.));
#6899=DIRECTION('',(0.,0.,1.));
#6900=DIRECTION('center_axis',(0.,1.,0.));
#6901=DIRECTION('ref_axis',(-1.,0.,0.));
#6902=DIRECTION('',(0.,0.,1.));
#6903=DIRECTION('',(0.,0.,1.));
#6904=DIRECTION('',(-1.,0.,0.));
#6905=DIRECTION('center_axis',(-1.,0.,0.));
#6906=DIRECTION('ref_axis',(0.,-1.,0.));
#6907=DIRECTION('',(0.,-1.,0.));
#6908=DIRECTION('center_axis',(0.,0.,1.));
#6909=DIRECTION('ref_axis',(1.,0.,0.));
#6910=DIRECTION('',(0.,-1.,0.));
#6911=DIRECTION('center_axis',(0.,1.,0.));
#6912=DIRECTION('ref_axis',(-1.,0.,0.));
#6913=DIRECTION('',(-1.,0.,0.));
#6914=DIRECTION('',(0.,0.,-1.));
#6915=DIRECTION('',(0.,0.,1.));
#6916=DIRECTION('',(1.,0.,0.));
#6917=DIRECTION('',(0.,0.,1.));
#6918=DIRECTION('center_axis',(1.,0.,0.));
#6919=DIRECTION('ref_axis',(0.,1.,0.));
#6920=DIRECTION('',(0.,-1.,0.));
#6921=DIRECTION('',(0.,0.,1.));
#6922=DIRECTION('center_axis',(0.,-1.,0.));
#6923=DIRECTION('ref_axis',(1.,0.,0.));
#6924=DIRECTION('',(1.,0.,0.));
#6925=DIRECTION('',(0.,0.,1.));
#6926=DIRECTION('',(-1.,0.,0.));
#6927=DIRECTION('',(0.,0.,1.));
#6928=DIRECTION('center_axis',(-1.,0.,0.));
#6929=DIRECTION('ref_axis',(0.,-1.,0.));
#6930=DIRECTION('',(0.,-1.,0.));
#6931=DIRECTION('',(0.,1.,0.));
#6932=DIRECTION('center_axis',(0.,0.,1.));
#6933=DIRECTION('ref_axis',(1.,0.,0.));
#6934=DIRECTION('center_axis',(0.,0.,1.));
#6935=DIRECTION('ref_axis',(1.,0.,0.));
#6936=DIRECTION('',(0.,-1.,0.));
#6937=DIRECTION('',(-1.,0.,0.));
#6938=DIRECTION('',(0.,1.,0.));
#6939=DIRECTION('',(-1.,0.,0.));
#6940=DIRECTION('',(0.,1.,0.));
#6941=DIRECTION('',(1.,0.,0.));
#6942=DIRECTION('',(0.,-1.,0.));
#6943=DIRECTION('center_axis',(1.,0.,0.));
#6944=DIRECTION('ref_axis',(0.,1.,0.));
#6945=DIRECTION('',(0.,0.,1.));
#6946=DIRECTION('center_axis',(1.,0.,0.));
#6947=DIRECTION('ref_axis',(0.,1.,0.));
#6948=DIRECTION('',(0.,1.,0.));
#6949=DIRECTION('',(0.,0.,1.));
#6950=DIRECTION('',(0.,1.,0.));
#6951=DIRECTION('',(0.,0.,1.));
#6952=DIRECTION('center_axis',(0.,-1.,0.));
#6953=DIRECTION('ref_axis',(1.,0.,0.));
#6954=DIRECTION('',(1.,0.,0.));
#6955=DIRECTION('',(0.,0.,-1.));
#6956=DIRECTION('',(0.,0.,1.));
#6957=DIRECTION('',(1.,0.,0.));
#6958=DIRECTION('center_axis',(0.,1.,0.));
#6959=DIRECTION('ref_axis',(-1.,0.,0.));
#6960=DIRECTION('',(-1.,0.,0.));
#6961=DIRECTION('',(-1.,0.,0.));
#6962=DIRECTION('',(0.,0.,1.));
#6963=DIRECTION('',(0.,0.,1.));
#6964=DIRECTION('center_axis',(-1.,0.,0.));
#6965=DIRECTION('ref_axis',(0.,-1.,0.));
#6966=DIRECTION('',(0.,-1.,0.));
#6967=DIRECTION('center_axis',(0.,0.,1.));
#6968=DIRECTION('ref_axis',(1.,0.,0.));
#6969=DIRECTION('center_axis',(-1.,0.,0.));
#6970=DIRECTION('ref_axis',(0.,-1.,0.));
#6971=DIRECTION('',(0.,-1.,0.));
#6972=DIRECTION('',(0.,0.,1.));
#6973=DIRECTION('center_axis',(-1.,0.,0.));
#6974=DIRECTION('ref_axis',(0.,-1.,0.));
#6975=DIRECTION('',(0.,0.,1.));
#6976=DIRECTION('',(0.,-1.,0.));
#6977=DIRECTION('center_axis',(1.,0.,0.));
#6978=DIRECTION('ref_axis',(0.,1.,0.));
#6979=DIRECTION('',(0.,0.,1.));
#6980=DIRECTION('center_axis',(0.,-1.,0.));
#6981=DIRECTION('ref_axis',(1.,0.,0.));
#6982=DIRECTION('',(0.,0.,1.));
#6983=DIRECTION('center_axis',(0.,1.,0.));
#6984=DIRECTION('ref_axis',(-1.,0.,0.));
#6985=DIRECTION('',(0.,0.,-1.));
#6986=DIRECTION('center_axis',(1.,0.,0.));
#6987=DIRECTION('ref_axis',(0.,1.,0.));
#6988=DIRECTION('center_axis',(1.,0.,0.));
#6989=DIRECTION('ref_axis',(0.,1.,0.));
#6990=DIRECTION('',(0.,0.,1.));
#6991=DIRECTION('center_axis',(0.,1.,0.));
#6992=DIRECTION('ref_axis',(-1.,0.,0.));
#6993=DIRECTION('',(-1.,0.,0.));
#6994=DIRECTION('',(0.,0.,1.));
#6995=DIRECTION('center_axis',(0.,-1.,0.));
#6996=DIRECTION('ref_axis',(1.,0.,0.));
#6997=DIRECTION('',(1.,0.,0.));
#6998=DIRECTION('',(0.,0.,-1.));
#6999=DIRECTION('center_axis',(-1.,0.,0.));
#7000=DIRECTION('ref_axis',(0.,-1.,0.));
#7001=DIRECTION('',(0.,0.,1.));
#7002=DIRECTION('',(0.,-1.,0.));
#7003=DIRECTION('center_axis',(-1.,0.,0.));
#7004=DIRECTION('ref_axis',(0.,-1.,0.));
#7005=DIRECTION('',(0.,-1.,0.));
#7006=DIRECTION('',(0.,0.,1.));
#7007=DIRECTION('center_axis',(1.,0.,0.));
#7008=DIRECTION('ref_axis',(0.,1.,0.));
#7009=DIRECTION('',(0.,1.,0.));
#7010=DIRECTION('',(0.,0.,1.));
#7011=DIRECTION('center_axis',(0.,0.,1.));
#7012=DIRECTION('ref_axis',(1.,0.,0.));
#7013=DIRECTION('',(-1.,0.,0.));
#7014=DIRECTION('',(0.,-1.,0.));
#7015=DIRECTION('',(-1.,0.,0.));
#7016=DIRECTION('center_axis',(0.,1.,0.));
#7017=DIRECTION('ref_axis',(-1.,0.,0.));
#7018=DIRECTION('',(0.,0.,1.));
#7019=DIRECTION('center_axis',(-1.,0.,0.));
#7020=DIRECTION('ref_axis',(0.,-1.,0.));
#7021=DIRECTION('',(0.,0.,1.));
#7022=DIRECTION('center_axis',(0.,1.,0.));
#7023=DIRECTION('ref_axis',(-1.,0.,0.));
#7024=DIRECTION('',(-1.,0.,0.));
#7025=DIRECTION('',(0.,0.,1.));
#7026=DIRECTION('',(0.,0.,1.));
#7027=DIRECTION('center_axis',(-1.,0.,0.));
#7028=DIRECTION('ref_axis',(0.,-1.,0.));
#7029=DIRECTION('',(0.,-1.,0.));
#7030=DIRECTION('',(0.,0.,1.));
#7031=DIRECTION('center_axis',(0.,-1.,0.));
#7032=DIRECTION('ref_axis',(1.,0.,0.));
#7033=DIRECTION('',(1.,0.,0.));
#7034=DIRECTION('',(0.,0.,1.));
#7035=DIRECTION('center_axis',(1.,0.,0.));
#7036=DIRECTION('ref_axis',(0.,1.,0.));
#7037=DIRECTION('',(0.,1.,0.));
#7038=DIRECTION('center_axis',(0.,1.,0.));
#7039=DIRECTION('ref_axis',(-1.,0.,0.));
#7040=DIRECTION('',(-1.,0.,0.));
#7041=DIRECTION('',(0.,0.,1.));
#7042=DIRECTION('center_axis',(-1.,0.,0.));
#7043=DIRECTION('ref_axis',(0.,-1.,0.));
#7044=DIRECTION('',(0.,-1.,0.));
#7045=DIRECTION('center_axis',(0.,0.,1.));
#7046=DIRECTION('ref_axis',(1.,0.,0.));
#7047=DIRECTION('center_axis',(0.,1.,0.));
#7048=DIRECTION('ref_axis',(-1.,0.,0.));
#7049=DIRECTION('',(-1.,0.,0.));
#7050=DIRECTION('',(0.,0.,1.));
#7051=DIRECTION('',(1.,0.,0.));
#7052=DIRECTION('',(0.,0.,1.));
#7053=DIRECTION('center_axis',(1.,0.,0.));
#7054=DIRECTION('ref_axis',(0.,1.,0.));
#7055=DIRECTION('',(0.,1.,0.));
#7056=DIRECTION('',(0.,0.,1.));
#7057=DIRECTION('',(0.,-1.,0.));
#7058=DIRECTION('center_axis',(0.,-1.,0.));
#7059=DIRECTION('ref_axis',(1.,0.,0.));
#7060=DIRECTION('',(1.,0.,0.));
#7061=DIRECTION('',(0.,0.,-1.));
#7062=DIRECTION('',(-1.,0.,0.));
#7063=DIRECTION('center_axis',(0.,0.,1.));
#7064=DIRECTION('ref_axis',(1.,0.,0.));
#7065=DIRECTION('',(0.,-1.,0.));
#7066=DIRECTION('',(-1.,-2.59701292309978E-17,0.));
#7067=DIRECTION('',(0.,1.,0.));
#7068=DIRECTION('',(-1.,0.,0.));
#7069=DIRECTION('',(0.,-1.,0.));
#7070=DIRECTION('',(1.,0.,0.));
#7071=DIRECTION('',(0.,1.,0.));
#7072=DIRECTION('',(1.,0.,0.));
#7073=DIRECTION('',(0.,-1.,0.));
#7074=DIRECTION('center_axis',(-1.,0.,0.));
#7075=DIRECTION('ref_axis',(0.,-1.,0.));
#7076=DIRECTION('',(0.,-1.,0.));
#7077=DIRECTION('',(0.,0.,1.));
#7078=DIRECTION('center_axis',(0.,1.,0.));
#7079=DIRECTION('ref_axis',(-1.,0.,0.));
#7080=DIRECTION('',(1.,0.,0.));
#7081=DIRECTION('',(0.,0.,1.));
#7082=DIRECTION('',(0.,0.,-1.));
#7083=DIRECTION('center_axis',(0.,-1.,0.));
#7084=DIRECTION('ref_axis',(1.,0.,0.));
#7085=DIRECTION('',(-1.,0.,0.));
#7086=DIRECTION('',(0.,0.,1.));
#7087=DIRECTION('',(0.,0.,1.));
#7088=DIRECTION('center_axis',(-1.,0.,0.));
#7089=DIRECTION('ref_axis',(0.,-1.,0.));
#7090=DIRECTION('',(0.,1.,0.));
#7091=DIRECTION('center_axis',(1.,0.,0.));
#7092=DIRECTION('ref_axis',(0.,1.,0.));
#7093=DIRECTION('',(0.,1.,0.));
#7094=DIRECTION('',(0.,0.,1.));
#7095=DIRECTION('center_axis',(1.,0.,0.));
#7096=DIRECTION('ref_axis',(0.,1.,0.));
#7097=DIRECTION('',(0.,0.,1.));
#7098=DIRECTION('',(0.,1.,0.));
#7099=DIRECTION('center_axis',(0.,0.,1.));
#7100=DIRECTION('ref_axis',(1.,0.,0.));
#7101=DIRECTION('center_axis',(0.,0.,1.));
#7102=DIRECTION('ref_axis',(1.,0.,0.));
#7103=DIRECTION('',(0.,0.,-1.));
#7104=DIRECTION('center_axis',(0.,0.,-1.));
#7105=DIRECTION('ref_axis',(1.,0.,0.));
#7106=DIRECTION('center_axis',(0.,0.,1.));
#7107=DIRECTION('ref_axis',(1.,0.,0.));
#7108=DIRECTION('center_axis',(0.,0.,1.));
#7109=DIRECTION('ref_axis',(1.,0.,0.));
#7110=DIRECTION('center_axis',(0.,0.,1.));
#7111=DIRECTION('ref_axis',(1.,0.,0.));
#7112=DIRECTION('',(0.,0.,-1.));
#7113=DIRECTION('center_axis',(0.,0.,-1.));
#7114=DIRECTION('ref_axis',(1.,0.,0.));
#7115=DIRECTION('center_axis',(0.,0.,1.));
#7116=DIRECTION('ref_axis',(1.,0.,0.));
#7117=DIRECTION('center_axis',(0.,0.,1.));
#7118=DIRECTION('ref_axis',(1.,0.,0.));
#7119=DIRECTION('center_axis',(0.,0.,1.));
#7120=DIRECTION('ref_axis',(1.,0.,0.));
#7121=DIRECTION('',(0.,0.,-1.));
#7122=DIRECTION('center_axis',(0.,0.,-1.));
#7123=DIRECTION('ref_axis',(1.,0.,0.));
#7124=DIRECTION('center_axis',(0.,0.,1.));
#7125=DIRECTION('ref_axis',(1.,0.,0.));
#7126=DIRECTION('center_axis',(0.,0.,1.));
#7127=DIRECTION('ref_axis',(1.,0.,0.));
#7128=DIRECTION('center_axis',(0.,0.,1.));
#7129=DIRECTION('ref_axis',(1.,0.,0.));
#7130=DIRECTION('',(0.,0.,-1.));
#7131=DIRECTION('center_axis',(0.,0.,-1.));
#7132=DIRECTION('ref_axis',(1.,0.,0.));
#7133=DIRECTION('center_axis',(0.,0.,1.));
#7134=DIRECTION('ref_axis',(1.,0.,0.));
#7135=DIRECTION('center_axis',(0.,0.,1.));
#7136=DIRECTION('ref_axis',(1.,0.,0.));
#7137=DIRECTION('center_axis',(0.,0.,1.));
#7138=DIRECTION('ref_axis',(1.,0.,0.));
#7139=DIRECTION('',(0.,0.,-1.));
#7140=DIRECTION('center_axis',(0.,0.,-1.));
#7141=DIRECTION('ref_axis',(1.,0.,0.));
#7142=DIRECTION('center_axis',(0.,0.,1.));
#7143=DIRECTION('ref_axis',(1.,0.,0.));
#7144=DIRECTION('center_axis',(0.,0.,1.));
#7145=DIRECTION('ref_axis',(1.,0.,0.));
#7146=DIRECTION('center_axis',(0.,0.,1.));
#7147=DIRECTION('ref_axis',(1.,0.,0.));
#7148=DIRECTION('',(0.,0.,-1.));
#7149=DIRECTION('center_axis',(0.,0.,-1.));
#7150=DIRECTION('ref_axis',(1.,0.,0.));
#7151=DIRECTION('center_axis',(0.,0.,1.));
#7152=DIRECTION('ref_axis',(1.,0.,0.));
#7153=DIRECTION('center_axis',(-2.59701292309978E-17,1.,0.));
#7154=DIRECTION('ref_axis',(-1.,-2.59701292309978E-17,0.));
#7155=DIRECTION('',(-1.,-2.59701292309978E-17,0.));
#7156=DIRECTION('center_axis',(0.,-1.,0.));
#7157=DIRECTION('ref_axis',(1.,0.,0.));
#7158=DIRECTION('',(1.,0.,0.));
#7159=DIRECTION('',(0.,0.,1.));
#7160=DIRECTION('center_axis',(-1.,0.,0.));
#7161=DIRECTION('ref_axis',(0.,-1.,0.));
#7162=DIRECTION('',(0.,-1.,0.));
#7163=DIRECTION('center_axis',(0.,0.,1.));
#7164=DIRECTION('ref_axis',(1.,0.,0.));
#7165=DIRECTION('center_axis',(1.,0.,0.));
#7166=DIRECTION('ref_axis',(0.,1.,0.));
#7167=DIRECTION('',(0.,-1.,0.));
#7168=DIRECTION('',(0.,0.,1.));
#7169=DIRECTION('',(0.,-1.,0.));
#7170=DIRECTION('',(0.,0.,1.));
#7171=DIRECTION('center_axis',(0.,-1.,0.));
#7172=DIRECTION('ref_axis',(1.,0.,0.));
#7173=DIRECTION('',(-1.,0.,0.));
#7174=DIRECTION('',(-1.,0.,0.));
#7175=DIRECTION('',(0.,0.,1.));
#7176=DIRECTION('center_axis',(-1.,0.,0.));
#7177=DIRECTION('ref_axis',(0.,-1.,0.));
#7178=DIRECTION('',(0.,1.,0.));
#7179=DIRECTION('',(0.,1.,0.));
#7180=DIRECTION('',(0.,0.,1.));
#7181=DIRECTION('center_axis',(0.,1.,0.));
#7182=DIRECTION('ref_axis',(-1.,0.,0.));
#7183=DIRECTION('',(1.,0.,0.));
#7184=DIRECTION('',(1.,0.,0.));
#7185=DIRECTION('center_axis',(0.,0.,1.));
#7186=DIRECTION('ref_axis',(1.,0.,0.));
#7187=DIRECTION('center_axis',(0.229323759550695,-0.97335020075281,0.));
#7188=DIRECTION('ref_axis',(0.97335020075281,0.229323759550695,0.));
#7189=DIRECTION('',(-0.97335020075281,-0.229323759550695,0.));
#7190=DIRECTION('',(0.,0.,1.));
#7191=DIRECTION('',(-0.97335020075281,-0.229323759550695,0.));
#7192=DIRECTION('',(0.,0.,1.));
#7193=DIRECTION('',(0.,0.,1.));
#7194=DIRECTION('',(0.,0.,1.));
#7195=DIRECTION('',(0.,0.,1.));
#7196=DIRECTION('',(0.,0.,1.));
#7197=DIRECTION('',(0.,0.,1.));
#7198=DIRECTION('',(0.,0.,1.));
#7199=DIRECTION('',(0.,0.,1.));
#7200=DIRECTION('',(0.,0.,1.));
#7201=DIRECTION('',(0.,0.,1.));
#7202=DIRECTION('',(0.,0.,1.));
#7203=DIRECTION('center_axis',(0.244886670828285,0.969551710044719,0.));
#7204=DIRECTION('ref_axis',(-0.969551710044719,0.244886670828285,0.));
#7205=DIRECTION('',(0.969551710044719,-0.244886670828285,0.));
#7206=DIRECTION('',(0.969551710044719,-0.244886670828285,0.));
#7207=DIRECTION('',(0.,0.,1.));
#7208=DIRECTION('',(0.,0.,1.));
#7209=DIRECTION('',(0.,0.,1.));
#7210=DIRECTION('',(0.,0.,1.));
#7211=DIRECTION('',(0.,0.,1.));
#7212=DIRECTION('',(0.,0.,1.));
#7213=DIRECTION('',(0.,0.,1.));
#7214=DIRECTION('',(0.,0.,1.));
#7215=DIRECTION('',(0.,0.,1.));
#7216=DIRECTION('',(0.,0.,1.));
#7217=DIRECTION('center_axis',(0.,0.,1.));
#7218=DIRECTION('ref_axis',(1.,0.,0.));
#7219=DIRECTION('',(0.,0.,1.));
#7220=DIRECTION('',(0.,0.,1.));
#7221=DIRECTION('center_axis',(0.936508105084508,-0.350645931262613,0.));
#7222=DIRECTION('ref_axis',(0.350645931262613,0.936508105084508,0.));
#7223=DIRECTION('',(-0.350645931262613,-0.936508105084508,0.));
#7224=DIRECTION('',(-0.350645931262613,-0.936508105084508,0.));
#7225=DIRECTION('',(0.,0.,1.));
#7226=DIRECTION('center_axis',(-0.933183015563908,-0.359401529578064,0.));
#7227=DIRECTION('ref_axis',(0.359401529578064,-0.933183015563907,0.));
#7228=DIRECTION('',(-0.359401529578064,0.933183015563907,0.));
#7229=DIRECTION('',(0.,0.,1.));
#7230=DIRECTION('',(-0.359401529578064,0.933183015563907,0.));
#7231=DIRECTION('',(0.,0.,1.));
#7232=DIRECTION('center_axis',(0.,-1.,0.));
#7233=DIRECTION('ref_axis',(1.,0.,0.));
#7234=DIRECTION('',(-1.,0.,0.));
#7235=DIRECTION('',(-1.,0.,0.));
#7236=DIRECTION('',(0.,0.,1.));
#7237=DIRECTION('center_axis',(0.940102175564903,-0.340892797662457,0.));
#7238=DIRECTION('ref_axis',(0.340892797662457,0.940102175564903,0.));
#7239=DIRECTION('',(-0.340892797662457,-0.940102175564903,0.));
#7240=DIRECTION('',(-0.340892797662457,-0.940102175564903,0.));
#7241=DIRECTION('',(0.,0.,1.));
#7242=DIRECTION('center_axis',(0.,-1.,0.));
#7243=DIRECTION('ref_axis',(1.,0.,0.));
#7244=DIRECTION('',(-1.,0.,0.));
#7245=DIRECTION('',(-1.,0.,0.));
#7246=DIRECTION('',(0.,0.,1.));
#7247=DIRECTION('center_axis',(0.,1.,0.));
#7248=DIRECTION('ref_axis',(-1.,0.,0.));
#7249=DIRECTION('',(1.,0.,0.));
#7250=DIRECTION('',(1.,0.,0.));
#7251=DIRECTION('',(0.,0.,1.));
#7252=DIRECTION('center_axis',(-0.935759598387605,-0.352638588395354,0.));
#7253=DIRECTION('ref_axis',(0.352638588395354,-0.935759598387605,0.));
#7254=DIRECTION('',(-0.352638588395354,0.935759598387605,0.));
#7255=DIRECTION('',(-0.352638588395354,0.935759598387605,0.));
#7256=DIRECTION('',(0.,0.,1.));
#7257=DIRECTION('center_axis',(-0.93352600897645,0.358509679875593,0.));
#7258=DIRECTION('ref_axis',(-0.358509679875593,-0.93352600897645,0.));
#7259=DIRECTION('',(0.358509679875593,0.93352600897645,0.));
#7260=DIRECTION('',(0.358509679875593,0.93352600897645,0.));
#7261=DIRECTION('',(0.,0.,1.));
#7262=DIRECTION('center_axis',(0.,1.,0.));
#7263=DIRECTION('ref_axis',(-1.,0.,0.));
#7264=DIRECTION('',(1.,0.,0.));
#7265=DIRECTION('',(1.,0.,0.));
#7266=DIRECTION('',(0.,0.,1.));
#7267=DIRECTION('center_axis',(0.925486613502338,0.378780316579378,0.));
#7268=DIRECTION('ref_axis',(-0.378780316579377,0.925486613502338,0.));
#7269=DIRECTION('',(0.378780316579377,-0.925486613502338,0.));
#7270=DIRECTION('',(0.378780316579377,-0.925486613502338,0.));
#7271=DIRECTION('',(0.,0.,1.));
#7272=DIRECTION('center_axis',(0.,-1.,0.));
#7273=DIRECTION('ref_axis',(1.,0.,0.));
#7274=DIRECTION('',(-1.,0.,0.));
#7275=DIRECTION('',(-1.,0.,0.));
#7276=DIRECTION('center_axis',(0.,0.,1.));
#7277=DIRECTION('ref_axis',(1.,0.,0.));
#7278=DIRECTION('center_axis',(1.,0.,0.));
#7279=DIRECTION('ref_axis',(0.,1.,0.));
#7280=DIRECTION('',(0.,-1.,0.));
#7281=DIRECTION('',(0.,0.,1.));
#7282=DIRECTION('',(0.,-1.,0.));
#7283=DIRECTION('',(0.,0.,1.));
#7284=DIRECTION('center_axis',(0.,-1.,0.));
#7285=DIRECTION('ref_axis',(1.,0.,0.));
#7286=DIRECTION('',(-1.,0.,0.));
#7287=DIRECTION('',(-1.,0.,0.));
#7288=DIRECTION('',(0.,0.,1.));
#7289=DIRECTION('center_axis',(1.,0.,0.));
#7290=DIRECTION('ref_axis',(0.,1.,0.));
#7291=DIRECTION('',(0.,-1.,0.));
#7292=DIRECTION('',(0.,-1.,0.));
#7293=DIRECTION('',(0.,0.,1.));
#7294=DIRECTION('center_axis',(0.,-1.,0.));
#7295=DIRECTION('ref_axis',(1.,0.,0.));
#7296=DIRECTION('',(-1.,0.,0.));
#7297=DIRECTION('',(-1.,0.,0.));
#7298=DIRECTION('',(0.,0.,1.));
#7299=DIRECTION('center_axis',(-1.,0.,0.));
#7300=DIRECTION('ref_axis',(0.,-1.,0.));
#7301=DIRECTION('',(0.,1.,0.));
#7302=DIRECTION('',(0.,1.,0.));
#7303=DIRECTION('',(0.,0.,1.));
#7304=DIRECTION('center_axis',(0.,-1.,0.));
#7305=DIRECTION('ref_axis',(1.,0.,0.));
#7306=DIRECTION('',(-1.,0.,0.));
#7307=DIRECTION('',(-1.,0.,0.));
#7308=DIRECTION('',(0.,0.,1.));
#7309=DIRECTION('center_axis',(-1.,0.,0.));
#7310=DIRECTION('ref_axis',(0.,-1.,0.));
#7311=DIRECTION('',(0.,1.,0.));
#7312=DIRECTION('',(0.,1.,0.));
#7313=DIRECTION('',(0.,0.,1.));
#7314=DIRECTION('center_axis',(0.,1.,0.));
#7315=DIRECTION('ref_axis',(-1.,0.,0.));
#7316=DIRECTION('',(1.,0.,0.));
#7317=DIRECTION('',(1.,0.,0.));
#7318=DIRECTION('center_axis',(0.,0.,1.));
#7319=DIRECTION('ref_axis',(1.,0.,0.));
#7320=DIRECTION('center_axis',(1.,0.,0.));
#7321=DIRECTION('ref_axis',(0.,1.,0.));
#7322=DIRECTION('',(0.,-1.,0.));
#7323=DIRECTION('',(0.,0.,1.));
#7324=DIRECTION('',(0.,-1.,0.));
#7325=DIRECTION('',(0.,0.,1.));
#7326=DIRECTION('center_axis',(0.,-1.,0.));
#7327=DIRECTION('ref_axis',(1.,0.,0.));
#7328=DIRECTION('',(-1.,0.,0.));
#7329=DIRECTION('',(-1.,0.,0.));
#7330=DIRECTION('',(0.,0.,1.));
#7331=DIRECTION('center_axis',(-1.,0.,0.));
#7332=DIRECTION('ref_axis',(0.,-1.,0.));
#7333=DIRECTION('',(0.,1.,0.));
#7334=DIRECTION('',(0.,1.,0.));
#7335=DIRECTION('',(0.,0.,1.));
#7336=DIRECTION('center_axis',(0.,-1.,0.));
#7337=DIRECTION('ref_axis',(1.,0.,0.));
#7338=DIRECTION('',(-1.,0.,0.));
#7339=DIRECTION('',(-1.,0.,0.));
#7340=DIRECTION('',(0.,0.,1.));
#7341=DIRECTION('center_axis',(1.,0.,0.));
#7342=DIRECTION('ref_axis',(0.,1.,0.));
#7343=DIRECTION('',(0.,-1.,0.));
#7344=DIRECTION('',(0.,-1.,0.));
#7345=DIRECTION('',(0.,0.,1.));
#7346=DIRECTION('center_axis',(0.,-1.,0.));
#7347=DIRECTION('ref_axis',(1.,0.,0.));
#7348=DIRECTION('',(-1.,0.,0.));
#7349=DIRECTION('',(-1.,0.,0.));
#7350=DIRECTION('',(0.,0.,1.));
#7351=DIRECTION('center_axis',(-1.,0.,0.));
#7352=DIRECTION('ref_axis',(0.,-1.,0.));
#7353=DIRECTION('',(0.,1.,0.));
#7354=DIRECTION('',(0.,1.,0.));
#7355=DIRECTION('',(0.,0.,1.));
#7356=DIRECTION('center_axis',(0.,1.,0.));
#7357=DIRECTION('ref_axis',(-1.,0.,0.));
#7358=DIRECTION('',(1.,0.,0.));
#7359=DIRECTION('',(1.,0.,0.));
#7360=DIRECTION('',(0.,0.,1.));
#7361=DIRECTION('center_axis',(1.,0.,0.));
#7362=DIRECTION('ref_axis',(0.,1.,0.));
#7363=DIRECTION('',(0.,-1.,0.));
#7364=DIRECTION('',(0.,-1.,0.));
#7365=DIRECTION('',(0.,0.,1.));
#7366=DIRECTION('center_axis',(0.,1.,0.));
#7367=DIRECTION('ref_axis',(-1.,0.,0.));
#7368=DIRECTION('',(1.,0.,0.));
#7369=DIRECTION('',(1.,0.,0.));
#7370=DIRECTION('',(0.,0.,1.));
#7371=DIRECTION('center_axis',(-1.,0.,0.));
#7372=DIRECTION('ref_axis',(0.,-1.,0.));
#7373=DIRECTION('',(0.,1.,0.));
#7374=DIRECTION('',(0.,1.,0.));
#7375=DIRECTION('',(0.,0.,1.));
#7376=DIRECTION('center_axis',(0.,1.,0.));
#7377=DIRECTION('ref_axis',(-1.,0.,0.));
#7378=DIRECTION('',(1.,0.,0.));
#7379=DIRECTION('',(1.,0.,0.));
#7380=DIRECTION('center_axis',(0.,0.,1.));
#7381=DIRECTION('ref_axis',(1.,0.,0.));
#7382=DIRECTION('',(0.,0.,1.));
#7383=DIRECTION('',(0.,0.,1.));
#7384=DIRECTION('',(0.,0.,1.));
#7385=DIRECTION('',(0.,0.,1.));
#7386=DIRECTION('',(0.,0.,1.));
#7387=DIRECTION('',(0.,0.,1.));
#7388=DIRECTION('',(0.,0.,1.));
#7389=DIRECTION('',(0.,0.,1.));
#7390=DIRECTION('',(0.,0.,1.));
#7391=DIRECTION('',(0.,0.,1.));
#7392=DIRECTION('',(0.,0.,1.));
#7393=DIRECTION('',(0.,0.,1.));
#7394=DIRECTION('',(0.,0.,1.));
#7395=DIRECTION('',(0.,0.,1.));
#7396=DIRECTION('',(0.,0.,1.));
#7397=DIRECTION('',(0.,0.,1.));
#7398=DIRECTION('',(0.,0.,1.));
#7399=DIRECTION('',(0.,0.,1.));
#7400=DIRECTION('',(0.,0.,1.));
#7401=DIRECTION('',(0.,0.,1.));
#7402=DIRECTION('center_axis',(0.,0.,1.));
#7403=DIRECTION('ref_axis',(1.,0.,0.));
#7404=DIRECTION('',(0.,0.,1.));
#7405=DIRECTION('',(0.,0.,1.));
#7406=DIRECTION('',(0.,0.,1.));
#7407=DIRECTION('center_axis',(0.,-1.,0.));
#7408=DIRECTION('ref_axis',(1.,0.,0.));
#7409=DIRECTION('',(-1.,0.,0.));
#7410=DIRECTION('',(-1.,0.,0.));
#7411=DIRECTION('',(0.,0.,1.));
#7412=DIRECTION('center_axis',(1.,0.,0.));
#7413=DIRECTION('ref_axis',(0.,1.,0.));
#7414=DIRECTION('',(0.,-1.,0.));
#7415=DIRECTION('',(0.,-1.,0.));
#7416=DIRECTION('',(0.,0.,1.));
#7417=DIRECTION('',(0.,0.,1.));
#7418=DIRECTION('',(0.,0.,1.));
#7419=DIRECTION('',(0.,0.,1.));
#7420=DIRECTION('center_axis',(0.,-1.,0.));
#7421=DIRECTION('ref_axis',(1.,0.,0.));
#7422=DIRECTION('',(-1.,0.,0.));
#7423=DIRECTION('',(-1.,0.,0.));
#7424=DIRECTION('',(0.,0.,1.));
#7425=DIRECTION('center_axis',(1.,0.,0.));
#7426=DIRECTION('ref_axis',(0.,1.,0.));
#7427=DIRECTION('',(0.,-1.,0.));
#7428=DIRECTION('',(0.,-1.,0.));
#7429=DIRECTION('',(0.,0.,1.));
#7430=DIRECTION('center_axis',(0.,-1.,0.));
#7431=DIRECTION('ref_axis',(1.,0.,0.));
#7432=DIRECTION('',(-1.,0.,0.));
#7433=DIRECTION('',(-1.,0.,0.));
#7434=DIRECTION('',(0.,0.,1.));
#7435=DIRECTION('center_axis',(0.,1.,0.));
#7436=DIRECTION('ref_axis',(-1.,0.,0.));
#7437=DIRECTION('',(1.,0.,0.));
#7438=DIRECTION('',(1.,0.,0.));
#7439=DIRECTION('',(0.,0.,1.));
#7440=DIRECTION('',(0.,0.,1.));
#7441=DIRECTION('',(0.,0.,1.));
#7442=DIRECTION('center_axis',(-1.,0.,0.));
#7443=DIRECTION('ref_axis',(0.,-1.,0.));
#7444=DIRECTION('',(0.,1.,0.));
#7445=DIRECTION('',(0.,1.,0.));
#7446=DIRECTION('',(0.,0.,1.));
#7447=DIRECTION('center_axis',(0.,1.,0.));
#7448=DIRECTION('ref_axis',(-1.,0.,0.));
#7449=DIRECTION('',(1.,0.,0.));
#7450=DIRECTION('',(1.,0.,0.));
#7451=DIRECTION('',(0.,0.,1.));
#7452=DIRECTION('',(0.,0.,1.));
#7453=DIRECTION('',(0.,0.,1.));
#7454=DIRECTION('',(0.,0.,1.));
#7455=DIRECTION('center_axis',(0.,0.,1.));
#7456=DIRECTION('ref_axis',(1.,0.,0.));
#7457=DIRECTION('center_axis',(0.,0.,1.));
#7458=DIRECTION('ref_axis',(1.,0.,0.));
#7459=DIRECTION('center_axis',(0.,0.,1.));
#7460=DIRECTION('ref_axis',(1.,0.,0.));
#7461=DIRECTION('center_axis',(0.,0.,1.));
#7462=DIRECTION('ref_axis',(1.,0.,0.));
#7463=DIRECTION('center_axis',(1.,0.,0.));
#7464=DIRECTION('ref_axis',(0.,1.,0.));
#7465=DIRECTION('',(0.,-1.,0.));
#7466=DIRECTION('',(0.,0.,1.));
#7467=DIRECTION('',(0.,1.,0.));
#7468=DIRECTION('',(0.,0.,1.));
#7469=DIRECTION('center_axis',(0.,-1.,0.));
#7470=DIRECTION('ref_axis',(1.,0.,0.));
#7471=DIRECTION('',(0.,0.,1.));
#7472=DIRECTION('',(-1.,0.,0.));
#7473=DIRECTION('',(1.,0.,0.));
#7474=DIRECTION('center_axis',(0.,0.,1.));
#7475=DIRECTION('ref_axis',(1.,0.,0.));
#7476=DIRECTION('',(0.,-1.,0.));
#7477=DIRECTION('',(1.,0.,0.));
#7478=DIRECTION('',(0.,1.,0.));
#7479=DIRECTION('',(-1.,0.,0.));
#7480=DIRECTION('',(1.,0.,0.));
#7481=DIRECTION('',(0.,-1.,0.));
#7482=DIRECTION('',(1.,0.,0.));
#7483=DIRECTION('',(0.,-1.,0.));
#7484=DIRECTION('',(-1.,0.,0.));
#7485=DIRECTION('',(0.,1.,0.));
#7486=DIRECTION('center_axis',(1.,0.,0.));
#7487=DIRECTION('ref_axis',(0.,1.,0.));
#7488=DIRECTION('',(0.,1.,0.));
#7489=DIRECTION('',(0.,0.,1.));
#7490=DIRECTION('center_axis',(0.,0.,1.));
#7491=DIRECTION('ref_axis',(1.,0.,0.));
#7492=DIRECTION('',(0.,-1.,0.));
#7493=DIRECTION('',(1.,0.,0.));
#7494=DIRECTION('',(0.,1.,0.));
#7495=DIRECTION('',(-1.,0.,0.));
#7496=DIRECTION('',(-1.,0.,0.));
#7497=DIRECTION('center_axis',(0.,1.,0.));
#7498=DIRECTION('ref_axis',(-1.,0.,0.));
#7499=DIRECTION('',(0.,0.,1.));
#7500=DIRECTION('center_axis',(0.,1.,0.));
#7501=DIRECTION('ref_axis',(-1.,0.,0.));
#7502=DIRECTION('',(0.,0.,1.));
#7503=DIRECTION('center_axis',(1.,0.,0.));
#7504=DIRECTION('ref_axis',(0.,1.,0.));
#7505=DIRECTION('',(0.,0.,1.));
#7506=DIRECTION('center_axis',(0.,-1.,0.));
#7507=DIRECTION('ref_axis',(1.,0.,0.));
#7508=DIRECTION('',(0.,0.,1.));
#7509=DIRECTION('center_axis',(-1.,0.,0.));
#7510=DIRECTION('ref_axis',(0.,-1.,0.));
#7511=DIRECTION('center_axis',(0.,1.,0.));
#7512=DIRECTION('ref_axis',(-1.,0.,0.));
#7513=DIRECTION('',(1.,0.,0.));
#7514=DIRECTION('',(0.,0.,1.));
#7515=DIRECTION('',(-1.,0.,0.));
#7516=DIRECTION('',(0.,0.,1.));
#7517=DIRECTION('center_axis',(1.,0.,0.));
#7518=DIRECTION('ref_axis',(0.,1.,0.));
#7519=DIRECTION('',(0.,-1.,0.));
#7520=DIRECTION('',(0.,1.,0.));
#7521=DIRECTION('',(0.,0.,1.));
#7522=DIRECTION('center_axis',(0.,-1.,0.));
#7523=DIRECTION('ref_axis',(1.,0.,0.));
#7524=DIRECTION('',(-1.,0.,0.));
#7525=DIRECTION('',(1.,0.,0.));
#7526=DIRECTION('',(0.,0.,1.));
#7527=DIRECTION('center_axis',(-1.,0.,0.));
#7528=DIRECTION('ref_axis',(0.,-1.,0.));
#7529=DIRECTION('',(0.,1.,0.));
#7530=DIRECTION('',(0.,-1.,0.));
#7531=DIRECTION('center_axis',(0.,0.,1.));
#7532=DIRECTION('ref_axis',(1.,0.,0.));
#7533=DIRECTION('center_axis',(0.,1.,0.));
#7534=DIRECTION('ref_axis',(-1.,0.,0.));
#7535=DIRECTION('',(1.,0.,0.));
#7536=DIRECTION('',(0.,0.,1.));
#7537=DIRECTION('',(-1.,0.,0.));
#7538=DIRECTION('',(0.,0.,1.));
#7539=DIRECTION('center_axis',(1.,0.,0.));
#7540=DIRECTION('ref_axis',(0.,1.,0.));
#7541=DIRECTION('',(0.,-1.,0.));
#7542=DIRECTION('',(0.,1.,0.));
#7543=DIRECTION('',(0.,0.,1.));
#7544=DIRECTION('center_axis',(0.,-1.,0.));
#7545=DIRECTION('ref_axis',(1.,0.,0.));
#7546=DIRECTION('',(-1.,0.,0.));
#7547=DIRECTION('',(1.,0.,0.));
#7548=DIRECTION('',(0.,0.,1.));
#7549=DIRECTION('center_axis',(-1.,0.,0.));
#7550=DIRECTION('ref_axis',(0.,-1.,0.));
#7551=DIRECTION('',(0.,1.,0.));
#7552=DIRECTION('',(0.,-1.,0.));
#7553=DIRECTION('center_axis',(0.,0.,1.));
#7554=DIRECTION('ref_axis',(1.,0.,0.));
#7555=DIRECTION('center_axis',(0.,0.,1.));
#7556=DIRECTION('ref_axis',(1.,0.,0.));
#7557=DIRECTION('',(1.,0.,0.));
#7558=DIRECTION('',(0.,-1.,0.));
#7559=DIRECTION('',(-1.,0.,0.));
#7560=DIRECTION('',(-6.45478502689044E-17,1.,0.));
#7561=DIRECTION('',(0.,1.,0.));
#7562=DIRECTION('',(1.,0.,0.));
#7563=DIRECTION('',(0.,-1.,0.));
#7564=DIRECTION('',(-1.,0.,0.));
#7565=DIRECTION('center_axis',(-1.,0.,0.));
#7566=DIRECTION('ref_axis',(0.,-1.,0.));
#7567=DIRECTION('',(0.,0.,1.));
#7568=DIRECTION('',(0.,1.,0.));
#7569=DIRECTION('',(0.,0.,-1.));
#7570=DIRECTION('center_axis',(0.,1.,0.));
#7571=DIRECTION('ref_axis',(-1.,0.,0.));
#7572=DIRECTION('',(1.,0.,0.));
#7573=DIRECTION('',(0.,0.,1.));
#7574=DIRECTION('',(0.,0.,1.));
#7575=DIRECTION('center_axis',(-1.,0.,0.));
#7576=DIRECTION('ref_axis',(0.,-1.,0.));
#7577=DIRECTION('',(0.,1.,0.));
#7578=DIRECTION('',(0.,0.,1.));
#7579=DIRECTION('center_axis',(0.,-1.,0.));
#7580=DIRECTION('ref_axis',(1.,0.,0.));
#7581=DIRECTION('',(-1.,0.,0.));
#7582=DIRECTION('',(0.,0.,1.));
#7583=DIRECTION('center_axis',(1.,0.,0.));
#7584=DIRECTION('ref_axis',(0.,1.,0.));
#7585=DIRECTION('',(0.,-1.,0.));
#7586=DIRECTION('center_axis',(1.,6.45478502689044E-17,0.));
#7587=DIRECTION('ref_axis',(-6.45478502689044E-17,1.,0.));
#7588=DIRECTION('',(0.,0.,-1.));
#7589=DIRECTION('',(0.,0.,1.));
#7590=DIRECTION('',(6.45478502689044E-17,-1.,0.));
#7591=DIRECTION('center_axis',(0.,-1.,0.));
#7592=DIRECTION('ref_axis',(1.,0.,0.));
#7593=DIRECTION('',(1.,0.,0.));
#7594=DIRECTION('',(0.,0.,1.));
#7595=DIRECTION('',(-1.,0.,0.));
#7596=DIRECTION('',(0.,0.,-1.));
#7597=DIRECTION('',(1.,0.,0.));
#7598=DIRECTION('',(0.,0.,1.));
#7599=DIRECTION('',(-1.,0.,0.));
#7600=DIRECTION('',(0.,0.,1.));
#7601=DIRECTION('',(0.,0.,1.));
#7602=DIRECTION('',(-1.,0.,0.));
#7603=DIRECTION('',(0.,0.,-1.));
#7604=DIRECTION('',(1.,0.,0.));
#7605=DIRECTION('',(0.,0.,-1.));
#7606=DIRECTION('',(1.,0.,0.));
#7607=DIRECTION('',(0.,0.,1.));
#7608=DIRECTION('',(-1.,0.,0.));
#7609=DIRECTION('',(0.,0.,-1.));
#7610=DIRECTION('',(1.,0.,0.));
#7611=DIRECTION('',(0.,0.,1.));
#7612=DIRECTION('',(-1.,0.,0.));
#7613=DIRECTION('center_axis',(0.,0.,1.));
#7614=DIRECTION('ref_axis',(1.,0.,0.));
#7615=DIRECTION('',(-1.,0.,0.));
#7616=DIRECTION('',(0.,-1.,0.));
#7617=DIRECTION('center_axis',(0.,0.,1.));
#7618=DIRECTION('ref_axis',(1.,0.,0.));
#7619=DIRECTION('',(0.,1.,0.));
#7620=DIRECTION('',(-1.,0.,0.));
#7621=DIRECTION('center_axis',(1.,0.,0.));
#7622=DIRECTION('ref_axis',(0.,1.,0.));
#7623=DIRECTION('',(0.,0.,-1.));
#7624=DIRECTION('',(0.,1.,0.));
#7625=DIRECTION('center_axis',(-1.,0.,0.));
#7626=DIRECTION('ref_axis',(0.,-1.,0.));
#7627=DIRECTION('',(0.,-1.,0.));
#7628=DIRECTION('',(0.,0.,1.));
#7629=DIRECTION('center_axis',(0.,0.,1.));
#7630=DIRECTION('ref_axis',(1.,0.,0.));
#7631=DIRECTION('',(1.,0.,0.));
#7632=DIRECTION('center_axis',(0.,1.,0.));
#7633=DIRECTION('ref_axis',(-1.,0.,0.));
#7634=DIRECTION('',(0.,0.,1.));
#7635=DIRECTION('',(-1.,0.,0.));
#7636=DIRECTION('',(0.,0.,1.));
#7637=DIRECTION('',(-1.,0.,0.));
#7638=DIRECTION('',(0.,0.,-1.));
#7639=DIRECTION('',(-1.,0.,0.));
#7640=DIRECTION('',(0.,0.,1.));
#7641=DIRECTION('center_axis',(1.,0.,0.));
#7642=DIRECTION('ref_axis',(0.,1.,0.));
#7643=DIRECTION('',(0.,-1.,0.));
#7644=DIRECTION('',(0.,0.,1.));
#7645=DIRECTION('',(0.,1.,0.));
#7646=DIRECTION('center_axis',(-1.,0.,0.));
#7647=DIRECTION('ref_axis',(0.,-1.,0.));
#7648=DIRECTION('',(0.,1.,0.));
#7649=DIRECTION('',(0.,-1.,0.));
#7650=DIRECTION('',(0.,0.,1.));
#7651=DIRECTION('center_axis',(0.,1.,0.));
#7652=DIRECTION('ref_axis',(-1.,0.,0.));
#7653=DIRECTION('',(1.,0.,0.));
#7654=DIRECTION('',(-1.,0.,0.));
#7655=DIRECTION('center_axis',(0.,0.,1.));
#7656=DIRECTION('ref_axis',(1.,0.,0.));
#7657=DIRECTION('center_axis',(0.,0.,1.));
#7658=DIRECTION('ref_axis',(1.,0.,0.));
#7659=DIRECTION('center_axis',(0.,1.,0.));
#7660=DIRECTION('ref_axis',(-1.,0.,0.));
#7661=DIRECTION('',(-1.,0.,0.));
#7662=DIRECTION('',(0.,0.,1.));
#7663=DIRECTION('',(-1.,0.,0.));
#7664=DIRECTION('',(0.,0.,1.));
#7665=DIRECTION('center_axis',(1.,0.,0.));
#7666=DIRECTION('ref_axis',(0.,1.,0.));
#7667=DIRECTION('',(0.,1.,0.));
#7668=DIRECTION('',(0.,1.,0.));
#7669=DIRECTION('center_axis',(-1.,0.,0.));
#7670=DIRECTION('ref_axis',(0.,-1.,0.));
#7671=DIRECTION('',(0.,-1.,0.));
#7672=DIRECTION('',(0.,-1.,0.));
#7673=DIRECTION('center_axis',(0.,0.,1.));
#7674=DIRECTION('ref_axis',(1.,0.,0.));
#7675=DIRECTION('center_axis',(0.,0.,1.));
#7676=DIRECTION('ref_axis',(1.,0.,0.));
#7677=DIRECTION('center_axis',(1.,0.,0.));
#7678=DIRECTION('ref_axis',(0.,1.,0.));
#7679=DIRECTION('',(0.,0.,1.));
#7680=DIRECTION('',(0.,1.,0.));
#7681=DIRECTION('',(0.,0.,1.));
#7682=DIRECTION('',(0.,1.,0.));
#7683=DIRECTION('center_axis',(0.,-1.,0.));
#7684=DIRECTION('ref_axis',(1.,0.,0.));
#7685=DIRECTION('',(0.,0.,1.));
#7686=DIRECTION('',(1.,0.,0.));
#7687=DIRECTION('',(0.,0.,1.));
#7688=DIRECTION('',(1.,0.,0.));
#7689=DIRECTION('',(0.,0.,1.));
#7690=DIRECTION('',(1.,0.,0.));
#7691=DIRECTION('',(0.,0.,1.));
#7692=DIRECTION('',(-1.,0.,0.));
#7693=DIRECTION('center_axis',(0.,0.,1.));
#7694=DIRECTION('ref_axis',(1.,0.,0.));
#7695=DIRECTION('',(-1.,0.,0.));
#7696=DIRECTION('',(1.,0.,0.));
#7697=DIRECTION('',(0.,-1.,0.));
#7698=DIRECTION('',(1.,0.,0.));
#7699=DIRECTION('',(0.,1.,0.));
#7700=DIRECTION('',(0.,-1.,0.));
#7701=DIRECTION('center_axis',(0.,-1.,0.));
#7702=DIRECTION('ref_axis',(1.,0.,0.));
#7703=DIRECTION('',(0.,0.,-1.));
#7704=DIRECTION('',(-1.,0.,0.));
#7705=DIRECTION('',(0.,0.,-1.));
#7706=DIRECTION('',(1.,0.,0.));
#7707=DIRECTION('',(0.,0.,-1.));
#7708=DIRECTION('',(1.,0.,0.));
#7709=DIRECTION('center_axis',(-1.,0.,0.));
#7710=DIRECTION('ref_axis',(0.,-1.,0.));
#7711=DIRECTION('',(0.,0.,-1.));
#7712=DIRECTION('',(0.,-1.,0.));
#7713=DIRECTION('center_axis',(0.,0.,1.));
#7714=DIRECTION('ref_axis',(1.,0.,0.));
#7715=DIRECTION('',(1.,0.,0.));
#7716=DIRECTION('',(0.,-1.,0.));
#7717=DIRECTION('',(0.,1.,0.));
#7718=DIRECTION('center_axis',(1.,0.,0.));
#7719=DIRECTION('ref_axis',(0.,1.,0.));
#7720=DIRECTION('',(0.,1.,0.));
#7721=DIRECTION('',(0.,0.,1.));
#7722=DIRECTION('',(0.,-1.,0.));
#7723=DIRECTION('center_axis',(0.,0.,1.));
#7724=DIRECTION('ref_axis',(1.,0.,0.));
#7725=DIRECTION('',(0.,1.,0.));
#7726=DIRECTION('',(1.,0.,0.));
#7727=DIRECTION('center_axis',(-1.,0.,0.));
#7728=DIRECTION('ref_axis',(0.,-1.,0.));
#7729=DIRECTION('',(0.,-1.,0.));
#7730=DIRECTION('',(0.,0.,1.));
#7731=DIRECTION('',(0.,1.,0.));
#7732=DIRECTION('',(0.,-1.,0.));
#7733=DIRECTION('',(0.,0.,1.));
#7734=DIRECTION('center_axis',(0.,0.,1.));
#7735=DIRECTION('ref_axis',(1.,0.,0.));
#7736=DIRECTION('',(0.,-1.,0.));
#7737=DIRECTION('',(-1.,0.,0.));
#7738=DIRECTION('center_axis',(1.,0.,0.));
#7739=DIRECTION('ref_axis',(0.,1.,0.));
#7740=DIRECTION('',(0.,0.,-1.));
#7741=DIRECTION('',(0.,1.,0.));
#7742=DIRECTION('',(0.,0.,1.));
#7743=DIRECTION('center_axis',(0.,1.,0.));
#7744=DIRECTION('ref_axis',(-1.,0.,0.));
#7745=DIRECTION('',(0.,0.,1.));
#7746=DIRECTION('',(1.,0.,0.));
#7747=DIRECTION('center_axis',(0.,-1.,0.));
#7748=DIRECTION('ref_axis',(1.,0.,0.));
#7749=DIRECTION('',(-1.,0.,0.));
#7750=DIRECTION('center_axis',(0.,0.,1.));
#7751=DIRECTION('ref_axis',(1.,0.,0.));
#7752=DIRECTION('center_axis',(0.,-1.,0.));
#7753=DIRECTION('ref_axis',(1.,0.,0.));
#7754=DIRECTION('',(1.,0.,0.));
#7755=DIRECTION('center_axis',(1.,0.,0.));
#7756=DIRECTION('ref_axis',(0.,1.,0.));
#7757=DIRECTION('',(0.,0.,-1.));
#7758=DIRECTION('',(0.,1.,0.));
#7759=DIRECTION('',(0.,0.,1.));
#7760=DIRECTION('',(0.,1.,0.));
#7761=DIRECTION('center_axis',(0.,-1.,0.));
#7762=DIRECTION('ref_axis',(1.,0.,0.));
#7763=DIRECTION('',(1.,0.,0.));
#7764=DIRECTION('',(0.,0.,-1.));
#7765=DIRECTION('',(1.,0.,0.));
#7766=DIRECTION('',(0.,0.,1.));
#7767=DIRECTION('center_axis',(-1.,0.,0.));
#7768=DIRECTION('ref_axis',(0.,-1.,0.));
#7769=DIRECTION('',(0.,-1.,0.));
#7770=DIRECTION('',(0.,-1.,0.));
#7771=DIRECTION('center_axis',(0.,0.,1.));
#7772=DIRECTION('ref_axis',(1.,0.,0.));
#7773=DIRECTION('',(0.,-1.,0.));
#7774=DIRECTION('',(0.,-1.,0.));
#7775=DIRECTION('center_axis',(0.,0.,1.));
#7776=DIRECTION('ref_axis',(1.,0.,0.));
#7777=DIRECTION('',(0.,1.,0.));
#7778=DIRECTION('',(0.,1.,0.));
#7779=DIRECTION('center_axis',(1.,0.,0.));
#7780=DIRECTION('ref_axis',(0.,1.,0.));
#7781=DIRECTION('',(0.,0.,1.));
#7782=DIRECTION('',(0.,1.,0.));
#7783=DIRECTION('center_axis',(1.,0.,0.));
#7784=DIRECTION('ref_axis',(0.,1.,0.));
#7785=DIRECTION('',(0.,0.,1.));
#7786=DIRECTION('',(0.,1.,0.));
#7787=DIRECTION('',(0.,0.,-1.));
#7788=DIRECTION('',(0.,1.,0.));
#7789=DIRECTION('center_axis',(0.,-1.,0.));
#7790=DIRECTION('ref_axis',(1.,0.,0.));
#7791=DIRECTION('',(1.,0.,0.));
#7792=DIRECTION('',(0.,0.,-1.));
#7793=DIRECTION('',(1.,0.,0.));
#7794=DIRECTION('',(0.,0.,1.));
#7795=DIRECTION('center_axis',(-1.,0.,0.));
#7796=DIRECTION('ref_axis',(0.,-1.,0.));
#7797=DIRECTION('',(0.,-1.,0.));
#7798=DIRECTION('',(0.,-1.,0.));
#7799=DIRECTION('center_axis',(0.,0.,1.));
#7800=DIRECTION('ref_axis',(1.,0.,0.));
#7801=DIRECTION('',(0.,1.,0.));
#7802=DIRECTION('center_axis',(0.,1.,0.));
#7803=DIRECTION('ref_axis',(-1.,0.,0.));
#7804=DIRECTION('',(0.,0.,1.));
#7805=DIRECTION('',(-1.,0.,0.));
#7806=DIRECTION('',(0.,0.,-1.));
#7807=DIRECTION('',(1.,0.,0.));
#7808=DIRECTION('center_axis',(0.,-1.,0.));
#7809=DIRECTION('ref_axis',(1.,0.,0.));
#7810=DIRECTION('',(-1.,0.,0.));
#7811=DIRECTION('',(0.,0.,1.));
#7812=DIRECTION('',(1.,0.,0.));
#7813=DIRECTION('',(0.,0.,-1.));
#7814=DIRECTION('',(0.,0.,-1.));
#7815=DIRECTION('center_axis',(0.,0.,1.));
#7816=DIRECTION('ref_axis',(1.,0.,0.));
#7817=DIRECTION('',(0.,1.,0.));
#7818=DIRECTION('',(0.,-1.,0.));
#7819=DIRECTION('center_axis',(1.,0.,0.));
#7820=DIRECTION('ref_axis',(0.,1.,0.));
#7821=DIRECTION('',(0.,1.,0.));
#7822=DIRECTION('',(0.,-0.207911690817759,-0.978147600733806));
#7823=DIRECTION('',(0.,-1.,0.));
#7824=DIRECTION('',(0.,0.207911690817759,0.978147600733806));
#7825=DIRECTION('',(0.,1.,0.));
#7826=DIRECTION('',(0.,0.,1.));
#7827=DIRECTION('',(0.,1.,0.));
#7828=DIRECTION('',(0.,0.,1.));
#7829=DIRECTION('',(0.,1.,0.));
#7830=DIRECTION('center_axis',(0.,0.,1.));
#7831=DIRECTION('ref_axis',(1.,0.,0.));
#7832=DIRECTION('',(-1.,0.,0.));
#7833=DIRECTION('',(0.,-1.,0.));
#7834=DIRECTION('',(1.,0.,0.));
#7835=DIRECTION('',(0.,1.,0.));
#7836=DIRECTION('',(0.,-1.,0.));
#7837=DIRECTION('',(0.,-1.,0.));
#7838=DIRECTION('',(1.,0.,0.));
#7839=DIRECTION('center_axis',(1.,0.,0.));
#7840=DIRECTION('ref_axis',(0.,1.,0.));
#7841=DIRECTION('',(0.,1.,0.));
#7842=DIRECTION('',(0.,-0.207911690817759,-0.978147600733806));
#7843=DIRECTION('center_axis',(-1.,0.,0.));
#7844=DIRECTION('ref_axis',(0.,-1.,0.));
#7845=DIRECTION('',(0.,0.207911690817759,0.978147600733806));
#7846=DIRECTION('',(0.,-1.,0.));
#7847=DIRECTION('center_axis',(0.,0.,1.));
#7848=DIRECTION('ref_axis',(1.,0.,0.));
#7849=DIRECTION('',(-1.,0.,0.));
#7850=DIRECTION('center_axis',(0.,0.978147600733806,-0.207911690817759));
#7851=DIRECTION('ref_axis',(0.,0.207911690817759,0.978147600733806));
#7852=DIRECTION('',(0.,0.207911690817759,0.978147600733806));
#7853=DIRECTION('',(1.,0.,0.));
#7854=DIRECTION('center_axis',(0.,-0.978147600733806,0.207911690817759));
#7855=DIRECTION('ref_axis',(0.,-0.207911690817759,-0.978147600733806));
#7856=DIRECTION('',(1.,0.,0.));
#7857=DIRECTION('',(0.,-0.207911690817759,-0.978147600733806));
#7858=DIRECTION('',(-1.,0.,0.));
#7859=DIRECTION('center_axis',(0.,0.,-1.));
#7860=DIRECTION('ref_axis',(0.,1.,0.));
#7861=DIRECTION('',(0.,1.,0.));
#7862=DIRECTION('center_axis',(-1.,0.,0.));
#7863=DIRECTION('ref_axis',(0.,-1.,0.));
#7864=DIRECTION('',(0.,0.,1.));
#7865=DIRECTION('',(0.,-1.,0.));
#7866=DIRECTION('',(0.,0.,1.));
#7867=DIRECTION('',(0.,-1.,0.));
#7868=DIRECTION('center_axis',(0.,0.,1.));
#7869=DIRECTION('ref_axis',(1.,0.,0.));
#7870=DIRECTION('',(1.,0.,0.));
#7871=DIRECTION('center_axis',(1.,0.,0.));
#7872=DIRECTION('ref_axis',(0.,1.,0.));
#7873=DIRECTION('center_axis',(0.,0.,1.));
#7874=DIRECTION('ref_axis',(1.,0.,0.));
#7875=DIRECTION('center_axis',(0.,1.,0.));
#7876=DIRECTION('ref_axis',(-1.,0.,0.));
#7877=DIRECTION('',(-1.,0.,0.));
#7878=DIRECTION('center_axis',(0.,-1.,0.));
#7879=DIRECTION('ref_axis',(1.,0.,0.));
#7880=DIRECTION('',(1.,0.,0.));
#7881=DIRECTION('center_axis',(0.,0.,1.));
#7882=DIRECTION('ref_axis',(1.,0.,0.));
#7883=DIRECTION('center_axis',(1.,0.,0.));
#7884=DIRECTION('ref_axis',(0.,1.,0.));
#7885=DIRECTION('',(0.,-1.,0.));
#7886=DIRECTION('',(0.,0.,1.));
#7887=DIRECTION('',(0.,1.,0.));
#7888=DIRECTION('',(0.,0.,-1.));
#7889=DIRECTION('center_axis',(0.,1.,0.));
#7890=DIRECTION('ref_axis',(-1.,0.,0.));
#7891=DIRECTION('',(1.,0.,0.));
#7892=DIRECTION('',(0.,0.,1.));
#7893=DIRECTION('',(-1.,0.,0.));
#7894=DIRECTION('center_axis',(0.,0.,1.));
#7895=DIRECTION('ref_axis',(1.,0.,0.));
#7896=DIRECTION('',(1.,0.,0.));
#7897=DIRECTION('',(0.,1.,0.));
#7898=DIRECTION('',(1.,0.,0.));
#7899=DIRECTION('',(0.,1.,0.));
#7900=DIRECTION('',(-1.,0.,0.));
#7901=DIRECTION('',(0.,-1.,0.));
#7902=DIRECTION('',(1.,0.,0.));
#7903=DIRECTION('',(0.,-1.,0.));
#7904=DIRECTION('',(-1.,0.,0.));
#7905=DIRECTION('',(0.,1.,0.));
#7906=DIRECTION('center_axis',(0.,-1.,0.));
#7907=DIRECTION('ref_axis',(1.,0.,0.));
#7908=DIRECTION('',(1.,0.,0.));
#7909=DIRECTION('',(0.,0.,1.));
#7910=DIRECTION('center_axis',(0.,1.,0.));
#7911=DIRECTION('ref_axis',(-1.,0.,0.));
#7912=DIRECTION('',(0.,0.,1.));
#7913=DIRECTION('',(-1.,0.,0.));
#7914=DIRECTION('',(0.,0.,-1.));
#7915=DIRECTION('center_axis',(-1.,0.,0.));
#7916=DIRECTION('ref_axis',(0.,-1.,0.));
#7917=DIRECTION('',(0.,-1.,0.));
#7918=DIRECTION('center_axis',(1.,0.,0.));
#7919=DIRECTION('ref_axis',(0.,1.,0.));
#7920=DIRECTION('',(0.,1.,0.));
#7921=DIRECTION('',(0.,0.,1.));
#7922=DIRECTION('center_axis',(0.,0.,1.));
#7923=DIRECTION('ref_axis',(1.,0.,0.));
#7924=DIRECTION('',(0.,-1.,0.));
#7925=DIRECTION('',(-1.,0.,0.));
#7926=DIRECTION('center_axis',(0.,1.,0.));
#7927=DIRECTION('ref_axis',(-1.,0.,0.));
#7928=DIRECTION('',(0.,0.,1.));
#7929=DIRECTION('',(-1.,0.,0.));
#7930=DIRECTION('',(0.,0.,1.));
#7931=DIRECTION('center_axis',(1.,0.,0.));
#7932=DIRECTION('ref_axis',(0.,1.,0.));
#7933=DIRECTION('',(0.,1.,0.));
#7934=DIRECTION('',(0.,0.,1.));
#7935=DIRECTION('center_axis',(0.,-1.,0.));
#7936=DIRECTION('ref_axis',(1.,0.,0.));
#7937=DIRECTION('',(1.,0.,0.));
#7938=DIRECTION('',(0.,0.,1.));
#7939=DIRECTION('center_axis',(-1.,0.,0.));
#7940=DIRECTION('ref_axis',(0.,-1.,0.));
#7941=DIRECTION('',(0.,-1.,0.));
#7942=DIRECTION('center_axis',(0.,0.,1.));
#7943=DIRECTION('ref_axis',(1.,0.,0.));
#7944=DIRECTION('center_axis',(0.,1.,0.));
#7945=DIRECTION('ref_axis',(-1.,0.,0.));
#7946=DIRECTION('',(0.,0.,1.));
#7947=DIRECTION('center_axis',(-1.,0.,0.));
#7948=DIRECTION('ref_axis',(0.,-1.,0.));
#7949=DIRECTION('center_axis',(0.,1.,0.));
#7950=DIRECTION('ref_axis',(-1.,0.,0.));
#7951=DIRECTION('',(-1.,0.,0.));
#7952=DIRECTION('',(0.,0.,1.));
#7953=DIRECTION('',(-1.,0.,0.));
#7954=DIRECTION('',(0.,0.,1.));
#7955=DIRECTION('center_axis',(1.,0.,0.));
#7956=DIRECTION('ref_axis',(0.,1.,0.));
#7957=DIRECTION('',(0.,1.,0.));
#7958=DIRECTION('',(0.,1.,0.));
#7959=DIRECTION('',(0.,0.,1.));
#7960=DIRECTION('center_axis',(0.,-1.,0.));
#7961=DIRECTION('ref_axis',(1.,0.,0.));
#7962=DIRECTION('',(1.,0.,0.));
#7963=DIRECTION('',(1.,0.,0.));
#7964=DIRECTION('',(0.,0.,1.));
#7965=DIRECTION('center_axis',(-1.,0.,0.));
#7966=DIRECTION('ref_axis',(0.,-1.,0.));
#7967=DIRECTION('',(0.,-1.,0.));
#7968=DIRECTION('',(0.,-1.,0.));
#7969=DIRECTION('center_axis',(0.,0.,1.));
#7970=DIRECTION('ref_axis',(1.,0.,0.));
#7971=DIRECTION('center_axis',(0.,0.,1.));
#7972=DIRECTION('ref_axis',(1.,0.,0.));
#7973=DIRECTION('center_axis',(0.,1.,0.));
#7974=DIRECTION('ref_axis',(-1.,0.,0.));
#7975=DIRECTION('',(-1.,0.,0.));
#7976=DIRECTION('',(0.,0.,1.));
#7977=DIRECTION('',(-1.,0.,0.));
#7978=DIRECTION('',(0.,0.,1.));
#7979=DIRECTION('center_axis',(1.,0.,0.));
#7980=DIRECTION('ref_axis',(0.,1.,0.));
#7981=DIRECTION('',(0.,1.,0.));
#7982=DIRECTION('',(0.,1.,0.));
#7983=DIRECTION('',(0.,0.,1.));
#7984=DIRECTION('center_axis',(0.,-1.,0.));
#7985=DIRECTION('ref_axis',(1.,0.,0.));
#7986=DIRECTION('',(1.,0.,0.));
#7987=DIRECTION('',(1.,0.,0.));
#7988=DIRECTION('',(0.,0.,1.));
#7989=DIRECTION('center_axis',(-1.,0.,0.));
#7990=DIRECTION('ref_axis',(0.,-1.,0.));
#7991=DIRECTION('',(0.,-1.,0.));
#7992=DIRECTION('',(0.,-1.,0.));
#7993=DIRECTION('center_axis',(0.,0.,1.));
#7994=DIRECTION('ref_axis',(1.,0.,0.));
#7995=DIRECTION('center_axis',(0.,0.,1.));
#7996=DIRECTION('ref_axis',(1.,0.,0.));
#7997=DIRECTION('center_axis',(0.,1.,0.));
#7998=DIRECTION('ref_axis',(-1.,0.,0.));
#7999=DIRECTION('',(-1.,0.,0.));
#8000=DIRECTION('',(0.,0.,1.));
#8001=DIRECTION('',(-1.,0.,0.));
#8002=DIRECTION('',(0.,0.,1.));
#8003=DIRECTION('center_axis',(1.,-3.2653618371328E-16,0.));
#8004=DIRECTION('ref_axis',(3.2653618371328E-16,1.,0.));
#8005=DIRECTION('',(3.2653618371328E-16,1.,0.));
#8006=DIRECTION('',(3.2653618371328E-16,1.,0.));
#8007=DIRECTION('',(0.,0.,1.));
#8008=DIRECTION('center_axis',(0.,-1.,0.));
#8009=DIRECTION('ref_axis',(1.,0.,0.));
#8010=DIRECTION('',(1.,0.,0.));
#8011=DIRECTION('',(1.,0.,0.));
#8012=DIRECTION('',(0.,0.,1.));
#8013=DIRECTION('center_axis',(-1.,0.,0.));
#8014=DIRECTION('ref_axis',(0.,-1.,0.));
#8015=DIRECTION('',(0.,-1.,0.));
#8016=DIRECTION('',(0.,-1.,0.));
#8017=DIRECTION('center_axis',(0.,0.,1.));
#8018=DIRECTION('ref_axis',(1.,0.,0.));
#8019=DIRECTION('center_axis',(0.,0.,1.));
#8020=DIRECTION('ref_axis',(1.,0.,0.));
#8021=DIRECTION('center_axis',(0.,1.,0.));
#8022=DIRECTION('ref_axis',(-1.,0.,0.));
#8023=DIRECTION('',(-1.,0.,0.));
#8024=DIRECTION('',(0.,0.,1.));
#8025=DIRECTION('',(-1.,0.,0.));
#8026=DIRECTION('',(0.,0.,1.));
#8027=DIRECTION('center_axis',(1.,-3.2653618371328E-16,0.));
#8028=DIRECTION('ref_axis',(3.2653618371328E-16,1.,0.));
#8029=DIRECTION('',(3.2653618371328E-16,1.,0.));
#8030=DIRECTION('',(3.2653618371328E-16,1.,0.));
#8031=DIRECTION('',(0.,0.,1.));
#8032=DIRECTION('center_axis',(0.,-1.,0.));
#8033=DIRECTION('ref_axis',(1.,0.,0.));
#8034=DIRECTION('',(1.,0.,0.));
#8035=DIRECTION('',(1.,0.,0.));
#8036=DIRECTION('',(0.,0.,1.));
#8037=DIRECTION('center_axis',(-1.,0.,0.));
#8038=DIRECTION('ref_axis',(0.,-1.,0.));
#8039=DIRECTION('',(0.,-1.,0.));
#8040=DIRECTION('',(0.,-1.,0.));
#8041=DIRECTION('center_axis',(0.,0.,1.));
#8042=DIRECTION('ref_axis',(1.,0.,0.));
#8043=DIRECTION('center_axis',(0.,0.,1.));
#8044=DIRECTION('ref_axis',(1.,0.,0.));
#8045=DIRECTION('center_axis',(0.,1.,0.));
#8046=DIRECTION('ref_axis',(-1.,0.,0.));
#8047=DIRECTION('',(-1.,0.,0.));
#8048=DIRECTION('',(0.,0.,1.));
#8049=DIRECTION('',(-1.,0.,0.));
#8050=DIRECTION('',(0.,0.,1.));
#8051=DIRECTION('center_axis',(1.,8.22387425648264E-17,0.));
#8052=DIRECTION('ref_axis',(-8.22387425648264E-17,1.,0.));
#8053=DIRECTION('',(-8.22387425648264E-17,1.,0.));
#8054=DIRECTION('',(-8.22387425648264E-17,1.,0.));
#8055=DIRECTION('',(0.,0.,1.));
#8056=DIRECTION('center_axis',(0.,-1.,0.));
#8057=DIRECTION('ref_axis',(1.,0.,0.));
#8058=DIRECTION('',(1.,0.,0.));
#8059=DIRECTION('',(1.,0.,0.));
#8060=DIRECTION('',(0.,0.,1.));
#8061=DIRECTION('center_axis',(-1.,0.,0.));
#8062=DIRECTION('ref_axis',(0.,-1.,0.));
#8063=DIRECTION('',(0.,-1.,0.));
#8064=DIRECTION('',(0.,-1.,0.));
#8065=DIRECTION('center_axis',(0.,0.,1.));
#8066=DIRECTION('ref_axis',(1.,0.,0.));
#8067=DIRECTION('center_axis',(0.,0.,1.));
#8068=DIRECTION('ref_axis',(1.,0.,0.));
#8069=DIRECTION('center_axis',(0.,1.,0.));
#8070=DIRECTION('ref_axis',(-1.,0.,0.));
#8071=DIRECTION('',(-1.,0.,0.));
#8072=DIRECTION('',(0.,0.,1.));
#8073=DIRECTION('',(-1.,0.,0.));
#8074=DIRECTION('',(0.,0.,1.));
#8075=DIRECTION('center_axis',(1.,0.,0.));
#8076=DIRECTION('ref_axis',(0.,1.,0.));
#8077=DIRECTION('',(0.,1.,0.));
#8078=DIRECTION('',(0.,1.,0.));
#8079=DIRECTION('',(0.,0.,1.));
#8080=DIRECTION('center_axis',(0.,-1.,0.));
#8081=DIRECTION('ref_axis',(1.,0.,0.));
#8082=DIRECTION('',(1.,0.,0.));
#8083=DIRECTION('',(1.,0.,0.));
#8084=DIRECTION('',(0.,0.,1.));
#8085=DIRECTION('center_axis',(-1.,0.,0.));
#8086=DIRECTION('ref_axis',(0.,-1.,0.));
#8087=DIRECTION('',(0.,-1.,0.));
#8088=DIRECTION('',(0.,-1.,0.));
#8089=DIRECTION('center_axis',(0.,0.,1.));
#8090=DIRECTION('ref_axis',(1.,0.,0.));
#8091=DIRECTION('center_axis',(0.,0.,1.));
#8092=DIRECTION('ref_axis',(1.,0.,0.));
#8093=CARTESIAN_POINT('',(0.,0.,0.));
#8094=CARTESIAN_POINT('Origin',(30.,-1.,2.));
#8095=CARTESIAN_POINT('',(30.,4.2,2.));
#8096=CARTESIAN_POINT('',(30.,4.2,7.6));
#8097=CARTESIAN_POINT('',(30.,4.2,2.));
#8098=CARTESIAN_POINT('',(30.,0.,2.));
#8099=CARTESIAN_POINT('',(30.,-1.,2.));
#8100=CARTESIAN_POINT('',(30.,0.,7.6));
#8101=CARTESIAN_POINT('',(30.,0.,1.));
#8102=CARTESIAN_POINT('',(30.,29.8,7.6));
#8103=CARTESIAN_POINT('Origin',(-30.,4.5,2.));
#8104=CARTESIAN_POINT('',(-30.,4.2,7.6));
#8105=CARTESIAN_POINT('',(-30.,4.2,2.));
#8106=CARTESIAN_POINT('',(-30.,4.2,2.));
#8107=CARTESIAN_POINT('',(-30.,0.,7.6));
#8108=CARTESIAN_POINT('',(-30.,32.55,7.6));
#8109=CARTESIAN_POINT('',(-30.,0.,2.));
#8110=CARTESIAN_POINT('',(-30.,0.,1.));
#8111=CARTESIAN_POINT('',(-30.,4.5,2.));
#8112=CARTESIAN_POINT('Origin',(-90.,0.,0.));
#8113=CARTESIAN_POINT('',(-45.,0.,2.));
#8114=CARTESIAN_POINT('',(-90.,0.,7.6));
#8115=CARTESIAN_POINT('',(-90.,0.,7.6));
#8116=CARTESIAN_POINT('',(-90.,0.,0.));
#8117=CARTESIAN_POINT('',(-90.,0.,0.));
#8118=CARTESIAN_POINT('',(90.,0.,0.));
#8119=CARTESIAN_POINT('',(-90.,0.,0.));
#8120=CARTESIAN_POINT('',(90.,0.,7.6));
#8121=CARTESIAN_POINT('',(90.,0.,0.));
#8122=CARTESIAN_POINT('',(-90.,0.,7.6));
#8123=CARTESIAN_POINT('Origin',(90.,4.2,2.));
#8124=CARTESIAN_POINT('',(-85.9,4.2,2.));
#8125=CARTESIAN_POINT('',(45.,4.2,2.));
#8126=CARTESIAN_POINT('',(-85.9,4.2,5.9));
#8127=CARTESIAN_POINT('',(-85.9,4.2,2.));
#8128=CARTESIAN_POINT('',(-85.75,4.2,5.9));
#8129=CARTESIAN_POINT('',(90.,4.2,5.9));
#8130=CARTESIAN_POINT('',(-85.75,4.2,7.6));
#8131=CARTESIAN_POINT('',(-85.75,4.2,5.9));
#8132=CARTESIAN_POINT('',(90.,4.2,7.6));
#8133=CARTESIAN_POINT('Origin',(-87.875,60.6,7.6));
#8134=CARTESIAN_POINT('',(-85.75,8.00000000000001,7.6));
#8135=CARTESIAN_POINT('',(-85.75,0.,7.6));
#8136=CARTESIAN_POINT('',(-83.55,8.00000000000001,7.6));
#8137=CARTESIAN_POINT('',(-83.55,8.,7.6));
#8138=CARTESIAN_POINT('',(-83.55,10.5,7.6));
#8139=CARTESIAN_POINT('',(-83.55,114.,7.6));
#8140=CARTESIAN_POINT('',(-80.,10.5,7.6));
#8141=CARTESIAN_POINT('',(-80.,10.5,7.6));
#8142=CARTESIAN_POINT('',(-80.,12.,7.6));
#8143=CARTESIAN_POINT('',(-80.,12.,7.6));
#8144=CARTESIAN_POINT('',(-83.55,12.,7.6));
#8145=CARTESIAN_POINT('',(-84.,12.,7.6));
#8146=CARTESIAN_POINT('',(-83.55,114.,7.6));
#8147=CARTESIAN_POINT('',(-83.55,114.,7.6));
#8148=CARTESIAN_POINT('',(-85.75,114.,7.6));
#8149=CARTESIAN_POINT('',(-85.75,114.,7.6));
#8150=CARTESIAN_POINT('',(-85.75,121.2,7.6));
#8151=CARTESIAN_POINT('',(-85.75,0.,7.6));
#8152=CARTESIAN_POINT('',(-90.,121.2,7.6));
#8153=CARTESIAN_POINT('',(-85.75,121.2,7.6));
#8154=CARTESIAN_POINT('',(-90.,121.2,7.6));
#8155=CARTESIAN_POINT('Origin',(-87.875,60.6,7.6));
#8156=CARTESIAN_POINT('',(90.,121.2,7.6));
#8157=CARTESIAN_POINT('',(90.,0.,7.6));
#8158=CARTESIAN_POINT('',(85.75,121.2,7.6));
#8159=CARTESIAN_POINT('',(90.,121.2,7.6));
#8160=CARTESIAN_POINT('',(85.75,114.,7.6));
#8161=CARTESIAN_POINT('',(85.75,121.2,7.6));
#8162=CARTESIAN_POINT('',(83.55,114.,7.6));
#8163=CARTESIAN_POINT('',(85.75,114.,7.6));
#8164=CARTESIAN_POINT('',(83.55,12.,7.6));
#8165=CARTESIAN_POINT('',(83.55,114.,7.6));
#8166=CARTESIAN_POINT('',(80.,12.,7.6));
#8167=CARTESIAN_POINT('',(84.,12.,7.6));
#8168=CARTESIAN_POINT('',(80.,10.5,7.6));
#8169=CARTESIAN_POINT('',(80.,12.,7.6));
#8170=CARTESIAN_POINT('',(83.55,10.5,7.6));
#8171=CARTESIAN_POINT('',(80.,10.5,7.6));
#8172=CARTESIAN_POINT('',(83.55,8.00000000000001,7.6));
#8173=CARTESIAN_POINT('',(83.55,114.,7.6));
#8174=CARTESIAN_POINT('',(85.75,8.00000000000001,7.6));
#8175=CARTESIAN_POINT('',(83.55,8.,7.6));
#8176=CARTESIAN_POINT('',(85.75,4.2,7.6));
#8177=CARTESIAN_POINT('',(85.75,121.2,7.6));
#8178=CARTESIAN_POINT('',(90.,4.2,7.6));
#8179=CARTESIAN_POINT('Origin',(-85.,84.,2.));
#8180=CARTESIAN_POINT('',(-85.,90.,2.));
#8181=CARTESIAN_POINT('',(-85.,84.,2.));
#8182=CARTESIAN_POINT('',(-85.,72.3,2.));
#8183=CARTESIAN_POINT('',(-85.,90.,3.6));
#8184=CARTESIAN_POINT('',(-85.,90.,2.));
#8185=CARTESIAN_POINT('',(-85.,84.,3.6));
#8186=CARTESIAN_POINT('',(-85.,90.,3.6));
#8187=CARTESIAN_POINT('',(-85.,84.,2.));
#8188=CARTESIAN_POINT('Origin',(-85.9,84.,2.));
#8189=CARTESIAN_POINT('',(-85.9,84.,2.));
#8190=CARTESIAN_POINT('',(-42.95,84.,2.));
#8191=CARTESIAN_POINT('',(-85.9,84.,3.6));
#8192=CARTESIAN_POINT('',(-85.,84.,3.6));
#8193=CARTESIAN_POINT('',(-85.9,84.,2.));
#8194=CARTESIAN_POINT('Origin',(-85.,90.,2.));
#8195=CARTESIAN_POINT('',(-85.9,90.,2.));
#8196=CARTESIAN_POINT('',(-42.5,90.,2.));
#8197=CARTESIAN_POINT('',(-85.9,90.,3.6));
#8198=CARTESIAN_POINT('',(-85.9,90.,2.));
#8199=CARTESIAN_POINT('',(-85.9,90.,3.6));
#8200=CARTESIAN_POINT('Origin',(-85.45,87.,3.6));
#8201=CARTESIAN_POINT('',(-85.9,43.5,3.6));
#8202=CARTESIAN_POINT('Origin',(0.,60.6,2.));
#8203=CARTESIAN_POINT('',(85.9,4.2,2.));
#8204=CARTESIAN_POINT('',(45.,4.2,2.));
#8205=CARTESIAN_POINT('',(85.9,30.,2.));
#8206=CARTESIAN_POINT('',(85.9,90.9,2.));
#8207=CARTESIAN_POINT('',(85.,30.,2.));
#8208=CARTESIAN_POINT('',(42.5,30.,2.));
#8209=CARTESIAN_POINT('',(85.,36.,2.));
#8210=CARTESIAN_POINT('',(85.,48.3,2.));
#8211=CARTESIAN_POINT('',(85.9,36.,2.));
#8212=CARTESIAN_POINT('',(42.95,36.,2.));
#8213=CARTESIAN_POINT('',(85.9,84.,2.));
#8214=CARTESIAN_POINT('',(85.9,90.9,2.));
#8215=CARTESIAN_POINT('',(85.,84.,2.));
#8216=CARTESIAN_POINT('',(42.5,84.,2.));
#8217=CARTESIAN_POINT('',(85.,90.,2.));
#8218=CARTESIAN_POINT('',(85.,75.3,2.));
#8219=CARTESIAN_POINT('',(85.9,90.,2.));
#8220=CARTESIAN_POINT('',(42.95,90.,2.));
#8221=CARTESIAN_POINT('',(85.9,121.2,2.));
#8222=CARTESIAN_POINT('',(85.9,90.9,2.));
#8223=CARTESIAN_POINT('',(-85.9,121.2,2.));
#8224=CARTESIAN_POINT('',(90.,121.2,2.));
#8225=CARTESIAN_POINT('',(-85.9,30.3,2.));
#8226=CARTESIAN_POINT('',(-85.9,36.,2.));
#8227=CARTESIAN_POINT('',(-85.9,30.3,2.));
#8228=CARTESIAN_POINT('',(-85.,36.,2.));
#8229=CARTESIAN_POINT('',(-42.5,36.,2.));
#8230=CARTESIAN_POINT('',(-85.,30.,2.));
#8231=CARTESIAN_POINT('',(-85.,45.3,2.));
#8232=CARTESIAN_POINT('',(-85.9,30.,2.));
#8233=CARTESIAN_POINT('',(-42.95,30.,2.));
#8234=CARTESIAN_POINT('',(-85.9,30.3,2.));
#8235=CARTESIAN_POINT('',(-80.8,13.9,2.));
#8236=CARTESIAN_POINT('',(-80.8,111.5,2.));
#8237=CARTESIAN_POINT('',(-80.8,111.5,2.));
#8238=CARTESIAN_POINT('',(80.8,111.5,2.));
#8239=CARTESIAN_POINT('',(80.8,111.5,2.));
#8240=CARTESIAN_POINT('',(80.8,13.9,2.));
#8241=CARTESIAN_POINT('',(80.8,13.9,2.));
#8242=CARTESIAN_POINT('',(-80.8,13.9,2.));
#8243=CARTESIAN_POINT('Origin',(-85.,30.,2.));
#8244=CARTESIAN_POINT('',(-85.,36.,3.6));
#8245=CARTESIAN_POINT('',(-85.,36.,2.));
#8246=CARTESIAN_POINT('',(-85.,30.,3.6));
#8247=CARTESIAN_POINT('',(-85.,36.,3.6));
#8248=CARTESIAN_POINT('',(-85.,30.,2.));
#8249=CARTESIAN_POINT('Origin',(-85.9,30.,2.));
#8250=CARTESIAN_POINT('',(-85.9,30.,3.6));
#8251=CARTESIAN_POINT('',(-85.,30.,3.6));
#8252=CARTESIAN_POINT('',(-85.9,30.,2.));
#8253=CARTESIAN_POINT('Origin',(-85.,36.,2.));
#8254=CARTESIAN_POINT('',(-85.9,36.,3.6));
#8255=CARTESIAN_POINT('',(-85.9,36.,2.));
#8256=CARTESIAN_POINT('',(-85.9,36.,3.6));
#8257=CARTESIAN_POINT('Origin',(-85.45,33.,3.6));
#8258=CARTESIAN_POINT('',(-85.9,16.5,3.6));
#8259=CARTESIAN_POINT('Origin',(-85.9,0.,2.));
#8260=CARTESIAN_POINT('',(-85.9,121.2,5.9));
#8261=CARTESIAN_POINT('',(-85.9,121.2,2.));
#8262=CARTESIAN_POINT('',(-85.9,0.,5.9));
#8263=CARTESIAN_POINT('',(-85.9,119.,5.4));
#8264=CARTESIAN_POINT('',(-85.9,119.,4.4));
#8265=CARTESIAN_POINT('',(-85.9,119.,3.2));
#8266=CARTESIAN_POINT('',(-85.9,116.,4.4));
#8267=CARTESIAN_POINT('',(-85.9,58.75,4.4));
#8268=CARTESIAN_POINT('',(-85.9,116.,5.4));
#8269=CARTESIAN_POINT('',(-85.9,116.,3.2));
#8270=CARTESIAN_POINT('',(-85.9,58.75,5.4));
#8271=CARTESIAN_POINT('Origin',(85.9,90.,2.));
#8272=CARTESIAN_POINT('',(85.,90.,3.6));
#8273=CARTESIAN_POINT('',(85.,90.,2.));
#8274=CARTESIAN_POINT('',(85.9,90.,3.6));
#8275=CARTESIAN_POINT('',(85.9,90.,3.6));
#8276=CARTESIAN_POINT('',(85.9,90.,2.));
#8277=CARTESIAN_POINT('Origin',(85.,84.,2.));
#8278=CARTESIAN_POINT('',(85.9,84.,3.6));
#8279=CARTESIAN_POINT('',(85.9,84.,2.));
#8280=CARTESIAN_POINT('',(85.,84.,3.6));
#8281=CARTESIAN_POINT('',(85.,84.,3.6));
#8282=CARTESIAN_POINT('',(85.,84.,2.));
#8283=CARTESIAN_POINT('Origin',(85.,90.,2.));
#8284=CARTESIAN_POINT('',(85.,90.,3.6));
#8285=CARTESIAN_POINT('Origin',(85.45,87.,3.6));
#8286=CARTESIAN_POINT('',(85.9,104.1,3.6));
#8287=CARTESIAN_POINT('Origin',(85.9,36.,2.));
#8288=CARTESIAN_POINT('',(85.,36.,3.6));
#8289=CARTESIAN_POINT('',(85.,36.,2.));
#8290=CARTESIAN_POINT('',(85.9,36.,3.6));
#8291=CARTESIAN_POINT('',(85.9,36.,3.6));
#8292=CARTESIAN_POINT('',(85.9,36.,2.));
#8293=CARTESIAN_POINT('Origin',(85.,30.,2.));
#8294=CARTESIAN_POINT('',(85.9,30.,3.6));
#8295=CARTESIAN_POINT('',(85.9,30.,2.));
#8296=CARTESIAN_POINT('',(85.,30.,3.6));
#8297=CARTESIAN_POINT('',(85.,30.,3.6));
#8298=CARTESIAN_POINT('',(85.,30.,2.));
#8299=CARTESIAN_POINT('Origin',(85.,36.,2.));
#8300=CARTESIAN_POINT('',(85.,36.,3.6));
#8301=CARTESIAN_POINT('Origin',(85.45,33.,3.6));
#8302=CARTESIAN_POINT('',(85.9,77.1,3.6));
#8303=CARTESIAN_POINT('Origin',(-85.675,117.5,4.4));
#8304=CARTESIAN_POINT('',(-85.35,119.,4.4));
#8305=CARTESIAN_POINT('',(-86.,119.,4.4));
#8306=CARTESIAN_POINT('',(-85.35,116.,4.4));
#8307=CARTESIAN_POINT('',(-85.35,119.,4.4));
#8308=CARTESIAN_POINT('',(-85.35,116.,4.4));
#8309=CARTESIAN_POINT('Origin',(-85.35,119.,4.4));
#8310=CARTESIAN_POINT('',(-85.35,119.,5.4));
#8311=CARTESIAN_POINT('',(-86.,119.,5.4));
#8312=CARTESIAN_POINT('',(-85.35,119.,4.4));
#8313=CARTESIAN_POINT('Origin',(-85.35,116.,4.4));
#8314=CARTESIAN_POINT('',(-85.35,116.,5.4));
#8315=CARTESIAN_POINT('',(-85.35,119.,5.4));
#8316=CARTESIAN_POINT('',(-85.35,116.,4.4));
#8317=CARTESIAN_POINT('Origin',(-86.,116.,4.4));
#8318=CARTESIAN_POINT('',(-85.35,116.,5.4));
#8319=CARTESIAN_POINT('Origin',(-85.675,117.5,5.4));
#8320=CARTESIAN_POINT('Origin',(85.675,117.5,4.4));
#8321=CARTESIAN_POINT('',(85.9,116.,4.4));
#8322=CARTESIAN_POINT('',(85.9,119.,4.4));
#8323=CARTESIAN_POINT('',(85.9,119.35,4.4));
#8324=CARTESIAN_POINT('',(85.35,116.,4.4));
#8325=CARTESIAN_POINT('',(85.35,116.,4.4));
#8326=CARTESIAN_POINT('',(85.35,119.,4.4));
#8327=CARTESIAN_POINT('',(85.35,119.,4.4));
#8328=CARTESIAN_POINT('',(86.,119.,4.4));
#8329=CARTESIAN_POINT('Origin',(85.35,116.,4.4));
#8330=CARTESIAN_POINT('',(85.9,116.,5.4));
#8331=CARTESIAN_POINT('',(85.9,116.,3.2));
#8332=CARTESIAN_POINT('',(85.35,116.,5.4));
#8333=CARTESIAN_POINT('',(85.35,116.,5.4));
#8334=CARTESIAN_POINT('',(85.35,116.,4.4));
#8335=CARTESIAN_POINT('Origin',(86.,119.,4.4));
#8336=CARTESIAN_POINT('',(85.9,119.,5.4));
#8337=CARTESIAN_POINT('',(85.9,119.,3.2));
#8338=CARTESIAN_POINT('',(85.35,119.,5.4));
#8339=CARTESIAN_POINT('',(85.35,119.,4.4));
#8340=CARTESIAN_POINT('',(86.,119.,5.4));
#8341=CARTESIAN_POINT('Origin',(85.35,119.,4.4));
#8342=CARTESIAN_POINT('',(85.35,119.,5.4));
#8343=CARTESIAN_POINT('Origin',(85.675,117.5,5.4));
#8344=CARTESIAN_POINT('',(85.9,119.35,5.4));
#8345=CARTESIAN_POINT('Origin',(-80.,12.,3.6));
#8346=CARTESIAN_POINT('',(-83.55,12.,5.9));
#8347=CARTESIAN_POINT('',(-84.,12.,5.9));
#8348=CARTESIAN_POINT('',(-83.9375,12.,5.9));
#8349=CARTESIAN_POINT('',(-83.55,12.,4.75));
#8350=CARTESIAN_POINT('',(-80.,12.,3.6));
#8351=CARTESIAN_POINT('',(-80.,12.,3.6));
#8352=CARTESIAN_POINT('',(-84.,12.,3.6));
#8353=CARTESIAN_POINT('',(-84.,12.,3.6));
#8354=CARTESIAN_POINT('',(-84.,12.,3.6));
#8355=CARTESIAN_POINT('Origin',(-80.,10.5,3.6));
#8356=CARTESIAN_POINT('',(-80.,10.5,3.6));
#8357=CARTESIAN_POINT('',(-80.,12.,3.6));
#8358=CARTESIAN_POINT('',(-80.,10.5,3.6));
#8359=CARTESIAN_POINT('Origin',(-84.,10.5,3.6));
#8360=CARTESIAN_POINT('',(-84.,10.5,5.9));
#8361=CARTESIAN_POINT('',(-83.55,10.5,5.9));
#8362=CARTESIAN_POINT('',(-85.9375,10.5,5.9));
#8363=CARTESIAN_POINT('',(-84.,10.5,3.6));
#8364=CARTESIAN_POINT('',(-84.,10.5,3.6));
#8365=CARTESIAN_POINT('',(-80.,10.5,3.6));
#8366=CARTESIAN_POINT('',(-83.55,10.5,4.75));
#8367=CARTESIAN_POINT('Origin',(-84.,12.,3.6));
#8368=CARTESIAN_POINT('',(-84.,36.3,5.9));
#8369=CARTESIAN_POINT('',(-84.,10.5,3.6));
#8370=CARTESIAN_POINT('Origin',(-82.,11.25,3.6));
#8371=CARTESIAN_POINT('Origin',(-87.875,60.6,5.9));
#8372=CARTESIAN_POINT('',(-83.55,8.00000000000001,5.9));
#8373=CARTESIAN_POINT('',(-83.55,114.,5.9));
#8374=CARTESIAN_POINT('',(-85.75,8.,5.9));
#8375=CARTESIAN_POINT('',(-83.55,8.,5.9));
#8376=CARTESIAN_POINT('',(-85.75,0.,5.9));
#8377=CARTESIAN_POINT('',(-85.75,121.2,5.9));
#8378=CARTESIAN_POINT('',(-85.75,121.2,5.9));
#8379=CARTESIAN_POINT('',(-85.75,114.,5.9));
#8380=CARTESIAN_POINT('',(-85.75,0.,5.9));
#8381=CARTESIAN_POINT('',(-83.55,114.,5.9));
#8382=CARTESIAN_POINT('',(-85.75,114.,5.9));
#8383=CARTESIAN_POINT('',(-83.55,114.,5.9));
#8384=CARTESIAN_POINT('Origin',(-83.55,8.00000000000001,5.9));
#8385=CARTESIAN_POINT('',(-83.55,8.00000000000001,5.9));
#8386=CARTESIAN_POINT('Origin',(84.,10.5,3.6));
#8387=CARTESIAN_POINT('',(84.,10.5,5.9));
#8388=CARTESIAN_POINT('',(84.,12.,5.9));
#8389=CARTESIAN_POINT('',(84.,35.55,5.9));
#8390=CARTESIAN_POINT('',(84.,10.5,3.6));
#8391=CARTESIAN_POINT('',(84.,10.5,3.6));
#8392=CARTESIAN_POINT('',(84.,12.,3.6));
#8393=CARTESIAN_POINT('',(84.,10.5,3.6));
#8394=CARTESIAN_POINT('',(84.,12.,3.6));
#8395=CARTESIAN_POINT('Origin',(80.,10.5,3.6));
#8396=CARTESIAN_POINT('',(83.55,10.5,5.9));
#8397=CARTESIAN_POINT('',(83.9375,10.5,5.9));
#8398=CARTESIAN_POINT('',(83.55,10.5,4.75));
#8399=CARTESIAN_POINT('',(80.,10.5,3.6));
#8400=CARTESIAN_POINT('',(80.,10.5,3.6));
#8401=CARTESIAN_POINT('',(80.,10.5,3.6));
#8402=CARTESIAN_POINT('Origin',(84.,12.,3.6));
#8403=CARTESIAN_POINT('',(83.55,12.,5.9));
#8404=CARTESIAN_POINT('',(85.9375,12.,5.9));
#8405=CARTESIAN_POINT('',(80.,12.,3.6));
#8406=CARTESIAN_POINT('',(84.,12.,3.6));
#8407=CARTESIAN_POINT('',(80.,12.,3.6));
#8408=CARTESIAN_POINT('',(83.55,12.,4.75));
#8409=CARTESIAN_POINT('Origin',(80.,12.,3.6));
#8410=CARTESIAN_POINT('',(80.,12.,3.6));
#8411=CARTESIAN_POINT('Origin',(82.,11.25,3.6));
#8412=CARTESIAN_POINT('Origin',(83.55,114.,5.9));
#8413=CARTESIAN_POINT('',(83.55,8.00000000000001,5.9));
#8414=CARTESIAN_POINT('',(83.55,114.,5.9));
#8415=CARTESIAN_POINT('',(83.55,8.00000000000001,5.9));
#8416=CARTESIAN_POINT('Origin',(83.55,114.,5.9));
#8417=CARTESIAN_POINT('',(83.55,114.,5.9));
#8418=CARTESIAN_POINT('',(83.55,114.,5.9));
#8419=CARTESIAN_POINT('',(83.55,114.,5.9));
#8420=CARTESIAN_POINT('Origin',(-83.55,8.00000000000001,5.9));
#8421=CARTESIAN_POINT('',(-83.55,114.,5.9));
#8422=CARTESIAN_POINT('Origin',(-85.75,8.,5.9));
#8423=CARTESIAN_POINT('',(-85.75,8.,5.9));
#8424=CARTESIAN_POINT('Origin',(-83.55,114.,5.9));
#8425=CARTESIAN_POINT('',(-85.75,114.,5.9));
#8426=CARTESIAN_POINT('Origin',(-85.75,0.,5.9));
#8427=CARTESIAN_POINT('Origin',(-85.75,0.,5.9));
#8428=CARTESIAN_POINT('',(-85.75,121.2,5.9));
#8429=CARTESIAN_POINT('Origin',(85.75,114.,5.9));
#8430=CARTESIAN_POINT('',(85.75,114.,5.9));
#8431=CARTESIAN_POINT('',(85.75,114.,5.9));
#8432=CARTESIAN_POINT('',(85.75,114.,5.9));
#8433=CARTESIAN_POINT('Origin',(83.55,8.,5.9));
#8434=CARTESIAN_POINT('',(85.75,8.,5.9));
#8435=CARTESIAN_POINT('',(83.55,8.,5.9));
#8436=CARTESIAN_POINT('',(85.75,8.00000000000001,5.9));
#8437=CARTESIAN_POINT('Origin',(85.75,121.2,5.9));
#8438=CARTESIAN_POINT('',(85.75,121.2,5.9));
#8439=CARTESIAN_POINT('',(85.75,121.2,5.9));
#8440=CARTESIAN_POINT('',(85.75,121.2,5.9));
#8441=CARTESIAN_POINT('Origin',(85.75,121.2,5.9));
#8442=CARTESIAN_POINT('',(85.75,4.2,5.9));
#8443=CARTESIAN_POINT('',(85.75,121.2,5.9));
#8444=CARTESIAN_POINT('',(85.75,4.2,5.9));
#8445=CARTESIAN_POINT('Origin',(90.,0.,0.));
#8446=CARTESIAN_POINT('',(90.,121.2,0.));
#8447=CARTESIAN_POINT('',(90.,0.,0.));
#8448=CARTESIAN_POINT('',(90.,121.2,0.));
#8449=CARTESIAN_POINT('Origin',(87.875,60.6,5.9));
#8450=CARTESIAN_POINT('',(85.9,121.2,5.9));
#8451=CARTESIAN_POINT('',(90.,121.2,5.9));
#8452=CARTESIAN_POINT('',(85.9,4.2,5.9));
#8453=CARTESIAN_POINT('',(85.9,121.2,5.9));
#8454=CARTESIAN_POINT('',(90.,4.2,5.9));
#8455=CARTESIAN_POINT('Origin',(90.,4.2,2.));
#8456=CARTESIAN_POINT('',(85.9,4.2,2.));
#8457=CARTESIAN_POINT('Origin',(85.9,121.2,2.));
#8458=CARTESIAN_POINT('',(85.9,121.2,2.));
#8459=CARTESIAN_POINT('Origin',(80.8,13.9,0.));
#8460=CARTESIAN_POINT('',(80.8,13.9,0.));
#8461=CARTESIAN_POINT('',(-80.8,13.9,0.));
#8462=CARTESIAN_POINT('',(-80.8,13.9,0.));
#8463=CARTESIAN_POINT('',(-80.8,13.9,0.));
#8464=CARTESIAN_POINT('',(80.8,13.9,0.));
#8465=CARTESIAN_POINT('Origin',(80.8,111.5,0.));
#8466=CARTESIAN_POINT('',(80.8,111.5,0.));
#8467=CARTESIAN_POINT('',(80.8,13.9,0.));
#8468=CARTESIAN_POINT('',(80.8,111.5,0.));
#8469=CARTESIAN_POINT('Origin',(-80.8,111.5,0.));
#8470=CARTESIAN_POINT('',(-80.8,111.5,0.));
#8471=CARTESIAN_POINT('',(80.8,111.5,0.));
#8472=CARTESIAN_POINT('',(-80.8,111.5,0.));
#8473=CARTESIAN_POINT('Origin',(-80.8,13.9,0.));
#8474=CARTESIAN_POINT('',(-80.8,111.5,0.));
#8475=CARTESIAN_POINT('Origin',(90.,121.2,0.));
#8476=CARTESIAN_POINT('',(-90.,121.2,0.));
#8477=CARTESIAN_POINT('',(90.,121.2,0.));
#8478=CARTESIAN_POINT('',(-90.,121.2,0.));
#8479=CARTESIAN_POINT('Origin',(-90.,121.2,0.));
#8480=CARTESIAN_POINT('',(-90.,121.2,0.));
#8481=CARTESIAN_POINT('Origin',(0.,60.6,0.));
#8482=CARTESIAN_POINT('Origin',(-85.,-135.6,-0.2));
#8483=CARTESIAN_POINT('',(-85.,-135.6,0.));
#8484=CARTESIAN_POINT('',(-85.5,-135.6,0.));
#8485=CARTESIAN_POINT('',(-42.5,-135.6,0.));
#8486=CARTESIAN_POINT('',(-85.,-135.6,2.));
#8487=CARTESIAN_POINT('',(-85.,-135.6,-0.2));
#8488=CARTESIAN_POINT('',(-85.5,-135.6,2.));
#8489=CARTESIAN_POINT('',(-42.5,-135.6,2.));
#8490=CARTESIAN_POINT('',(-85.5,-135.6,-0.1));
#8491=CARTESIAN_POINT('Origin',(-85.,-138.6,-0.2));
#8492=CARTESIAN_POINT('',(-85.,-138.6,0.));
#8493=CARTESIAN_POINT('',(-85.,-112.45,0.));
#8494=CARTESIAN_POINT('',(-85.,-138.6,2.));
#8495=CARTESIAN_POINT('',(-85.,-138.6,-0.2));
#8496=CARTESIAN_POINT('',(-85.,-112.45,2.));
#8497=CARTESIAN_POINT('Origin',(-85.8,-138.6,-0.2));
#8498=CARTESIAN_POINT('',(-85.5,-138.6,0.));
#8499=CARTESIAN_POINT('',(-42.9,-138.6,0.));
#8500=CARTESIAN_POINT('',(-85.5,-138.6,2.));
#8501=CARTESIAN_POINT('',(-85.5,-138.6,-0.1));
#8502=CARTESIAN_POINT('',(-42.9,-138.6,2.));
#8503=CARTESIAN_POINT('Origin',(0.,-86.3,0.));
#8504=CARTESIAN_POINT('',(-85.5,-32.6,0.));
#8505=CARTESIAN_POINT('',(-85.5,-32.6,0.));
#8506=CARTESIAN_POINT('',(85.5,-32.6,0.));
#8507=CARTESIAN_POINT('',(85.5,-32.6,0.));
#8508=CARTESIAN_POINT('',(85.5,-135.6,0.));
#8509=CARTESIAN_POINT('',(85.5,-140.,0.));
#8510=CARTESIAN_POINT('',(85.,-135.6,0.));
#8511=CARTESIAN_POINT('',(42.9,-135.6,0.));
#8512=CARTESIAN_POINT('',(85.,-138.6,0.));
#8513=CARTESIAN_POINT('',(85.,-110.95,0.));
#8514=CARTESIAN_POINT('',(85.5,-138.6,0.));
#8515=CARTESIAN_POINT('',(42.5,-138.6,0.));
#8516=CARTESIAN_POINT('',(85.5,-140.,0.));
#8517=CARTESIAN_POINT('',(85.5,-140.,0.));
#8518=CARTESIAN_POINT('',(-85.5,-140.,0.));
#8519=CARTESIAN_POINT('',(-85.5,-140.,0.));
#8520=CARTESIAN_POINT('',(-85.5,-32.6,0.));
#8521=CARTESIAN_POINT('Origin',(-85.5,-32.6,0.));
#8522=CARTESIAN_POINT('',(-85.5,-32.6,2.));
#8523=CARTESIAN_POINT('',(-85.5,-32.6,2.));
#8524=CARTESIAN_POINT('',(-85.5,-32.6,0.));
#8525=CARTESIAN_POINT('Origin',(85.8,-135.6,-0.2));
#8526=CARTESIAN_POINT('',(85.,-135.6,2.));
#8527=CARTESIAN_POINT('',(85.5,-135.6,2.));
#8528=CARTESIAN_POINT('',(42.9,-135.6,2.));
#8529=CARTESIAN_POINT('',(85.,-135.6,-0.2));
#8530=CARTESIAN_POINT('',(85.5,-135.6,-0.1));
#8531=CARTESIAN_POINT('Origin',(85.,-138.6,-0.2));
#8532=CARTESIAN_POINT('',(85.5,-138.6,2.));
#8533=CARTESIAN_POINT('',(85.,-138.6,2.));
#8534=CARTESIAN_POINT('',(42.5,-138.6,2.));
#8535=CARTESIAN_POINT('',(85.5,-138.6,-0.1));
#8536=CARTESIAN_POINT('',(85.,-138.6,-0.2));
#8537=CARTESIAN_POINT('Origin',(85.,-135.6,-0.2));
#8538=CARTESIAN_POINT('',(85.,-110.95,2.));
#8539=CARTESIAN_POINT('Origin',(85.5,-140.,0.));
#8540=CARTESIAN_POINT('',(85.5,-140.,2.));
#8541=CARTESIAN_POINT('',(85.5,-140.,2.));
#8542=CARTESIAN_POINT('',(85.5,-140.,0.));
#8543=CARTESIAN_POINT('Origin',(85.5,-140.,0.));
#8544=CARTESIAN_POINT('',(85.5,-32.6,2.));
#8545=CARTESIAN_POINT('',(85.5,-32.6,0.));
#8546=CARTESIAN_POINT('',(85.5,-140.,2.));
#8547=CARTESIAN_POINT('Origin',(45.,-45.,2.));
#8548=CARTESIAN_POINT('',(42.,-45.,3.1));
#8549=CARTESIAN_POINT('Origin',(45.,-45.,3.1));
#8550=CARTESIAN_POINT('',(42.,-45.,2.));
#8551=CARTESIAN_POINT('',(42.,-45.,2.));
#8552=CARTESIAN_POINT('Origin',(45.,-45.,2.));
#8553=CARTESIAN_POINT('Origin',(45.,-45.,3.1));
#8554=CARTESIAN_POINT('Origin',(-45.,-45.,2.));
#8555=CARTESIAN_POINT('',(-48.,-45.,3.1));
#8556=CARTESIAN_POINT('Origin',(-45.,-45.,3.1));
#8557=CARTESIAN_POINT('',(-48.,-45.,2.));
#8558=CARTESIAN_POINT('',(-48.,-45.,2.));
#8559=CARTESIAN_POINT('Origin',(-45.,-45.,2.));
#8560=CARTESIAN_POINT('Origin',(-45.,-45.,3.1));
#8561=CARTESIAN_POINT('Origin',(70.,-88.,2.));
#8562=CARTESIAN_POINT('',(67.,-88.,3.1));
#8563=CARTESIAN_POINT('Origin',(70.,-88.,3.1));
#8564=CARTESIAN_POINT('',(67.,-88.,2.));
#8565=CARTESIAN_POINT('',(67.,-88.,2.));
#8566=CARTESIAN_POINT('Origin',(70.,-88.,2.));
#8567=CARTESIAN_POINT('Origin',(70.,-88.,3.1));
#8568=CARTESIAN_POINT('Origin',(-70.,-88.,2.));
#8569=CARTESIAN_POINT('',(-73.,-88.,3.1));
#8570=CARTESIAN_POINT('Origin',(-70.,-88.,3.1));
#8571=CARTESIAN_POINT('',(-73.,-88.,2.));
#8572=CARTESIAN_POINT('',(-73.,-88.,2.));
#8573=CARTESIAN_POINT('Origin',(-70.,-88.,2.));
#8574=CARTESIAN_POINT('Origin',(-70.,-88.,3.1));
#8575=CARTESIAN_POINT('Origin',(45.,-124.,2.));
#8576=CARTESIAN_POINT('',(42.,-124.,3.1));
#8577=CARTESIAN_POINT('Origin',(45.,-124.,3.1));
#8578=CARTESIAN_POINT('',(42.,-124.,2.));
#8579=CARTESIAN_POINT('',(42.,-124.,2.));
#8580=CARTESIAN_POINT('Origin',(45.,-124.,2.));
#8581=CARTESIAN_POINT('Origin',(45.,-124.,3.1));
#8582=CARTESIAN_POINT('Origin',(-45.,-124.,2.));
#8583=CARTESIAN_POINT('',(-48.,-124.,3.1));
#8584=CARTESIAN_POINT('Origin',(-45.,-124.,3.1));
#8585=CARTESIAN_POINT('',(-48.,-124.,2.));
#8586=CARTESIAN_POINT('',(-48.,-124.,2.));
#8587=CARTESIAN_POINT('Origin',(-45.,-124.,2.));
#8588=CARTESIAN_POINT('Origin',(-45.,-124.,3.1));
#8589=CARTESIAN_POINT('Origin',(85.5,-32.6,0.));
#8590=CARTESIAN_POINT('',(85.5,-32.6,2.));
#8591=CARTESIAN_POINT('Origin',(-85.5,-140.,0.));
#8592=CARTESIAN_POINT('',(-85.5,-140.,2.));
#8593=CARTESIAN_POINT('',(-85.5,-140.,2.));
#8594=CARTESIAN_POINT('',(-85.5,-140.,0.));
#8595=CARTESIAN_POINT('Origin',(-85.5,-32.6,0.));
#8596=CARTESIAN_POINT('',(-85.5,-32.6,2.));
#8597=CARTESIAN_POINT('Origin',(0.,-86.3,2.));
#8598=CARTESIAN_POINT('Origin',(52.7135061621666,175.499999642372,2.2));
#8599=CARTESIAN_POINT('',(52.7135061621666,183.499999761581,2.8));
#8600=CARTESIAN_POINT('',(52.7135061621666,175.499999642372,2.8));
#8601=CARTESIAN_POINT('',(52.7135061621666,177.149999821186,2.8));
#8602=CARTESIAN_POINT('',(52.7135061621666,183.499999761581,2.2));
#8603=CARTESIAN_POINT('',(52.7135061621666,183.499999761581,2.2));
#8604=CARTESIAN_POINT('',(52.7135061621666,175.499999642372,2.2));
#8605=CARTESIAN_POINT('',(52.7135061621666,183.499999761581,2.2));
#8606=CARTESIAN_POINT('',(52.7135061621666,175.499999642372,2.2));
#8607=CARTESIAN_POINT('Origin',(51.6548430323601,175.499999642372,2.2));
#8608=CARTESIAN_POINT('',(51.6548430323601,175.499999642372,2.8));
#8609=CARTESIAN_POINT('',(25.82742151618,175.499999642372,2.8));
#8610=CARTESIAN_POINT('',(51.6548430323601,175.499999642372,2.2));
#8611=CARTESIAN_POINT('',(52.7135061621666,175.499999642372,2.2));
#8612=CARTESIAN_POINT('',(51.6548430323601,175.499999642372,2.2));
#8613=CARTESIAN_POINT('Origin',(51.6548430323601,183.499999761581,2.2));
#8614=CARTESIAN_POINT('',(51.6548430323601,183.499999761581,2.8));
#8615=CARTESIAN_POINT('',(51.6548430323601,181.149999880791,2.8));
#8616=CARTESIAN_POINT('',(51.6548430323601,183.499999761581,2.2));
#8617=CARTESIAN_POINT('',(51.6548430323601,175.499999642372,2.2));
#8618=CARTESIAN_POINT('',(51.6548430323601,183.499999761581,2.2));
#8619=CARTESIAN_POINT('Origin',(52.7135061621666,183.499999761581,2.2));
#8620=CARTESIAN_POINT('',(26.3567530810833,183.499999761581,2.8));
#8621=CARTESIAN_POINT('',(51.6548430323601,183.499999761581,2.2));
#8622=CARTESIAN_POINT('Origin',(56.9999993741512,179.502728104591,2.2));
#8623=CARTESIAN_POINT('Origin',(60.1678037047386,181.060708880424,2.2));
#8624=CARTESIAN_POINT('',(61.2100946307182,181.306275248528,2.8));
#8625=CARTESIAN_POINT('',(60.1678037047386,181.060708880424,2.8));
#8626=CARTESIAN_POINT('',(31.4136867547796,174.286166484044,2.8));
#8627=CARTESIAN_POINT('',(61.2100946307182,181.306275248528,2.2));
#8628=CARTESIAN_POINT('',(61.2100946307182,181.306275248528,2.2));
#8629=CARTESIAN_POINT('',(60.1678037047386,181.060708880424,2.2));
#8630=CARTESIAN_POINT('',(61.2100946307182,181.306275248528,2.2));
#8631=CARTESIAN_POINT('',(60.1678037047386,181.060708880424,2.2));
#8632=CARTESIAN_POINT('Ctrl Pts',(59.3601643443108,182.332196354866,2.2));
#8633=CARTESIAN_POINT('Ctrl Pts',(59.3601643443108,182.332196354866,2.85));
#8634=CARTESIAN_POINT('Ctrl Pts',(59.5293713847888,182.168796518329,2.2));
#8635=CARTESIAN_POINT('Ctrl Pts',(59.5293713847888,182.168796518329,2.85));
#8636=CARTESIAN_POINT('Ctrl Pts',(59.8997345653383,181.811144242216,2.2));
#8637=CARTESIAN_POINT('Ctrl Pts',(59.8997345653383,181.811144242216,2.85));
#8638=CARTESIAN_POINT('Ctrl Pts',(60.0734521204467,181.324837625166,2.2));
#8639=CARTESIAN_POINT('Ctrl Pts',(60.0734521204467,181.324837625166,2.85));
#8640=CARTESIAN_POINT('Ctrl Pts',(60.1678037047386,181.060708880424,2.2));
#8641=CARTESIAN_POINT('Ctrl Pts',(60.1678037047386,181.060708880424,2.85));
#8642=CARTESIAN_POINT('',(59.3601643443108,182.332196354866,2.8));
#8643=CARTESIAN_POINT('Ctrl Pts',(60.1678037047386,181.060708880424,2.8));
#8644=CARTESIAN_POINT('Ctrl Pts',(60.0734521204467,181.324837625166,2.8));
#8645=CARTESIAN_POINT('Ctrl Pts',(59.9791005361548,181.588966369907,2.8));
#8646=CARTESIAN_POINT('Ctrl Pts',(59.8267399668694,181.815143048763,2.8));
#8647=CARTESIAN_POINT('Ctrl Pts',(59.6985784252669,182.005396681791,2.8));
#8648=CARTESIAN_POINT('Ctrl Pts',(59.5293713847888,182.168796518329,2.8));
#8649=CARTESIAN_POINT('Ctrl Pts',(59.3601643443108,182.332196354866,2.8));
#8650=CARTESIAN_POINT('',(59.3601643443108,182.332196354866,2.2));
#8651=CARTESIAN_POINT('Ctrl Pts',(60.1678037047386,181.060708880424,2.2));
#8652=CARTESIAN_POINT('Ctrl Pts',(60.0734521204467,181.324837625166,2.2));
#8653=CARTESIAN_POINT('Ctrl Pts',(59.8997345653383,181.811144242216,2.2));
#8654=CARTESIAN_POINT('Ctrl Pts',(59.5293713847888,182.168796518329,2.2));
#8655=CARTESIAN_POINT('Ctrl Pts',(59.3601643443108,182.332196354866,2.2));
#8656=CARTESIAN_POINT('',(59.3601643443108,182.332196354866,2.2));
#8657=CARTESIAN_POINT('Ctrl Pts',(58.0286490321159,182.730559229851,2.2));
#8658=CARTESIAN_POINT('Ctrl Pts',(58.0286490321159,182.730559229851,2.85));
#8659=CARTESIAN_POINT('Ctrl Pts',(58.2795692528713,182.717662463422,2.2));
#8660=CARTESIAN_POINT('Ctrl Pts',(58.2795692528713,182.717662463422,2.85));
#8661=CARTESIAN_POINT('Ctrl Pts',(58.7568077501327,182.693133418249,2.2));
#8662=CARTESIAN_POINT('Ctrl Pts',(58.7568077501327,182.693133418249,2.85));
#8663=CARTESIAN_POINT('Ctrl Pts',(59.166078195752,182.448301631878,2.2));
#8664=CARTESIAN_POINT('Ctrl Pts',(59.166078195752,182.448301631878,2.85));
#8665=CARTESIAN_POINT('Ctrl Pts',(59.3601643443108,182.332196354866,2.2));
#8666=CARTESIAN_POINT('Ctrl Pts',(59.3601643443108,182.332196354866,2.85));
#8667=CARTESIAN_POINT('',(58.0286490321159,182.730559229851,2.8));
#8668=CARTESIAN_POINT('Ctrl Pts',(59.3601643443108,182.332196354866,2.8));
#8669=CARTESIAN_POINT('Ctrl Pts',(59.166078195752,182.448301631878,2.8));
#8670=CARTESIAN_POINT('Ctrl Pts',(58.9719920471934,182.56440690889,2.8));
#8671=CARTESIAN_POINT('Ctrl Pts',(58.7626206278801,182.630968511105,2.8));
#8672=CARTESIAN_POINT('Ctrl Pts',(58.5304894736267,182.704765696994,2.8));
#8673=CARTESIAN_POINT('Ctrl Pts',(58.2795692528713,182.717662463422,2.8));
#8674=CARTESIAN_POINT('Ctrl Pts',(58.0286490321159,182.730559229851,2.8));
#8675=CARTESIAN_POINT('',(58.0286490321159,182.730559229851,2.2));
#8676=CARTESIAN_POINT('Ctrl Pts',(59.3601643443108,182.332196354866,2.2));
#8677=CARTESIAN_POINT('Ctrl Pts',(59.166078195752,182.448301631878,2.2));
#8678=CARTESIAN_POINT('Ctrl Pts',(58.7568077501327,182.693133418249,2.2));
#8679=CARTESIAN_POINT('Ctrl Pts',(58.2795692528713,182.717662463422,2.2));
#8680=CARTESIAN_POINT('Ctrl Pts',(58.0286490321159,182.730559229851,2.2));
#8681=CARTESIAN_POINT('',(58.0286490321159,182.730559229851,2.2));
#8682=CARTESIAN_POINT('Ctrl Pts',(56.4870392680168,182.288540124893,2.2));
#8683=CARTESIAN_POINT('Ctrl Pts',(56.4870392680168,182.288540124893,2.85));
#8684=CARTESIAN_POINT('Ctrl Pts',(56.7133184391039,182.417369565513,2.2));
#8685=CARTESIAN_POINT('Ctrl Pts',(56.7133184391039,182.417369565513,2.85));
#8686=CARTESIAN_POINT('Ctrl Pts',(57.1904432685455,182.689015093412,2.2));
#8687=CARTESIAN_POINT('Ctrl Pts',(57.1904432685455,182.689015093412,2.85));
#8688=CARTESIAN_POINT('Ctrl Pts',(57.7398182620171,182.716243860711,2.2));
#8689=CARTESIAN_POINT('Ctrl Pts',(57.7398182620171,182.716243860711,2.85));
#8690=CARTESIAN_POINT('Ctrl Pts',(58.0286490321159,182.730559229851,2.2));
#8691=CARTESIAN_POINT('Ctrl Pts',(58.0286490321159,182.730559229851,2.85));
#8692=CARTESIAN_POINT('',(56.4870392680168,182.288540124893,2.8));
#8693=CARTESIAN_POINT('Ctrl Pts',(58.0286490321159,182.730559229851,2.8));
#8694=CARTESIAN_POINT('Ctrl Pts',(57.7398182620171,182.716243860711,2.8));
#8695=CARTESIAN_POINT('Ctrl Pts',(57.4509874919183,182.701928491571,2.8));
#8696=CARTESIAN_POINT('Ctrl Pts',(57.1821271777153,182.620054602623,2.8));
#8697=CARTESIAN_POINT('Ctrl Pts',(56.939597610191,182.546199006132,2.8));
#8698=CARTESIAN_POINT('Ctrl Pts',(56.7133184391039,182.417369565513,2.8));
#8699=CARTESIAN_POINT('Ctrl Pts',(56.4870392680168,182.288540124893,2.8));
#8700=CARTESIAN_POINT('',(56.4870392680168,182.288540124893,2.2));
#8701=CARTESIAN_POINT('Ctrl Pts',(58.0286490321159,182.730559229851,2.2));
#8702=CARTESIAN_POINT('Ctrl Pts',(57.7398182620171,182.716243860711,2.2));
#8703=CARTESIAN_POINT('Ctrl Pts',(57.1904432685455,182.689015093412,2.2));
#8704=CARTESIAN_POINT('Ctrl Pts',(56.7133184391039,182.417369565513,2.2));
#8705=CARTESIAN_POINT('Ctrl Pts',(56.4870392680168,182.288540124893,2.2));
#8706=CARTESIAN_POINT('',(56.4870392680168,182.288540124893,2.2));
#8707=CARTESIAN_POINT('Ctrl Pts',(55.6166445612907,181.101637005806,2.2));
#8708=CARTESIAN_POINT('Ctrl Pts',(55.6166445612907,181.101637005806,2.85));
#8709=CARTESIAN_POINT('Ctrl Pts',(55.7147510350696,181.336655096711,2.2));
#8710=CARTESIAN_POINT('Ctrl Pts',(55.7147510350696,181.336655096711,2.85));
#8711=CARTESIAN_POINT('Ctrl Pts',(55.9092636618409,181.802618090179,2.2));
#8712=CARTESIAN_POINT('Ctrl Pts',(55.9092636618409,181.802618090179,2.85));
#8713=CARTESIAN_POINT('Ctrl Pts',(56.2955730329063,182.127512796032,2.2));
#8714=CARTESIAN_POINT('Ctrl Pts',(56.2955730329063,182.127512796032,2.85));
#8715=CARTESIAN_POINT('Ctrl Pts',(56.4870392680168,182.288540124893,2.2));
#8716=CARTESIAN_POINT('Ctrl Pts',(56.4870392680168,182.288540124893,2.85));
#8717=CARTESIAN_POINT('',(55.6166445612907,181.101637005806,2.8));
#8718=CARTESIAN_POINT('Ctrl Pts',(56.4870392680168,182.288540124893,2.8));
#8719=CARTESIAN_POINT('Ctrl Pts',(56.2955730329063,182.127512796032,2.8));
#8720=CARTESIAN_POINT('Ctrl Pts',(56.1041067977959,181.96648546717,2.8));
#8721=CARTESIAN_POINT('Ctrl Pts',(55.9597551226616,181.770804941654,2.8));
#8722=CARTESIAN_POINT('Ctrl Pts',(55.8128575088484,181.571673187615,2.8));
#8723=CARTESIAN_POINT('Ctrl Pts',(55.7147510350696,181.336655096711,2.8));
#8724=CARTESIAN_POINT('Ctrl Pts',(55.6166445612907,181.101637005806,2.8));
#8725=CARTESIAN_POINT('',(55.6166445612907,181.101637005806,2.2));
#8726=CARTESIAN_POINT('Ctrl Pts',(56.4870392680168,182.288540124893,2.2));
#8727=CARTESIAN_POINT('Ctrl Pts',(56.2955730329063,182.127512796032,2.2));
#8728=CARTESIAN_POINT('Ctrl Pts',(55.9092636618409,181.802618090179,2.2));
#8729=CARTESIAN_POINT('Ctrl Pts',(55.7147510350696,181.336655096711,2.2));
#8730=CARTESIAN_POINT('Ctrl Pts',(55.6166445612907,181.101637005806,2.2));
#8731=CARTESIAN_POINT('',(55.6166445612907,181.101637005806,2.2));
#8732=CARTESIAN_POINT('Ctrl Pts',(55.3656207919121,179.565484046936,2.2));
#8733=CARTESIAN_POINT('Ctrl Pts',(55.3656207919121,179.565484046936,2.85));
#8734=CARTESIAN_POINT('Ctrl Pts',(55.3760095704977,179.827097024319,2.2));
#8735=CARTESIAN_POINT('Ctrl Pts',(55.3760095704977,179.827097024319,2.85));
#8736=CARTESIAN_POINT('Ctrl Pts',(55.3967520930654,180.349440728411,2.2));
#8737=CARTESIAN_POINT('Ctrl Pts',(55.3967520930654,180.349440728411,2.85));
#8738=CARTESIAN_POINT('Ctrl Pts',(55.5434296524863,180.85118740061,2.2));
#8739=CARTESIAN_POINT('Ctrl Pts',(55.5434296524863,180.85118740061,2.85));
#8740=CARTESIAN_POINT('Ctrl Pts',(55.6166445612907,181.101637005806,2.2));
#8741=CARTESIAN_POINT('Ctrl Pts',(55.6166445612907,181.101637005806,2.85));
#8742=CARTESIAN_POINT('',(55.3656207919121,179.565484046936,2.8));
#8743=CARTESIAN_POINT('Ctrl Pts',(55.6166445612907,181.101637005806,2.8));
#8744=CARTESIAN_POINT('Ctrl Pts',(55.5434296524863,180.85118740061,2.8));
#8745=CARTESIAN_POINT('Ctrl Pts',(55.4702147436818,180.600737795414,2.8));
#8746=CARTESIAN_POINT('Ctrl Pts',(55.4283773303032,180.345156311989,2.8));
#8747=CARTESIAN_POINT('Ctrl Pts',(55.3863983490832,180.088710001702,2.8));
#8748=CARTESIAN_POINT('Ctrl Pts',(55.3760095704977,179.827097024319,2.8));
#8749=CARTESIAN_POINT('Ctrl Pts',(55.3656207919121,179.565484046936,2.8));
#8750=CARTESIAN_POINT('',(55.3656207919121,179.565484046936,2.2));
#8751=CARTESIAN_POINT('Ctrl Pts',(55.6166445612907,181.101637005806,2.2));
#8752=CARTESIAN_POINT('Ctrl Pts',(55.5434296524863,180.85118740061,2.2));
#8753=CARTESIAN_POINT('Ctrl Pts',(55.3967520930654,180.349440728411,2.2));
#8754=CARTESIAN_POINT('Ctrl Pts',(55.3760095704977,179.827097024319,2.2));
#8755=CARTESIAN_POINT('Ctrl Pts',(55.3656207919121,179.565484046936,2.2));
#8756=CARTESIAN_POINT('',(55.3656207919121,179.565484046936,2.2));
#8757=CARTESIAN_POINT('Ctrl Pts',(55.6630288958549,177.783764719963,2.2));
#8758=CARTESIAN_POINT('Ctrl Pts',(55.6630288958549,177.783764719963,2.85));
#8759=CARTESIAN_POINT('Ctrl Pts',(55.576360327257,178.056994347791,2.2));
#8760=CARTESIAN_POINT('Ctrl Pts',(55.576360327257,178.056994347791,2.85));
#8761=CARTESIAN_POINT('Ctrl Pts',(55.3925997654036,178.636314287384,2.2));
#8762=CARTESIAN_POINT('Ctrl Pts',(55.3925997654036,178.636314287384,2.85));
#8763=CARTESIAN_POINT('Ctrl Pts',(55.3749475445609,179.244265876097,2.2));
#8764=CARTESIAN_POINT('Ctrl Pts',(55.3749475445609,179.244265876097,2.85));
#8765=CARTESIAN_POINT('Ctrl Pts',(55.3656207919121,179.565484046936,2.2));
#8766=CARTESIAN_POINT('Ctrl Pts',(55.3656207919121,179.565484046936,2.85));
#8767=CARTESIAN_POINT('',(55.6630288958549,177.783764719963,2.8));
#8768=CARTESIAN_POINT('Ctrl Pts',(55.3656207919121,179.565484046936,2.8));
#8769=CARTESIAN_POINT('Ctrl Pts',(55.3749475445609,179.244265876097,2.8));
#8770=CARTESIAN_POINT('Ctrl Pts',(55.3842742972097,178.923047705257,2.8));
#8771=CARTESIAN_POINT('Ctrl Pts',(55.4399728178978,178.609822511673,2.8));
#8772=CARTESIAN_POINT('Ctrl Pts',(55.4896917586591,178.330223975619,2.8));
#8773=CARTESIAN_POINT('Ctrl Pts',(55.576360327257,178.056994347791,2.8));
#8774=CARTESIAN_POINT('Ctrl Pts',(55.6630288958549,177.783764719963,2.8));
#8775=CARTESIAN_POINT('',(55.6630288958549,177.783764719963,2.2));
#8776=CARTESIAN_POINT('Ctrl Pts',(55.3656207919121,179.565484046936,2.2));
#8777=CARTESIAN_POINT('Ctrl Pts',(55.3749475445609,179.244265876097,2.2));
#8778=CARTESIAN_POINT('Ctrl Pts',(55.3925997654036,178.636314287384,2.2));
#8779=CARTESIAN_POINT('Ctrl Pts',(55.576360327257,178.056994347791,2.2));
#8780=CARTESIAN_POINT('Ctrl Pts',(55.6630288958549,177.783764719963,2.2));
#8781=CARTESIAN_POINT('',(55.6630288958549,177.783764719963,2.2));
#8782=CARTESIAN_POINT('Ctrl Pts',(56.5879952311516,176.645975232124,2.2));
#8783=CARTESIAN_POINT('Ctrl Pts',(56.5879952311516,176.645975232124,2.85));
#8784=CARTESIAN_POINT('Ctrl Pts',(56.3911930527097,176.791119393506,2.2));
#8785=CARTESIAN_POINT('Ctrl Pts',(56.3911930527097,176.791119393506,2.85));
#8786=CARTESIAN_POINT('Ctrl Pts',(55.9854522215926,177.090358523565,2.2));
#8787=CARTESIAN_POINT('Ctrl Pts',(55.9854522215926,177.090358523565,2.85));
#8788=CARTESIAN_POINT('Ctrl Pts',(55.7726253555498,177.548065692662,2.2));
#8789=CARTESIAN_POINT('Ctrl Pts',(55.7726253555498,177.548065692662,2.85));
#8790=CARTESIAN_POINT('Ctrl Pts',(55.6630288958549,177.783764719963,2.2));
#8791=CARTESIAN_POINT('Ctrl Pts',(55.6630288958549,177.783764719963,2.85));
#8792=CARTESIAN_POINT('',(56.5879952311516,176.645975232124,2.8));
#8793=CARTESIAN_POINT('Ctrl Pts',(55.6630288958549,177.783764719963,2.8));
#8794=CARTESIAN_POINT('Ctrl Pts',(55.7726253555498,177.548065692662,2.8));
#8795=CARTESIAN_POINT('Ctrl Pts',(55.8822218152447,177.31236666536,2.8));
#8796=CARTESIAN_POINT('Ctrl Pts',(56.042975127697,177.118690133095,2.8));
#8797=CARTESIAN_POINT('Ctrl Pts',(56.1943908742679,176.936263554887,2.8));
#8798=CARTESIAN_POINT('Ctrl Pts',(56.3911930527097,176.791119393506,2.8));
#8799=CARTESIAN_POINT('Ctrl Pts',(56.5879952311516,176.645975232124,2.8));
#8800=CARTESIAN_POINT('',(56.5879952311516,176.645975232124,2.2));
#8801=CARTESIAN_POINT('Ctrl Pts',(55.6630288958549,177.783764719963,2.2));
#8802=CARTESIAN_POINT('Ctrl Pts',(55.7726253555498,177.548065692662,2.2));
#8803=CARTESIAN_POINT('Ctrl Pts',(55.9854522215926,177.090358523565,2.2));
#8804=CARTESIAN_POINT('Ctrl Pts',(56.3911930527097,176.791119393506,2.2));
#8805=CARTESIAN_POINT('Ctrl Pts',(56.5879952311516,176.645975232124,2.2));
#8806=CARTESIAN_POINT('',(56.5879952311516,176.645975232124,2.2));
#8807=CARTESIAN_POINT('Ctrl Pts',(57.9467939734459,176.269440770149,2.2));
#8808=CARTESIAN_POINT('Ctrl Pts',(57.9467939734459,176.269440770149,2.85));
#8809=CARTESIAN_POINT('Ctrl Pts',(57.7073438247001,176.285143483678,2.2));
#8810=CARTESIAN_POINT('Ctrl Pts',(57.7073438247001,176.285143483678,2.85));
#8811=CARTESIAN_POINT('Ctrl Pts',(57.2283383300386,176.316555809378,2.2));
#8812=CARTESIAN_POINT('Ctrl Pts',(57.2283383300386,176.316555809378,2.85));
#8813=CARTESIAN_POINT('Ctrl Pts',(56.801474179483,176.536152682229,2.2));
#8814=CARTESIAN_POINT('Ctrl Pts',(56.801474179483,176.536152682229,2.85));
#8815=CARTESIAN_POINT('Ctrl Pts',(56.5879952311516,176.645975232124,2.2));
#8816=CARTESIAN_POINT('Ctrl Pts',(56.5879952311516,176.645975232124,2.85));
#8817=CARTESIAN_POINT('',(57.9467939734459,176.269440770149,2.8));
#8818=CARTESIAN_POINT('Ctrl Pts',(56.5879952311516,176.645975232124,2.8));
#8819=CARTESIAN_POINT('Ctrl Pts',(56.801474179483,176.536152682229,2.8));
#8820=CARTESIAN_POINT('Ctrl Pts',(57.0149531278145,176.426330132333,2.8));
#8821=CARTESIAN_POINT('Ctrl Pts',(57.2414731383324,176.363574385643,2.8));
#8822=CARTESIAN_POINT('Ctrl Pts',(57.4678936759542,176.300846197206,2.8));
#8823=CARTESIAN_POINT('Ctrl Pts',(57.7073438247001,176.285143483678,2.8));
#8824=CARTESIAN_POINT('Ctrl Pts',(57.9467939734459,176.269440770149,2.8));
#8825=CARTESIAN_POINT('',(57.9467939734459,176.269440770149,2.2));
#8826=CARTESIAN_POINT('Ctrl Pts',(56.5879952311516,176.645975232124,2.2));
#8827=CARTESIAN_POINT('Ctrl Pts',(56.801474179483,176.536152682229,2.2));
#8828=CARTESIAN_POINT('Ctrl Pts',(57.2283383300386,176.316555809378,2.2));
#8829=CARTESIAN_POINT('Ctrl Pts',(57.7073438247001,176.285143483678,2.2));
#8830=CARTESIAN_POINT('Ctrl Pts',(57.9467939734459,176.269440770149,2.2));
#8831=CARTESIAN_POINT('',(57.9467939734459,176.269440770149,2.2));
#8832=CARTESIAN_POINT('Ctrl Pts',(59.4529330134392,176.782400727272,2.2));
#8833=CARTESIAN_POINT('Ctrl Pts',(59.4529330134392,176.782400727272,2.85));
#8834=CARTESIAN_POINT('Ctrl Pts',(59.2320368697158,176.632820936857,2.2));
#8835=CARTESIAN_POINT('Ctrl Pts',(59.2320368697158,176.632820936857,2.85));
#8836=CARTESIAN_POINT('Ctrl Pts',(58.7773888885857,176.324956124987,2.2));
#8837=CARTESIAN_POINT('Ctrl Pts',(58.7773888885857,176.324956124987,2.85));
#8838=CARTESIAN_POINT('Ctrl Pts',(58.2288293289567,176.288291466864,2.2));
#8839=CARTESIAN_POINT('Ctrl Pts',(58.2288293289567,176.288291466864,2.85));
#8840=CARTESIAN_POINT('Ctrl Pts',(57.9467939734459,176.269440770149,2.2));
#8841=CARTESIAN_POINT('Ctrl Pts',(57.9467939734459,176.269440770149,2.85));
#8842=CARTESIAN_POINT('',(59.4529330134392,176.782400727272,2.8));
#8843=CARTESIAN_POINT('Ctrl Pts',(57.9467939734459,176.269440770149,2.8));
#8844=CARTESIAN_POINT('Ctrl Pts',(58.2288293289567,176.288291466864,2.8));
#8845=CARTESIAN_POINT('Ctrl Pts',(58.5108646844675,176.307142163578,2.8));
#8846=CARTESIAN_POINT('Ctrl Pts',(58.7680756449699,176.397681355476,2.8));
#8847=CARTESIAN_POINT('Ctrl Pts',(59.0111407259924,176.483241146441,2.8));
#8848=CARTESIAN_POINT('Ctrl Pts',(59.2320368697158,176.632820936857,2.8));
#8849=CARTESIAN_POINT('Ctrl Pts',(59.4529330134392,176.782400727272,2.8));
#8850=CARTESIAN_POINT('',(59.4529330134392,176.782400727272,2.2));
#8851=CARTESIAN_POINT('Ctrl Pts',(57.9467939734459,176.269440770149,2.2));
#8852=CARTESIAN_POINT('Ctrl Pts',(58.2288293289567,176.288291466864,2.2));
#8853=CARTESIAN_POINT('Ctrl Pts',(58.7773888885857,176.324956124987,2.2));
#8854=CARTESIAN_POINT('Ctrl Pts',(59.2320368697158,176.632820936857,2.2));
#8855=CARTESIAN_POINT('Ctrl Pts',(59.4529330134392,176.782400727272,2.2));
#8856=CARTESIAN_POINT('',(59.4529330134392,176.782400727272,2.2));
#8857=CARTESIAN_POINT('Ctrl Pts',(60.2878581881523,178.304910778999,2.2));
#8858=CARTESIAN_POINT('Ctrl Pts',(60.2878581881523,178.304910778999,2.85));
#8859=CARTESIAN_POINT('Ctrl Pts',(60.20637611614,177.995982854907,2.2));
#8860=CARTESIAN_POINT('Ctrl Pts',(60.20637611614,177.995982854907,2.85));
#8861=CARTESIAN_POINT('Ctrl Pts',(60.053824400409,177.417604277957,2.2));
#8862=CARTESIAN_POINT('Ctrl Pts',(60.053824400409,177.417604277957,2.85));
#8863=CARTESIAN_POINT('Ctrl Pts',(59.6439037547436,176.984276300102,2.2));
#8864=CARTESIAN_POINT('Ctrl Pts',(59.6439037547436,176.984276300102,2.85));
#8865=CARTESIAN_POINT('Ctrl Pts',(59.4529330134392,176.782400727272,2.2));
#8866=CARTESIAN_POINT('Ctrl Pts',(59.4529330134392,176.782400727272,2.85));
#8867=CARTESIAN_POINT('',(60.2878581881523,178.304910778999,2.8));
#8868=CARTESIAN_POINT('Ctrl Pts',(59.4529330134392,176.782400727272,2.8));
#8869=CARTESIAN_POINT('Ctrl Pts',(59.6439037547436,176.984276300102,2.8));
#8870=CARTESIAN_POINT('Ctrl Pts',(59.8348744960479,177.186151872933,2.8));
#8871=CARTESIAN_POINT('Ctrl Pts',(59.9699866175652,177.419508814812,2.8));
#8872=CARTESIAN_POINT('Ctrl Pts',(60.1248940441278,177.687054930815,2.8));
#8873=CARTESIAN_POINT('Ctrl Pts',(60.20637611614,177.995982854907,2.8));
#8874=CARTESIAN_POINT('Ctrl Pts',(60.2878581881523,178.304910778999,2.8));
#8875=CARTESIAN_POINT('',(60.2878581881523,178.304910778999,2.2));
#8876=CARTESIAN_POINT('Ctrl Pts',(59.4529330134392,176.782400727272,2.2));
#8877=CARTESIAN_POINT('Ctrl Pts',(59.6439037547436,176.984276300102,2.2));
#8878=CARTESIAN_POINT('Ctrl Pts',(60.053824400409,177.417604277957,2.2));
#8879=CARTESIAN_POINT('Ctrl Pts',(60.20637611614,177.995982854907,2.2));
#8880=CARTESIAN_POINT('Ctrl Pts',(60.2878581881523,178.304910778999,2.2));
#8881=CARTESIAN_POINT('',(60.2878581881523,178.304910778999,2.2));
#8882=CARTESIAN_POINT('Origin',(61.3465213179588,178.037516593933,2.2));
#8883=CARTESIAN_POINT('',(61.3465213179588,178.037516593933,2.8));
#8884=CARTESIAN_POINT('',(32.4222018698368,185.343140649093,2.8));
#8885=CARTESIAN_POINT('',(61.3465213179588,178.037516593933,2.2));
#8886=CARTESIAN_POINT('',(60.2878581881523,178.304910778999,2.2));
#8887=CARTESIAN_POINT('',(61.3465213179588,178.037516593933,2.2));
#8888=CARTESIAN_POINT('Ctrl Pts',(60.1487039923668,176.048430323601,2.2));
#8889=CARTESIAN_POINT('Ctrl Pts',(60.1487039923668,176.048430323601,2.85));
#8890=CARTESIAN_POINT('Ctrl Pts',(60.417400007767,176.313138916004,2.2));
#8891=CARTESIAN_POINT('Ctrl Pts',(60.417400007767,176.313138916004,2.85));
#8892=CARTESIAN_POINT('Ctrl Pts',(60.985258817662,176.872570755837,2.2));
#8893=CARTESIAN_POINT('Ctrl Pts',(60.985258817662,176.872570755837,2.85));
#8894=CARTESIAN_POINT('Ctrl Pts',(61.2218689464519,177.635556076923,2.2));
#8895=CARTESIAN_POINT('Ctrl Pts',(61.2218689464519,177.635556076923,2.85));
#8896=CARTESIAN_POINT('Ctrl Pts',(61.3465213179588,178.037516593933,2.2));
#8897=CARTESIAN_POINT('Ctrl Pts',(61.3465213179588,178.037516593933,2.85));
#8898=CARTESIAN_POINT('',(60.1487039923668,176.048430323601,2.8));
#8899=CARTESIAN_POINT('Ctrl Pts',(61.3465213179588,178.037516593933,2.8));
#8900=CARTESIAN_POINT('Ctrl Pts',(61.2218689464519,177.635556076923,2.8));
#8901=CARTESIAN_POINT('Ctrl Pts',(61.0972165749449,177.233595559912,2.8));
#8902=CARTESIAN_POINT('Ctrl Pts',(60.8806275725365,176.888130426407,2.8));
#8903=CARTESIAN_POINT('Ctrl Pts',(60.6860960231673,176.577847508408,2.8));
#8904=CARTESIAN_POINT('Ctrl Pts',(60.417400007767,176.313138916004,2.8));
#8905=CARTESIAN_POINT('Ctrl Pts',(60.1487039923668,176.048430323601,2.8));
#8906=CARTESIAN_POINT('',(60.1487039923668,176.048430323601,2.2));
#8907=CARTESIAN_POINT('Ctrl Pts',(61.3465213179588,178.037516593933,2.2));
#8908=CARTESIAN_POINT('Ctrl Pts',(61.2218689464519,177.635556076923,2.2));
#8909=CARTESIAN_POINT('Ctrl Pts',(60.985258817662,176.872570755837,2.2));
#8910=CARTESIAN_POINT('Ctrl Pts',(60.417400007767,176.313138916004,2.2));
#8911=CARTESIAN_POINT('Ctrl Pts',(60.1487039923668,176.048430323601,2.2));
#8912=CARTESIAN_POINT('',(60.1487039923668,176.048430323601,2.2));
#8913=CARTESIAN_POINT('Ctrl Pts',(58.0341064333916,175.363574147224,2.2));
#8914=CARTESIAN_POINT('Ctrl Pts',(58.0341064333916,175.363574147224,2.85));
#8915=CARTESIAN_POINT('Ctrl Pts',(58.4293700321748,175.388043492426,2.2));
#8916=CARTESIAN_POINT('Ctrl Pts',(58.4293700321748,175.388043492426,2.85));
#8917=CARTESIAN_POINT('Ctrl Pts',(59.1940158055152,175.435379957111,2.2));
#8918=CARTESIAN_POINT('Ctrl Pts',(59.1940158055152,175.435379957111,2.85));
#8919=CARTESIAN_POINT('Ctrl Pts',(59.8377374071631,175.848743994964,2.2));
#8920=CARTESIAN_POINT('Ctrl Pts',(59.8377374071631,175.848743994964,2.85));
#8921=CARTESIAN_POINT('Ctrl Pts',(60.1487039923668,176.048430323601,2.2));
#8922=CARTESIAN_POINT('Ctrl Pts',(60.1487039923668,176.048430323601,2.85));
#8923=CARTESIAN_POINT('',(58.0341064333916,175.363574147224,2.8));
#8924=CARTESIAN_POINT('Ctrl Pts',(60.1487039923668,176.048430323601,2.8));
#8925=CARTESIAN_POINT('Ctrl Pts',(59.8377374071631,175.848743994964,2.8));
#8926=CARTESIAN_POINT('Ctrl Pts',(59.5267708219594,175.649057666327,2.8));
#8927=CARTESIAN_POINT('Ctrl Pts',(59.1875850558281,175.534788489342,2.8));
#8928=CARTESIAN_POINT('Ctrl Pts',(58.8246336309581,175.412512837628,2.8));
#8929=CARTESIAN_POINT('Ctrl Pts',(58.4293700321748,175.388043492426,2.8));
#8930=CARTESIAN_POINT('Ctrl Pts',(58.0341064333916,175.363574147224,2.8));
#8931=CARTESIAN_POINT('',(58.0341064333916,175.363574147224,2.2));
#8932=CARTESIAN_POINT('Ctrl Pts',(60.1487039923668,176.048430323601,2.2));
#8933=CARTESIAN_POINT('Ctrl Pts',(59.8377374071631,175.848743994964,2.2));
#8934=CARTESIAN_POINT('Ctrl Pts',(59.1940158055152,175.435379957111,2.2));
#8935=CARTESIAN_POINT('Ctrl Pts',(58.4293700321748,175.388043492426,2.2));
#8936=CARTESIAN_POINT('Ctrl Pts',(58.0341064333916,175.363574147224,2.2));
#8937=CARTESIAN_POINT('',(58.0341064333916,175.363574147224,2.2));
#8938=CARTESIAN_POINT('Ctrl Pts',(55.9304224848747,175.890176415443,2.2));
#8939=CARTESIAN_POINT('Ctrl Pts',(55.9304224848747,175.890176415443,2.85));
#8940=CARTESIAN_POINT('Ctrl Pts',(56.2350996965016,175.736825415373,2.2));
#8941=CARTESIAN_POINT('Ctrl Pts',(56.2350996965016,175.736825415373,2.85));
#8942=CARTESIAN_POINT('Ctrl Pts',(56.8952249087946,175.404569317399,2.2));
#8943=CARTESIAN_POINT('Ctrl Pts',(56.8952249087946,175.404569317399,2.85));
#8944=CARTESIAN_POINT('Ctrl Pts',(57.6355008422358,175.377922350869,2.2));
#8945=CARTESIAN_POINT('Ctrl Pts',(57.6355008422358,175.377922350869,2.85));
#8946=CARTESIAN_POINT('Ctrl Pts',(58.0341064333916,175.363574147224,2.2));
#8947=CARTESIAN_POINT('Ctrl Pts',(58.0341064333916,175.363574147224,2.85));
#8948=CARTESIAN_POINT('',(55.9304224848747,175.890176415443,2.8));
#8949=CARTESIAN_POINT('Ctrl Pts',(58.0341064333916,175.363574147224,2.8));
#8950=CARTESIAN_POINT('Ctrl Pts',(57.6355008422358,175.377922350869,2.8));
#8951=CARTESIAN_POINT('Ctrl Pts',(57.23689525108,175.392270554513,2.8));
#8952=CARTESIAN_POINT('Ctrl Pts',(56.8615280985832,175.495225310326,2.8));
#8953=CARTESIAN_POINT('Ctrl Pts',(56.5397769081285,175.583474415303,2.8));
#8954=CARTESIAN_POINT('Ctrl Pts',(56.2350996965016,175.736825415373,2.8));
#8955=CARTESIAN_POINT('Ctrl Pts',(55.9304224848747,175.890176415443,2.8));
#8956=CARTESIAN_POINT('',(55.9304224848747,175.890176415443,2.2));
#8957=CARTESIAN_POINT('Ctrl Pts',(58.0341064333916,175.363574147224,2.2));
#8958=CARTESIAN_POINT('Ctrl Pts',(57.6355008422358,175.377922350869,2.2));
#8959=CARTESIAN_POINT('Ctrl Pts',(56.8952249087946,175.404569317399,2.2));
#8960=CARTESIAN_POINT('Ctrl Pts',(56.2350996965016,175.736825415373,2.2));
#8961=CARTESIAN_POINT('Ctrl Pts',(55.9304224848747,175.890176415443,2.2));
#8962=CARTESIAN_POINT('',(55.9304224848747,175.890176415443,2.2));
#8963=CARTESIAN_POINT('Ctrl Pts',(54.6971356272697,177.415415763855,2.2));
#8964=CARTESIAN_POINT('Ctrl Pts',(54.6971356272697,177.415415763855,2.85));
#8965=CARTESIAN_POINT('Ctrl Pts',(54.8498670271034,177.105114057323,2.2));
#8966=CARTESIAN_POINT('Ctrl Pts',(54.8498670271034,177.105114057323,2.85));
#8967=CARTESIAN_POINT('Ctrl Pts',(55.1462168861437,176.503025245912,2.2));
#8968=CARTESIAN_POINT('Ctrl Pts',(55.1462168861437,176.503025245912,2.85));
#8969=CARTESIAN_POINT('Ctrl Pts',(55.6744349623191,176.090228103504,2.2));
#8970=CARTESIAN_POINT('Ctrl Pts',(55.6744349623191,176.090228103504,2.85));
#8971=CARTESIAN_POINT('Ctrl Pts',(55.9304224848747,175.890176415443,2.2));
#8972=CARTESIAN_POINT('Ctrl Pts',(55.9304224848747,175.890176415443,2.85));
#8973=CARTESIAN_POINT('',(54.6971356272697,177.415415763855,2.8));
#8974=CARTESIAN_POINT('Ctrl Pts',(55.9304224848747,175.890176415443,2.8));
#8975=CARTESIAN_POINT('Ctrl Pts',(55.6744349623191,176.090228103504,2.8));
#8976=CARTESIAN_POINT('Ctrl Pts',(55.4184474397634,176.290279791565,2.8));
#8977=CARTESIAN_POINT('Ctrl Pts',(55.2169167399406,176.53478872776,2.8));
#8978=CARTESIAN_POINT('Ctrl Pts',(55.002598426937,176.79481235079,2.8));
#8979=CARTESIAN_POINT('Ctrl Pts',(54.8498670271034,177.105114057323,2.8));
#8980=CARTESIAN_POINT('Ctrl Pts',(54.6971356272697,177.415415763855,2.8));
#8981=CARTESIAN_POINT('',(54.6971356272697,177.415415763855,2.2));
#8982=CARTESIAN_POINT('Ctrl Pts',(55.9304224848747,175.890176415443,2.2));
#8983=CARTESIAN_POINT('Ctrl Pts',(55.6744349623191,176.090228103504,2.2));
#8984=CARTESIAN_POINT('Ctrl Pts',(55.1462168861437,176.503025245912,2.2));
#8985=CARTESIAN_POINT('Ctrl Pts',(54.8498670271034,177.105114057323,2.2));
#8986=CARTESIAN_POINT('Ctrl Pts',(54.6971356272697,177.415415763855,2.2));
#8987=CARTESIAN_POINT('',(54.6971356272697,177.415415763855,2.2));
#8988=CARTESIAN_POINT('Ctrl Pts',(54.2742156386375,179.56002664566,2.2));
#8989=CARTESIAN_POINT('Ctrl Pts',(54.2742156386375,179.56002664566,2.85));
#8990=CARTESIAN_POINT('Ctrl Pts',(54.2908146969078,179.186608529002,2.2));
#8991=CARTESIAN_POINT('Ctrl Pts',(54.2908146969078,179.186608529002,2.85));
#8992=CARTESIAN_POINT('Ctrl Pts',(54.3235479034627,178.45023107042,2.2));
#8993=CARTESIAN_POINT('Ctrl Pts',(54.3235479034627,178.45023107042,2.85));
#8994=CARTESIAN_POINT('Ctrl Pts',(54.5737911214536,177.757072554122,2.2));
#8995=CARTESIAN_POINT('Ctrl Pts',(54.5737911214536,177.757072554122,2.85));
#8996=CARTESIAN_POINT('Ctrl Pts',(54.6971356272697,177.415415763855,2.2));
#8997=CARTESIAN_POINT('Ctrl Pts',(54.6971356272697,177.415415763855,2.85));
#8998=CARTESIAN_POINT('',(54.2742156386375,179.56002664566,2.8));
#8999=CARTESIAN_POINT('Ctrl Pts',(54.6971356272697,177.415415763855,2.8));
#9000=CARTESIAN_POINT('Ctrl Pts',(54.5737911214536,177.757072554122,2.8));
#9001=CARTESIAN_POINT('Ctrl Pts',(54.4504466156374,178.09872934439,2.8));
#9002=CARTESIAN_POINT('Ctrl Pts',(54.3799459338188,178.450886130333,2.8));
#9003=CARTESIAN_POINT('Ctrl Pts',(54.307413755178,178.813190412344,2.8));
#9004=CARTESIAN_POINT('Ctrl Pts',(54.2908146969078,179.186608529002,2.8));
#9005=CARTESIAN_POINT('Ctrl Pts',(54.2742156386375,179.56002664566,2.8));
#9006=CARTESIAN_POINT('',(54.2742156386375,179.56002664566,2.2));
#9007=CARTESIAN_POINT('Ctrl Pts',(54.6971356272697,177.415415763855,2.2));
#9008=CARTESIAN_POINT('Ctrl Pts',(54.5737911214536,177.757072554122,2.2));
#9009=CARTESIAN_POINT('Ctrl Pts',(54.3235479034627,178.45023107042,2.2));
#9010=CARTESIAN_POINT('Ctrl Pts',(54.2908146969078,179.186608529002,2.2));
#9011=CARTESIAN_POINT('Ctrl Pts',(54.2742156386375,179.56002664566,2.2));
#9012=CARTESIAN_POINT('',(54.2742156386375,179.56002664566,2.2));
#9013=CARTESIAN_POINT('Ctrl Pts',(54.7517048716545,181.740108847618,2.2));
#9014=CARTESIAN_POINT('Ctrl Pts',(54.7517048716545,181.740108847618,2.85));
#9015=CARTESIAN_POINT('Ctrl Pts',(54.6125188868812,181.407820134367,2.2));
#9016=CARTESIAN_POINT('Ctrl Pts',(54.6125188868812,181.407820134367,2.85));
#9017=CARTESIAN_POINT('Ctrl Pts',(54.3206291080668,180.71097066945,2.2));
#9018=CARTESIAN_POINT('Ctrl Pts',(54.3206291080668,180.71097066945,2.85));
#9019=CARTESIAN_POINT('Ctrl Pts',(54.2901571935974,179.95533942095,2.2));
#9020=CARTESIAN_POINT('Ctrl Pts',(54.2901571935974,179.95533942095,2.85));
#9021=CARTESIAN_POINT('Ctrl Pts',(54.2742156386375,179.56002664566,2.2));
#9022=CARTESIAN_POINT('Ctrl Pts',(54.2742156386375,179.56002664566,2.85));
#9023=CARTESIAN_POINT('',(54.7517048716545,181.740108847618,2.8));
#9024=CARTESIAN_POINT('Ctrl Pts',(54.2742156386375,179.56002664566,2.8));
#9025=CARTESIAN_POINT('Ctrl Pts',(54.2901571935974,179.95533942095,2.8));
#9026=CARTESIAN_POINT('Ctrl Pts',(54.3060987485572,180.35065219624,2.8));
#9027=CARTESIAN_POINT('Ctrl Pts',(54.393588244915,180.729876875877,2.8));
#9028=CARTESIAN_POINT('Ctrl Pts',(54.473332902108,181.075531421117,2.8));
#9029=CARTESIAN_POINT('Ctrl Pts',(54.6125188868812,181.407820134367,2.8));
#9030=CARTESIAN_POINT('Ctrl Pts',(54.7517048716545,181.740108847618,2.8));
#9031=CARTESIAN_POINT('',(54.7517048716545,181.740108847618,2.2));
#9032=CARTESIAN_POINT('Ctrl Pts',(54.2742156386375,179.56002664566,2.2));
#9033=CARTESIAN_POINT('Ctrl Pts',(54.2901571935974,179.95533942095,2.2));
#9034=CARTESIAN_POINT('Ctrl Pts',(54.3206291080668,180.71097066945,2.2));
#9035=CARTESIAN_POINT('Ctrl Pts',(54.6125188868812,181.407820134367,2.2));
#9036=CARTESIAN_POINT('Ctrl Pts',(54.7517048716545,181.740108847618,2.2));
#9037=CARTESIAN_POINT('',(54.7517048716545,181.740108847618,2.2));
#9038=CARTESIAN_POINT('Ctrl Pts',(56.1105048060417,183.153478622437,2.2));
#9039=CARTESIAN_POINT('Ctrl Pts',(56.1105048060417,183.153478622437,2.85));
#9040=CARTESIAN_POINT('Ctrl Pts',(55.8327354344971,182.972231889865,2.2));
#9041=CARTESIAN_POINT('Ctrl Pts',(55.8327354344971,182.972231889865,2.85));
#9042=CARTESIAN_POINT('Ctrl Pts',(55.2712208433234,182.605839136139,2.2));
#9043=CARTESIAN_POINT('Ctrl Pts',(55.2712208433234,182.605839136139,2.85));
#9044=CARTESIAN_POINT('Ctrl Pts',(54.926101159752,182.030725800792,2.2));
#9045=CARTESIAN_POINT('Ctrl Pts',(54.926101159752,182.030725800792,2.85));
#9046=CARTESIAN_POINT('Ctrl Pts',(54.7517048716545,181.740108847618,2.2));
#9047=CARTESIAN_POINT('Ctrl Pts',(54.7517048716545,181.740108847618,2.85));
#9048=CARTESIAN_POINT('',(56.1105048060417,183.153478622437,2.8));
#9049=CARTESIAN_POINT('Ctrl Pts',(54.7517048716545,181.740108847618,2.8));
#9050=CARTESIAN_POINT('Ctrl Pts',(54.926101159752,182.030725800792,2.8));
#9051=CARTESIAN_POINT('Ctrl Pts',(55.1004974478496,182.321342753966,2.8));
#9052=CARTESIAN_POINT('Ctrl Pts',(55.3301500678062,182.558663010597,2.8));
#9053=CARTESIAN_POINT('Ctrl Pts',(55.5549660629526,182.790985157294,2.8));
#9054=CARTESIAN_POINT('Ctrl Pts',(55.8327354344971,182.972231889865,2.8));
#9055=CARTESIAN_POINT('Ctrl Pts',(56.1105048060417,183.153478622437,2.8));
#9056=CARTESIAN_POINT('',(56.1105048060417,183.153478622437,2.2));
#9057=CARTESIAN_POINT('Ctrl Pts',(54.7517048716545,181.740108847618,2.2));
#9058=CARTESIAN_POINT('Ctrl Pts',(54.926101159752,182.030725800792,2.2));
#9059=CARTESIAN_POINT('Ctrl Pts',(55.2712208433234,182.605839136139,2.2));
#9060=CARTESIAN_POINT('Ctrl Pts',(55.8327354344971,182.972231889865,2.2));
#9061=CARTESIAN_POINT('Ctrl Pts',(56.1105048060417,183.153478622437,2.2));
#9062=CARTESIAN_POINT('',(56.1105048060417,183.153478622437,2.2));
#9063=CARTESIAN_POINT('Ctrl Pts',(58.0504774451256,183.636425256729,2.2));
#9064=CARTESIAN_POINT('Ctrl Pts',(58.0504774451256,183.636425256729,2.85));
#9065=CARTESIAN_POINT('Ctrl Pts',(57.7070410195571,183.617423309964,2.2));
#9066=CARTESIAN_POINT('Ctrl Pts',(57.7070410195571,183.617423309964,2.85));
#9067=CARTESIAN_POINT('Ctrl Pts',(57.0294122957072,183.57993088348,2.2));
#9068=CARTESIAN_POINT('Ctrl Pts',(57.0294122957072,183.57993088348,2.85));
#9069=CARTESIAN_POINT('Ctrl Pts',(56.4140088835044,183.294330668508,2.2));
#9070=CARTESIAN_POINT('Ctrl Pts',(56.4140088835044,183.294330668508,2.85));
#9071=CARTESIAN_POINT('Ctrl Pts',(56.1105048060417,183.153478622437,2.2));
#9072=CARTESIAN_POINT('Ctrl Pts',(56.1105048060417,183.153478622437,2.85));
#9073=CARTESIAN_POINT('',(58.0504774451256,183.636425256729,2.8));
#9074=CARTESIAN_POINT('Ctrl Pts',(56.1105048060417,183.153478622437,2.8));
#9075=CARTESIAN_POINT('Ctrl Pts',(56.4140088835044,183.294330668508,2.8));
#9076=CARTESIAN_POINT('Ctrl Pts',(56.7175129609671,183.43518271458,2.8));
#9077=CARTESIAN_POINT('Ctrl Pts',(57.0361518263817,183.515688598156,2.8));
#9078=CARTESIAN_POINT('Ctrl Pts',(57.3636045939886,183.598421363198,2.8));
#9079=CARTESIAN_POINT('Ctrl Pts',(57.7070410195571,183.617423309964,2.8));
#9080=CARTESIAN_POINT('Ctrl Pts',(58.0504774451256,183.636425256729,2.8));
#9081=CARTESIAN_POINT('',(58.0504774451256,183.636425256729,2.2));
#9082=CARTESIAN_POINT('Ctrl Pts',(56.1105048060417,183.153478622437,2.2));
#9083=CARTESIAN_POINT('Ctrl Pts',(56.4140088835044,183.294330668508,2.2));
#9084=CARTESIAN_POINT('Ctrl Pts',(57.0294122957072,183.57993088348,2.2));
#9085=CARTESIAN_POINT('Ctrl Pts',(57.7070410195571,183.617423309964,2.2));
#9086=CARTESIAN_POINT('Ctrl Pts',(58.0504774451256,183.636425256729,2.2));
#9087=CARTESIAN_POINT('',(58.0504774451256,183.636425256729,2.2));
#9088=CARTESIAN_POINT('Ctrl Pts',(60.0695764422417,183.025238633156,2.2));
#9089=CARTESIAN_POINT('Ctrl Pts',(60.0695764422417,183.025238633156,2.85));
#9090=CARTESIAN_POINT('Ctrl Pts',(59.7727727905668,183.203409108657,2.2));
#9091=CARTESIAN_POINT('Ctrl Pts',(59.7727727905668,183.203409108657,2.85));
#9092=CARTESIAN_POINT('Ctrl Pts',(59.1521687232197,183.575956148269,2.2));
#9093=CARTESIAN_POINT('Ctrl Pts',(59.1521687232197,183.575956148269,2.85));
#9094=CARTESIAN_POINT('Ctrl Pts',(58.4282055268993,183.615692696892,2.2));
#9095=CARTESIAN_POINT('Ctrl Pts',(58.4282055268993,183.615692696892,2.85));
#9096=CARTESIAN_POINT('Ctrl Pts',(58.0504774451256,183.636425256729,2.2));
#9097=CARTESIAN_POINT('Ctrl Pts',(58.0504774451256,183.636425256729,2.85));
#9098=CARTESIAN_POINT('',(60.0695764422417,183.025238633156,2.8));
#9099=CARTESIAN_POINT('Ctrl Pts',(58.0504774451256,183.636425256729,2.8));
#9100=CARTESIAN_POINT('Ctrl Pts',(58.4282055268993,183.615692696892,2.8));
#9101=CARTESIAN_POINT('Ctrl Pts',(58.805933608673,183.594960137054,2.8));
#9102=CARTESIAN_POINT('Ctrl Pts',(59.1555249094963,183.483628749847,2.8));
#9103=CARTESIAN_POINT('Ctrl Pts',(59.475969138892,183.381579584159,2.8));
#9104=CARTESIAN_POINT('Ctrl Pts',(59.7727727905668,183.203409108657,2.8));
#9105=CARTESIAN_POINT('Ctrl Pts',(60.0695764422417,183.025238633156,2.8));
#9106=CARTESIAN_POINT('',(60.0695764422417,183.025238633156,2.2));
#9107=CARTESIAN_POINT('Ctrl Pts',(58.0504774451256,183.636425256729,2.2));
#9108=CARTESIAN_POINT('Ctrl Pts',(58.4282055268993,183.615692696892,2.2));
#9109=CARTESIAN_POINT('Ctrl Pts',(59.1521687232197,183.575956148269,2.2));
#9110=CARTESIAN_POINT('Ctrl Pts',(59.7727727905668,183.203409108657,2.2));
#9111=CARTESIAN_POINT('Ctrl Pts',(60.0695764422417,183.025238633156,2.2));
#9112=CARTESIAN_POINT('',(60.0695764422417,183.025238633156,2.2));
#9113=CARTESIAN_POINT('Ctrl Pts',(61.2100946307182,181.306275248528,2.2));
#9114=CARTESIAN_POINT('Ctrl Pts',(61.2100946307182,181.306275248528,2.85));
#9115=CARTESIAN_POINT('Ctrl Pts',(61.0868197558255,181.651224921386,2.2));
#9116=CARTESIAN_POINT('Ctrl Pts',(61.0868197558255,181.651224921386,2.85));
#9117=CARTESIAN_POINT('Ctrl Pts',(60.8481078797748,182.319192206875,2.2));
#9118=CARTESIAN_POINT('Ctrl Pts',(60.8481078797748,182.319192206875,2.85));
#9119=CARTESIAN_POINT('Ctrl Pts',(60.3233435448353,182.79509846507,2.2));
#9120=CARTESIAN_POINT('Ctrl Pts',(60.3233435448353,182.79509846507,2.85));
#9121=CARTESIAN_POINT('Ctrl Pts',(60.0695764422417,183.025238633156,2.2));
#9122=CARTESIAN_POINT('Ctrl Pts',(60.0695764422417,183.025238633156,2.85));
#9123=CARTESIAN_POINT('Ctrl Pts',(60.0695764422417,183.025238633156,2.8));
#9124=CARTESIAN_POINT('Ctrl Pts',(60.3233435448353,182.79509846507,2.8));
#9125=CARTESIAN_POINT('Ctrl Pts',(60.5771106474288,182.564958296984,2.8));
#9126=CARTESIAN_POINT('Ctrl Pts',(60.7639836668968,182.289904177189,2.8));
#9127=CARTESIAN_POINT('Ctrl Pts',(60.9635448809328,181.996174594244,2.8));
#9128=CARTESIAN_POINT('Ctrl Pts',(61.0868197558255,181.651224921386,2.8));
#9129=CARTESIAN_POINT('Ctrl Pts',(61.2100946307182,181.306275248528,2.8));
#9130=CARTESIAN_POINT('Ctrl Pts',(60.0695764422417,183.025238633156,2.2));
#9131=CARTESIAN_POINT('Ctrl Pts',(60.3233435448353,182.79509846507,2.2));
#9132=CARTESIAN_POINT('Ctrl Pts',(60.8481078797748,182.319192206875,2.2));
#9133=CARTESIAN_POINT('Ctrl Pts',(61.0868197558255,181.651224921386,2.2));
#9134=CARTESIAN_POINT('Ctrl Pts',(61.2100946307182,181.306275248528,2.2));
#9135=CARTESIAN_POINT('Origin',(56.9999993741512,179.502728104591,2.2));
#9136=CARTESIAN_POINT('Ctrl Pts',(-16.8553893268108,181.631650328636,2.2));
#9137=CARTESIAN_POINT('Ctrl Pts',(-16.8553893268108,181.631650328636,2.85));
#9138=CARTESIAN_POINT('Ctrl Pts',(-16.7680412890735,181.883982253535,2.2));
#9139=CARTESIAN_POINT('Ctrl Pts',(-16.7680412890735,181.883982253535,2.85));
#9140=CARTESIAN_POINT('Ctrl Pts',(-16.5946309320863,182.384931906319,2.2));
#9141=CARTESIAN_POINT('Ctrl Pts',(-16.5946309320863,182.384931906319,2.85));
#9142=CARTESIAN_POINT('Ctrl Pts',(-16.4807852337591,182.902668710596,2.2));
#9143=CARTESIAN_POINT('Ctrl Pts',(-16.4807852337591,182.902668710596,2.85));
#9144=CARTESIAN_POINT('Ctrl Pts',(-16.4242844283581,183.159617781639,2.2));
#9145=CARTESIAN_POINT('Ctrl Pts',(-16.4242844283581,183.159617781639,2.85));
#9146=CARTESIAN_POINT('',(-16.4242844283581,183.159617781639,2.8));
#9147=CARTESIAN_POINT('',(-16.8553893268108,181.631650328636,2.8));
#9148=CARTESIAN_POINT('Ctrl Pts',(-16.4242844283581,183.159617781639,2.8));
#9149=CARTESIAN_POINT('Ctrl Pts',(-16.4807852337591,182.902668710596,2.8));
#9150=CARTESIAN_POINT('Ctrl Pts',(-16.5372860391602,182.645719639553,2.8));
#9151=CARTESIAN_POINT('Ctrl Pts',(-16.6084580123425,182.3929053545,2.8));
#9152=CARTESIAN_POINT('Ctrl Pts',(-16.6806932513362,182.136314178433,2.8));
#9153=CARTESIAN_POINT('Ctrl Pts',(-16.7680412890735,181.883982253535,2.8));
#9154=CARTESIAN_POINT('Ctrl Pts',(-16.8553893268108,181.631650328636,2.8));
#9155=CARTESIAN_POINT('',(-16.4242844283581,183.159617781639,2.2));
#9156=CARTESIAN_POINT('',(-16.4242844283581,183.159617781639,2.2));
#9157=CARTESIAN_POINT('',(-16.8553893268108,181.631650328636,2.2));
#9158=CARTESIAN_POINT('Ctrl Pts',(-16.4242844283581,183.159617781639,2.2));
#9159=CARTESIAN_POINT('Ctrl Pts',(-16.4807852337591,182.902668710596,2.2));
#9160=CARTESIAN_POINT('Ctrl Pts',(-16.5946309320863,182.384931906319,2.2));
#9161=CARTESIAN_POINT('Ctrl Pts',(-16.7680412890735,181.883982253535,2.2));
#9162=CARTESIAN_POINT('Ctrl Pts',(-16.8553893268108,181.631650328636,2.2));
#9163=CARTESIAN_POINT('',(-16.8553893268108,181.631650328636,2.2));
#9164=CARTESIAN_POINT('Origin',(-17.7339701354504,179.285129308701,2.2));
#9165=CARTESIAN_POINT('',(-17.7339701354504,179.285129308701,2.8));
#9166=CARTESIAN_POINT('',(-16.723405590964,181.984153601424,2.8));
#9167=CARTESIAN_POINT('',(-17.7339701354504,179.285129308701,2.2));
#9168=CARTESIAN_POINT('',(-16.8553893268108,181.631650328636,2.2));
#9169=CARTESIAN_POINT('',(-17.7339701354504,179.285129308701,2.2));
#9170=CARTESIAN_POINT('Origin',(-14.6944074332714,178.422918915749,2.2));
#9171=CARTESIAN_POINT('',(-13.7612561881542,175.999999642372,2.8));
#9172=CARTESIAN_POINT('',(-14.6944074332714,178.422918915749,2.8));
#9173=CARTESIAN_POINT('',(-13.8086072234444,176.122946202878,2.8));
#9174=CARTESIAN_POINT('',(-13.7612561881542,175.999999642372,2.2));
#9175=CARTESIAN_POINT('',(-13.7612561881542,175.999999642372,2.2));
#9176=CARTESIAN_POINT('',(-14.6944074332714,178.422918915749,2.2));
#9177=CARTESIAN_POINT('',(-13.7612561881542,175.999999642372,2.2));
#9178=CARTESIAN_POINT('',(-14.6944074332714,178.422918915749,2.2));
#9179=CARTESIAN_POINT('Origin',(-18.0395643413067,178.422918915749,2.2));
#9180=CARTESIAN_POINT('',(-18.0395643413067,178.422918915749,2.8));
#9181=CARTESIAN_POINT('',(-9.01978217065334,178.422918915749,2.8));
#9182=CARTESIAN_POINT('',(-18.0395643413067,178.422918915749,2.2));
#9183=CARTESIAN_POINT('',(-14.6944074332714,178.422918915749,2.2));
#9184=CARTESIAN_POINT('',(-18.0395643413067,178.422918915749,2.2));
#9185=CARTESIAN_POINT('Origin',(-18.9181451499462,175.999999642372,2.2));
#9186=CARTESIAN_POINT('',(-18.9181451499462,175.999999642372,2.8));
#9187=CARTESIAN_POINT('',(-17.3702624524993,180.268696139826,2.8));
#9188=CARTESIAN_POINT('',(-18.9181451499462,175.999999642372,2.2));
#9189=CARTESIAN_POINT('',(-18.0395643413067,178.422918915749,2.2));
#9190=CARTESIAN_POINT('',(-18.9181451499462,175.999999642372,2.2));
#9191=CARTESIAN_POINT('Origin',(-20.0422923266888,175.999999642372,2.2));
#9192=CARTESIAN_POINT('',(-20.0422923266888,175.999999642372,2.8));
#9193=CARTESIAN_POINT('',(-10.0211461633444,175.999999642372,2.8));
#9194=CARTESIAN_POINT('',(-20.0422923266888,175.999999642372,2.2));
#9195=CARTESIAN_POINT('',(-18.9181451499462,175.999999642372,2.2));
#9196=CARTESIAN_POINT('',(-20.0422923266888,175.999999642372,2.2));
#9197=CARTESIAN_POINT('Origin',(-15.0218276679516,179.285129308701,2.2));
#9198=CARTESIAN_POINT('',(-15.0218276679516,179.285129308701,2.8));
#9199=CARTESIAN_POINT('',(-7.51091383397579,179.285129308701,2.8));
#9200=CARTESIAN_POINT('',(-15.0218276679516,179.285129308701,2.2));
#9201=CARTESIAN_POINT('',(-17.7339701354504,179.285129308701,2.2));
#9202=CARTESIAN_POINT('',(-15.0218276679516,179.285129308701,2.2));
#9203=CARTESIAN_POINT('Origin',(-15.8567528426647,181.500681638718,2.2));
#9204=CARTESIAN_POINT('',(-15.8567528426647,181.500681638718,2.8));
#9205=CARTESIAN_POINT('',(-14.4252355876439,177.702016218298,2.8));
#9206=CARTESIAN_POINT('',(-15.8567528426647,181.500681638718,2.2));
#9207=CARTESIAN_POINT('',(-15.0218276679516,179.285129308701,2.2));
#9208=CARTESIAN_POINT('',(-15.8567528426647,181.500681638718,2.2));
#9209=CARTESIAN_POINT('Ctrl Pts',(-16.4242844283581,183.159617781639,2.2));
#9210=CARTESIAN_POINT('Ctrl Pts',(-16.4242844283581,183.159617781639,2.85));
#9211=CARTESIAN_POINT('Ctrl Pts',(-16.3482357189437,182.912405648633,2.2));
#9212=CARTESIAN_POINT('Ctrl Pts',(-16.3482357189437,182.912405648633,2.85));
#9213=CARTESIAN_POINT('Ctrl Pts',(-16.1763223064637,182.353565377459,2.2));
#9214=CARTESIAN_POINT('Ctrl Pts',(-16.1763223064637,182.353565377459,2.85));
#9215=CARTESIAN_POINT('Ctrl Pts',(-15.9711588750379,181.806014455768,2.2));
#9216=CARTESIAN_POINT('Ctrl Pts',(-15.9711588750379,181.806014455768,2.85));
#9217=CARTESIAN_POINT('Ctrl Pts',(-15.8567528426647,181.500681638718,2.2));
#9218=CARTESIAN_POINT('Ctrl Pts',(-15.8567528426647,181.500681638718,2.85));
#9219=CARTESIAN_POINT('Ctrl Pts',(-15.8567528426647,181.500681638718,2.8));
#9220=CARTESIAN_POINT('Ctrl Pts',(-15.9711588750379,181.806014455768,2.8));
#9221=CARTESIAN_POINT('Ctrl Pts',(-16.085564907411,182.111347272818,2.8));
#9222=CARTESIAN_POINT('Ctrl Pts',(-16.1896316707134,182.420190572739,2.8));
#9223=CARTESIAN_POINT('Ctrl Pts',(-16.2721870095294,182.665193515627,2.8));
#9224=CARTESIAN_POINT('Ctrl Pts',(-16.3482357189437,182.912405648633,2.8));
#9225=CARTESIAN_POINT('Ctrl Pts',(-16.4242844283581,183.159617781639,2.8));
#9226=CARTESIAN_POINT('Ctrl Pts',(-15.8567528426647,181.500681638718,2.2));
#9227=CARTESIAN_POINT('Ctrl Pts',(-15.9711588750379,181.806014455768,2.2));
#9228=CARTESIAN_POINT('Ctrl Pts',(-16.1763223064637,182.353565377459,2.2));
#9229=CARTESIAN_POINT('Ctrl Pts',(-16.3482357189437,182.912405648633,2.2));
#9230=CARTESIAN_POINT('Ctrl Pts',(-16.4242844283581,183.159617781639,2.2));
#9231=CARTESIAN_POINT('Origin',(-16.9699864089489,183.999999761581,2.2));
#9232=CARTESIAN_POINT('',(-16.9699864089489,183.999999761581,2.8));
#9233=CARTESIAN_POINT('',(-16.7495801481834,184.57391725535,2.8));
#9234=CARTESIAN_POINT('',(-16.9699864089489,183.999999761581,2.2));
#9235=CARTESIAN_POINT('',(-20.0422923266888,175.999999642372,2.2));
#9236=CARTESIAN_POINT('',(-16.9699864089489,183.999999761581,2.2));
#9237=CARTESIAN_POINT('Origin',(-15.8294682204723,183.999999761581,2.2));
#9238=CARTESIAN_POINT('',(-15.8294682204723,183.999999761581,2.8));
#9239=CARTESIAN_POINT('',(-7.91473411023617,183.999999761581,2.8));
#9240=CARTESIAN_POINT('',(-15.8294682204723,183.999999761581,2.2));
#9241=CARTESIAN_POINT('',(-16.9699864089489,183.999999761581,2.2));
#9242=CARTESIAN_POINT('',(-15.8294682204723,183.999999761581,2.2));
#9243=CARTESIAN_POINT('Origin',(-12.5552527606487,175.999999642372,2.2));
#9244=CARTESIAN_POINT('',(-12.5552527606487,175.999999642372,2.8));
#9245=CARTESIAN_POINT('',(-12.1453518974579,174.998475156697,2.8));
#9246=CARTESIAN_POINT('',(-12.5552527606487,175.999999642372,2.2));
#9247=CARTESIAN_POINT('',(-15.8294682204723,183.999999761581,2.2));
#9248=CARTESIAN_POINT('',(-12.5552527606487,175.999999642372,2.2));
#9249=CARTESIAN_POINT('Origin',(-13.7612561881542,175.999999642372,2.2));
#9250=CARTESIAN_POINT('',(-6.88062809407711,175.999999642372,2.8));
#9251=CARTESIAN_POINT('',(-12.5552527606487,175.999999642372,2.2));
#9252=CARTESIAN_POINT('Origin',(-17.0000006258488,179.999999701977,2.2));
#9253=CARTESIAN_POINT('Origin',(-6.79809138178825,183.055934309959,2.2));
#9254=CARTESIAN_POINT('',(-6.79809138178825,183.999999761581,2.8));
#9255=CARTESIAN_POINT('',(-6.79809138178825,183.055934309959,2.8));
#9256=CARTESIAN_POINT('',(-6.79809138178825,180.92796715498,2.8));
#9257=CARTESIAN_POINT('',(-6.79809138178825,183.999999761581,2.2));
#9258=CARTESIAN_POINT('',(-6.79809138178825,183.999999761581,2.2));
#9259=CARTESIAN_POINT('',(-6.79809138178825,183.055934309959,2.2));
#9260=CARTESIAN_POINT('',(-6.79809138178825,183.999999761581,2.2));
#9261=CARTESIAN_POINT('',(-6.79809138178825,183.055934309959,2.2));
#9262=CARTESIAN_POINT('Origin',(-9.44474741816521,183.055934309959,2.2));
#9263=CARTESIAN_POINT('',(-9.44474741816521,183.055934309959,2.8));
#9264=CARTESIAN_POINT('',(-4.7223737090826,183.055934309959,2.8));
#9265=CARTESIAN_POINT('',(-9.44474741816521,183.055934309959,2.2));
#9266=CARTESIAN_POINT('',(-6.79809138178825,183.055934309959,2.2));
#9267=CARTESIAN_POINT('',(-9.44474741816521,183.055934309959,2.2));
#9268=CARTESIAN_POINT('Origin',(-9.44474741816521,175.999999642372,2.2));
#9269=CARTESIAN_POINT('',(-9.44474741816521,175.999999642372,2.8));
#9270=CARTESIAN_POINT('',(-9.44474741816521,177.399999821186,2.8));
#9271=CARTESIAN_POINT('',(-9.44474741816521,175.999999642372,2.2));
#9272=CARTESIAN_POINT('',(-9.44474741816521,183.055934309959,2.2));
#9273=CARTESIAN_POINT('',(-9.44474741816521,175.999999642372,2.2));
#9274=CARTESIAN_POINT('Origin',(-10.5034117400646,175.999999642372,2.2));
#9275=CARTESIAN_POINT('',(-10.5034117400646,175.999999642372,2.8));
#9276=CARTESIAN_POINT('',(-5.25170587003231,175.999999642372,2.8));
#9277=CARTESIAN_POINT('',(-10.5034117400646,175.999999642372,2.2));
#9278=CARTESIAN_POINT('',(-9.44474741816521,175.999999642372,2.2));
#9279=CARTESIAN_POINT('',(-10.5034117400646,175.999999642372,2.2));
#9280=CARTESIAN_POINT('Origin',(-10.5034117400646,183.055934309959,2.2));
#9281=CARTESIAN_POINT('',(-10.5034117400646,183.055934309959,2.8));
#9282=CARTESIAN_POINT('',(-10.5034117400646,180.92796715498,2.8));
#9283=CARTESIAN_POINT('',(-10.5034117400646,183.055934309959,2.2));
#9284=CARTESIAN_POINT('',(-10.5034117400646,175.999999642372,2.2));
#9285=CARTESIAN_POINT('',(-10.5034117400646,183.055934309959,2.2));
#9286=CARTESIAN_POINT('Origin',(-13.1391541659832,183.055934309959,2.2));
#9287=CARTESIAN_POINT('',(-13.1391541659832,183.055934309959,2.8));
#9288=CARTESIAN_POINT('',(-6.5695770829916,183.055934309959,2.8));
#9289=CARTESIAN_POINT('',(-13.1391541659832,183.055934309959,2.2));
#9290=CARTESIAN_POINT('',(-10.5034117400646,183.055934309959,2.2));
#9291=CARTESIAN_POINT('',(-13.1391541659832,183.055934309959,2.2));
#9292=CARTESIAN_POINT('Origin',(-13.1391541659832,183.999999761581,2.2));
#9293=CARTESIAN_POINT('',(-13.1391541659832,183.999999761581,2.8));
#9294=CARTESIAN_POINT('',(-13.1391541659832,181.399999880791,2.8));
#9295=CARTESIAN_POINT('',(-13.1391541659832,183.999999761581,2.2));
#9296=CARTESIAN_POINT('',(-13.1391541659832,183.055934309959,2.2));
#9297=CARTESIAN_POINT('',(-13.1391541659832,183.999999761581,2.2));
#9298=CARTESIAN_POINT('Origin',(-6.79809138178825,183.999999761581,2.2));
#9299=CARTESIAN_POINT('',(-3.39904569089413,183.999999761581,2.8));
#9300=CARTESIAN_POINT('',(-13.1391541659832,183.999999761581,2.2));
#9301=CARTESIAN_POINT('Origin',(-17.0000006258488,179.999999701977,2.2));
#9302=CARTESIAN_POINT('Origin',(-20.9263299405575,175.999999642372,2.2));
#9303=CARTESIAN_POINT('',(-20.9263299405575,183.999999761581,2.8));
#9304=CARTESIAN_POINT('',(-20.9263299405575,175.999999642372,2.8));
#9305=CARTESIAN_POINT('',(-20.9263299405575,177.399999821186,2.8));
#9306=CARTESIAN_POINT('',(-20.9263299405575,183.999999761581,2.2));
#9307=CARTESIAN_POINT('',(-20.9263299405575,183.999999761581,2.2));
#9308=CARTESIAN_POINT('',(-20.9263299405575,175.999999642372,2.2));
#9309=CARTESIAN_POINT('',(-20.9263299405575,183.999999761581,2.2));
#9310=CARTESIAN_POINT('',(-20.9263299405575,175.999999642372,2.2));
#9311=CARTESIAN_POINT('Origin',(-21.984993070364,175.999999642372,2.2));
#9312=CARTESIAN_POINT('',(-21.984993070364,175.999999642372,2.8));
#9313=CARTESIAN_POINT('',(-10.992496535182,175.999999642372,2.8));
#9314=CARTESIAN_POINT('',(-21.984993070364,175.999999642372,2.2));
#9315=CARTESIAN_POINT('',(-20.9263299405575,175.999999642372,2.2));
#9316=CARTESIAN_POINT('',(-21.984993070364,175.999999642372,2.2));
#9317=CARTESIAN_POINT('Origin',(-21.984993070364,179.770804643631,2.2));
#9318=CARTESIAN_POINT('',(-21.984993070364,179.770804643631,2.8));
#9319=CARTESIAN_POINT('',(-21.984993070364,179.285402321815,2.8));
#9320=CARTESIAN_POINT('',(-21.984993070364,179.770804643631,2.2));
#9321=CARTESIAN_POINT('',(-21.984993070364,175.999999642372,2.2));
#9322=CARTESIAN_POINT('',(-21.984993070364,179.770804643631,2.2));
#9323=CARTESIAN_POINT('Origin',(-26.143247038126,179.770804643631,2.2));
#9324=CARTESIAN_POINT('',(-26.143247038126,179.770804643631,2.8));
#9325=CARTESIAN_POINT('',(-13.071623519063,179.770804643631,2.8));
#9326=CARTESIAN_POINT('',(-26.143247038126,179.770804643631,2.2));
#9327=CARTESIAN_POINT('',(-21.984993070364,179.770804643631,2.2));
#9328=CARTESIAN_POINT('',(-26.143247038126,179.770804643631,2.2));
#9329=CARTESIAN_POINT('Origin',(-26.143247038126,175.999999642372,2.2));
#9330=CARTESIAN_POINT('',(-26.143247038126,175.999999642372,2.8));
#9331=CARTESIAN_POINT('',(-26.143247038126,177.399999821186,2.8));
#9332=CARTESIAN_POINT('',(-26.143247038126,175.999999642372,2.2));
#9333=CARTESIAN_POINT('',(-26.143247038126,179.770804643631,2.2));
#9334=CARTESIAN_POINT('',(-26.143247038126,175.999999642372,2.2));
#9335=CARTESIAN_POINT('Origin',(-27.2019098699093,175.999999642372,2.2));
#9336=CARTESIAN_POINT('',(-27.2019098699093,175.999999642372,2.8));
#9337=CARTESIAN_POINT('',(-13.6009549349546,175.999999642372,2.8));
#9338=CARTESIAN_POINT('',(-27.2019098699093,175.999999642372,2.2));
#9339=CARTESIAN_POINT('',(-26.143247038126,175.999999642372,2.2));
#9340=CARTESIAN_POINT('',(-27.2019098699093,175.999999642372,2.2));
#9341=CARTESIAN_POINT('Origin',(-27.2019098699093,183.999999761581,2.2));
#9342=CARTESIAN_POINT('',(-27.2019098699093,183.999999761581,2.8));
#9343=CARTESIAN_POINT('',(-27.2019098699093,181.399999880791,2.8));
#9344=CARTESIAN_POINT('',(-27.2019098699093,183.999999761581,2.2));
#9345=CARTESIAN_POINT('',(-27.2019098699093,175.999999642372,2.2));
#9346=CARTESIAN_POINT('',(-27.2019098699093,183.999999761581,2.2));
#9347=CARTESIAN_POINT('Origin',(-26.143247038126,183.999999761581,2.2));
#9348=CARTESIAN_POINT('',(-26.143247038126,183.999999761581,2.8));
#9349=CARTESIAN_POINT('',(-13.071623519063,183.999999761581,2.8));
#9350=CARTESIAN_POINT('',(-26.143247038126,183.999999761581,2.2));
#9351=CARTESIAN_POINT('',(-27.2019098699093,183.999999761581,2.2));
#9352=CARTESIAN_POINT('',(-26.143247038126,183.999999761581,2.2));
#9353=CARTESIAN_POINT('Origin',(-26.143247038126,180.714870095253,2.2));
#9354=CARTESIAN_POINT('',(-26.143247038126,180.714870095253,2.8));
#9355=CARTESIAN_POINT('',(-26.143247038126,179.757435047626,2.8));
#9356=CARTESIAN_POINT('',(-26.143247038126,180.714870095253,2.2));
#9357=CARTESIAN_POINT('',(-26.143247038126,183.999999761581,2.2));
#9358=CARTESIAN_POINT('',(-26.143247038126,180.714870095253,2.2));
#9359=CARTESIAN_POINT('Origin',(-21.984993070364,180.714870095253,2.2));
#9360=CARTESIAN_POINT('',(-21.984993070364,180.714870095253,2.8));
#9361=CARTESIAN_POINT('',(-10.992496535182,180.714870095253,2.8));
#9362=CARTESIAN_POINT('',(-21.984993070364,180.714870095253,2.2));
#9363=CARTESIAN_POINT('',(-26.143247038126,180.714870095253,2.2));
#9364=CARTESIAN_POINT('',(-21.984993070364,180.714870095253,2.2));
#9365=CARTESIAN_POINT('Origin',(-21.984993070364,183.999999761581,2.2));
#9366=CARTESIAN_POINT('',(-21.984993070364,183.999999761581,2.8));
#9367=CARTESIAN_POINT('',(-21.984993070364,181.399999880791,2.8));
#9368=CARTESIAN_POINT('',(-21.984993070364,183.999999761581,2.2));
#9369=CARTESIAN_POINT('',(-21.984993070364,180.714870095253,2.2));
#9370=CARTESIAN_POINT('',(-21.984993070364,183.999999761581,2.2));
#9371=CARTESIAN_POINT('Origin',(-20.9263299405575,183.999999761581,2.2));
#9372=CARTESIAN_POINT('',(-10.4631649702787,183.999999761581,2.8));
#9373=CARTESIAN_POINT('',(-21.984993070364,183.999999761581,2.2));
#9374=CARTESIAN_POINT('Origin',(-17.0000006258488,179.999999701977,2.2));
#9375=CARTESIAN_POINT('Ctrl Pts',(67.5920855402946,182.329467654228,2.2));
#9376=CARTESIAN_POINT('Ctrl Pts',(67.5920855402946,182.329467654228,2.85));
#9377=CARTESIAN_POINT('Ctrl Pts',(67.7921409098499,182.180178340163,2.2));
#9378=CARTESIAN_POINT('Ctrl Pts',(67.7921409098499,182.180178340163,2.85));
#9379=CARTESIAN_POINT('Ctrl Pts',(68.1989782679318,181.876580040056,2.2));
#9380=CARTESIAN_POINT('Ctrl Pts',(68.1989782679318,181.876580040056,2.85));
#9381=CARTESIAN_POINT('Ctrl Pts',(68.4370017305432,181.427908166749,2.2));
#9382=CARTESIAN_POINT('Ctrl Pts',(68.4370017305432,181.427908166749,2.85));
#9383=CARTESIAN_POINT('Ctrl Pts',(68.5579811930656,181.19986307621,2.2));
#9384=CARTESIAN_POINT('Ctrl Pts',(68.5579811930656,181.19986307621,2.85));
#9385=CARTESIAN_POINT('',(68.5579811930656,181.19986307621,2.8));
#9386=CARTESIAN_POINT('',(67.5920855402946,182.329467654228,2.8));
#9387=CARTESIAN_POINT('Ctrl Pts',(68.5579811930656,181.19986307621,2.8));
#9388=CARTESIAN_POINT('Ctrl Pts',(68.4370017305432,181.427908166749,2.8));
#9389=CARTESIAN_POINT('Ctrl Pts',(68.3160222680208,181.655953257288,2.8));
#9390=CARTESIAN_POINT('Ctrl Pts',(68.1514322161674,181.846520721912,2.8));
#9391=CARTESIAN_POINT('Ctrl Pts',(67.9921962794051,182.030889026097,2.8));
#9392=CARTESIAN_POINT('Ctrl Pts',(67.7921409098499,182.180178340163,2.8));
#9393=CARTESIAN_POINT('Ctrl Pts',(67.5920855402946,182.329467654228,2.8));
#9394=CARTESIAN_POINT('',(68.5579811930656,181.19986307621,2.2));
#9395=CARTESIAN_POINT('',(68.5579811930656,181.19986307621,2.2));
#9396=CARTESIAN_POINT('',(67.5920855402946,182.329467654228,2.2));
#9397=CARTESIAN_POINT('Ctrl Pts',(68.5579811930656,181.19986307621,2.2));
#9398=CARTESIAN_POINT('Ctrl Pts',(68.4370017305432,181.427908166749,2.2));
#9399=CARTESIAN_POINT('Ctrl Pts',(68.1989782679318,181.876580040056,2.2));
#9400=CARTESIAN_POINT('Ctrl Pts',(67.7921409098499,182.180178340163,2.2));
#9401=CARTESIAN_POINT('Ctrl Pts',(67.5920855402946,182.329467654228,2.2));
#9402=CARTESIAN_POINT('',(67.5920855402946,182.329467654228,2.2));
#9403=CARTESIAN_POINT('Ctrl Pts',(66.1650740504265,182.730559229851,2.2));
#9404=CARTESIAN_POINT('Ctrl Pts',(66.1650740504265,182.730559229851,2.85));
#9405=CARTESIAN_POINT('Ctrl Pts',(66.4208655185837,182.714775797848,2.2));
#9406=CARTESIAN_POINT('Ctrl Pts',(66.4208655185837,182.714775797848,2.85));
#9407=CARTESIAN_POINT('Ctrl Pts',(66.9255787457577,182.683632824396,2.2));
#9408=CARTESIAN_POINT('Ctrl Pts',(66.9255787457577,182.683632824396,2.85));
#9409=CARTESIAN_POINT('Ctrl Pts',(67.3719417747678,182.446446588004,2.2));
#9410=CARTESIAN_POINT('Ctrl Pts',(67.3719417747678,182.446446588004,2.85));
#9411=CARTESIAN_POINT('Ctrl Pts',(67.5920855402946,182.329467654228,2.2));
#9412=CARTESIAN_POINT('Ctrl Pts',(67.5920855402946,182.329467654228,2.85));
#9413=CARTESIAN_POINT('',(66.1650740504265,182.730559229851,2.8));
#9414=CARTESIAN_POINT('Ctrl Pts',(67.5920855402946,182.329467654228,2.8));
#9415=CARTESIAN_POINT('Ctrl Pts',(67.3719417747678,182.446446588004,2.8));
#9416=CARTESIAN_POINT('Ctrl Pts',(67.151798009241,182.563425521779,2.8));
#9417=CARTESIAN_POINT('Ctrl Pts',(66.9174610972404,182.630286335945,2.8));
#9418=CARTESIAN_POINT('Ctrl Pts',(66.6766569867409,182.698992365845,2.8));
#9419=CARTESIAN_POINT('Ctrl Pts',(66.4208655185837,182.714775797848,2.8));
#9420=CARTESIAN_POINT('Ctrl Pts',(66.1650740504265,182.730559229851,2.8));
#9421=CARTESIAN_POINT('',(66.1650740504265,182.730559229851,2.2));
#9422=CARTESIAN_POINT('Ctrl Pts',(67.5920855402946,182.329467654228,2.2));
#9423=CARTESIAN_POINT('Ctrl Pts',(67.3719417747678,182.446446588004,2.2));
#9424=CARTESIAN_POINT('Ctrl Pts',(66.9255787457577,182.683632824396,2.2));
#9425=CARTESIAN_POINT('Ctrl Pts',(66.4208655185837,182.714775797848,2.2));
#9426=CARTESIAN_POINT('Ctrl Pts',(66.1650740504265,182.730559229851,2.2));
#9427=CARTESIAN_POINT('',(66.1650740504265,182.730559229851,2.2));
#9428=CARTESIAN_POINT('Ctrl Pts',(64.2305600047112,181.958389997482,2.2));
#9429=CARTESIAN_POINT('Ctrl Pts',(64.2305600047112,181.958389997482,2.85));
#9430=CARTESIAN_POINT('Ctrl Pts',(64.5139797065622,182.183606006635,2.2));
#9431=CARTESIAN_POINT('Ctrl Pts',(64.5139797065622,182.183606006635,2.85));
#9432=CARTESIAN_POINT('Ctrl Pts',(65.0814958908298,182.634575820362,2.2));
#9433=CARTESIAN_POINT('Ctrl Pts',(65.0814958908298,182.634575820362,2.85));
#9434=CARTESIAN_POINT('Ctrl Pts',(65.8035942890186,182.698539333867,2.2));
#9435=CARTESIAN_POINT('Ctrl Pts',(65.8035942890186,182.698539333867,2.85));
#9436=CARTESIAN_POINT('Ctrl Pts',(66.1650740504265,182.730559229851,2.2));
#9437=CARTESIAN_POINT('Ctrl Pts',(66.1650740504265,182.730559229851,2.85));
#9438=CARTESIAN_POINT('',(64.2305600047112,181.958389997482,2.8));
#9439=CARTESIAN_POINT('Ctrl Pts',(66.1650740504265,182.730559229851,2.8));
#9440=CARTESIAN_POINT('Ctrl Pts',(65.8035942890186,182.698539333867,2.8));
#9441=CARTESIAN_POINT('Ctrl Pts',(65.4421145276108,182.666519437882,2.8));
#9442=CARTESIAN_POINT('Ctrl Pts',(65.1193725466728,182.53751707077,2.8));
#9443=CARTESIAN_POINT('Ctrl Pts',(64.7973994084131,182.408822015788,2.8));
#9444=CARTESIAN_POINT('Ctrl Pts',(64.5139797065622,182.183606006635,2.8));
#9445=CARTESIAN_POINT('Ctrl Pts',(64.2305600047112,181.958389997482,2.8));
#9446=CARTESIAN_POINT('',(64.2305600047112,181.958389997482,2.2));
#9447=CARTESIAN_POINT('Ctrl Pts',(66.1650740504265,182.730559229851,2.2));
#9448=CARTESIAN_POINT('Ctrl Pts',(65.8035942890186,182.698539333867,2.2));
#9449=CARTESIAN_POINT('Ctrl Pts',(65.0814958908298,182.634575820362,2.2));
#9450=CARTESIAN_POINT('Ctrl Pts',(64.5139797065622,182.183606006635,2.2));
#9451=CARTESIAN_POINT('Ctrl Pts',(64.2305600047112,181.958389997482,2.2));
#9452=CARTESIAN_POINT('',(64.2305600047112,181.958389997482,2.2));
#9453=CARTESIAN_POINT('Ctrl Pts',(63.4201895594597,179.37994492054,2.2));
#9454=CARTESIAN_POINT('Ctrl Pts',(63.4201895594597,179.37994492054,2.85));
#9455=CARTESIAN_POINT('Ctrl Pts',(63.4320304560413,179.915028415698,2.2));
#9456=CARTESIAN_POINT('Ctrl Pts',(63.4320304560413,179.915028415698,2.85));
#9457=CARTESIAN_POINT('Ctrl Pts',(63.4529479922525,180.860280180105,2.2));
#9458=CARTESIAN_POINT('Ctrl Pts',(63.4529479922525,180.860280180105,2.85));
#9459=CARTESIAN_POINT('Ctrl Pts',(63.995244187195,181.626087248478,2.2));
#9460=CARTESIAN_POINT('Ctrl Pts',(63.995244187195,181.626087248478,2.85));
#9461=CARTESIAN_POINT('Ctrl Pts',(64.2305600047112,181.958389997482,2.2));
#9462=CARTESIAN_POINT('Ctrl Pts',(64.2305600047112,181.958389997482,2.85));
#9463=CARTESIAN_POINT('',(63.4201895594597,179.37994492054,2.8));
#9464=CARTESIAN_POINT('Ctrl Pts',(64.2305600047112,181.958389997482,2.8));
#9465=CARTESIAN_POINT('Ctrl Pts',(63.995244187195,181.626087248478,2.8));
#9466=CARTESIAN_POINT('Ctrl Pts',(63.7599283696788,181.293784499474,2.8));
#9467=CARTESIAN_POINT('Ctrl Pts',(63.6227833628655,180.927693963051,2.8));
#9468=CARTESIAN_POINT('Ctrl Pts',(63.443871352623,180.450111910856,2.8));
#9469=CARTESIAN_POINT('Ctrl Pts',(63.4320304560413,179.915028415698,2.8));
#9470=CARTESIAN_POINT('Ctrl Pts',(63.4201895594597,179.37994492054,2.8));
#9471=CARTESIAN_POINT('',(63.4201895594597,179.37994492054,2.2));
#9472=CARTESIAN_POINT('Ctrl Pts',(64.2305600047112,181.958389997482,2.2));
#9473=CARTESIAN_POINT('Ctrl Pts',(63.995244187195,181.626087248478,2.2));
#9474=CARTESIAN_POINT('Ctrl Pts',(63.4529479922525,180.860280180105,2.2));
#9475=CARTESIAN_POINT('Ctrl Pts',(63.4320304560413,179.915028415698,2.2));
#9476=CARTESIAN_POINT('Ctrl Pts',(63.4201895594597,179.37994492054,2.2));
#9477=CARTESIAN_POINT('',(63.4201895594597,179.37994492054,2.2));
#9478=CARTESIAN_POINT('Ctrl Pts',(68.0968605875969,175.857434391975,2.2));
#9479=CARTESIAN_POINT('Ctrl Pts',(68.0968605875969,175.857434391975,2.85));
#9480=CARTESIAN_POINT('Ctrl Pts',(68.3809866158436,176.04355147933,2.2));
#9481=CARTESIAN_POINT('Ctrl Pts',(68.3809866158436,176.04355147933,2.85));
#9482=CARTESIAN_POINT('Ctrl Pts',(68.9568067794011,176.42074315143,2.2));
#9483=CARTESIAN_POINT('Ctrl Pts',(68.9568067794011,176.42074315143,2.85));
#9484=CARTESIAN_POINT('Ctrl Pts',(69.3096596767142,177.012144945523,2.2));
#9485=CARTESIAN_POINT('Ctrl Pts',(69.3096596767142,177.012144945523,2.85));
#9486=CARTESIAN_POINT('Ctrl Pts',(69.4884049296379,177.311732292175,2.2));
#9487=CARTESIAN_POINT('Ctrl Pts',(69.4884049296379,177.311732292175,2.85));
#9488=CARTESIAN_POINT('',(69.4884049296379,177.311732292175,2.8));
#9489=CARTESIAN_POINT('',(68.0968605875969,175.857434391975,2.8));
#9490=CARTESIAN_POINT('Ctrl Pts',(69.4884049296379,177.311732292175,2.8));
#9491=CARTESIAN_POINT('Ctrl Pts',(69.3096596767142,177.012144945523,2.8));
#9492=CARTESIAN_POINT('Ctrl Pts',(69.1309144237905,176.71255759887,2.8));
#9493=CARTESIAN_POINT('Ctrl Pts',(68.8949524760246,176.467939734459,2.8));
#9494=CARTESIAN_POINT('Ctrl Pts',(68.6651126440903,176.229668566685,2.8));
#9495=CARTESIAN_POINT('Ctrl Pts',(68.3809866158436,176.04355147933,2.8));
#9496=CARTESIAN_POINT('Ctrl Pts',(68.0968605875969,175.857434391975,2.8));
#9497=CARTESIAN_POINT('',(69.4884049296379,177.311732292175,2.2));
#9498=CARTESIAN_POINT('',(69.4884049296379,177.311732292175,2.2));
#9499=CARTESIAN_POINT('',(68.0968605875969,175.857434391975,2.2));
#9500=CARTESIAN_POINT('Ctrl Pts',(69.4884049296379,177.311732292175,2.2));
#9501=CARTESIAN_POINT('Ctrl Pts',(69.3096596767142,177.012144945523,2.2));
#9502=CARTESIAN_POINT('Ctrl Pts',(68.9568067794011,176.42074315143,2.2));
#9503=CARTESIAN_POINT('Ctrl Pts',(68.3809866158436,176.04355147933,2.2));
#9504=CARTESIAN_POINT('Ctrl Pts',(68.0968605875969,175.857434391975,2.2));
#9505=CARTESIAN_POINT('',(68.0968605875969,175.857434391975,2.2));
#9506=CARTESIAN_POINT('Ctrl Pts',(66.154161632061,175.363574147224,2.2));
#9507=CARTESIAN_POINT('Ctrl Pts',(66.154161632061,175.363574147224,2.85));
#9508=CARTESIAN_POINT('Ctrl Pts',(66.4950931546189,175.383829764854,2.2));
#9509=CARTESIAN_POINT('Ctrl Pts',(66.4950931546189,175.383829764854,2.85));
#9510=CARTESIAN_POINT('Ctrl Pts',(67.1743154041802,175.424184103664,2.2));
#9511=CARTESIAN_POINT('Ctrl Pts',(67.1743154041802,175.424184103664,2.85));
#9512=CARTESIAN_POINT('Ctrl Pts',(67.7901436336322,175.713392440292,2.2));
#9513=CARTESIAN_POINT('Ctrl Pts',(67.7901436336322,175.713392440292,2.85));
#9514=CARTESIAN_POINT('Ctrl Pts',(68.0968605875969,175.857434391975,2.2));
#9515=CARTESIAN_POINT('Ctrl Pts',(68.0968605875969,175.857434391975,2.85));
#9516=CARTESIAN_POINT('',(66.154161632061,175.363574147224,2.8));
#9517=CARTESIAN_POINT('Ctrl Pts',(68.0968605875969,175.857434391975,2.8));
#9518=CARTESIAN_POINT('Ctrl Pts',(67.7901436336322,175.713392440292,2.8));
#9519=CARTESIAN_POINT('Ctrl Pts',(67.4834266796675,175.569350488609,2.8));
#9520=CARTESIAN_POINT('Ctrl Pts',(67.1609842181206,175.487039208412,2.8));
#9521=CARTESIAN_POINT('Ctrl Pts',(66.8360246771769,175.404085382483,2.8));
#9522=CARTESIAN_POINT('Ctrl Pts',(66.4950931546189,175.383829764854,2.8));
#9523=CARTESIAN_POINT('Ctrl Pts',(66.154161632061,175.363574147224,2.8));
#9524=CARTESIAN_POINT('',(66.154161632061,175.363574147224,2.2));
#9525=CARTESIAN_POINT('Ctrl Pts',(68.0968605875969,175.857434391975,2.2));
#9526=CARTESIAN_POINT('Ctrl Pts',(67.7901436336322,175.713392440292,2.2));
#9527=CARTESIAN_POINT('Ctrl Pts',(67.1743154041802,175.424184103664,2.2));
#9528=CARTESIAN_POINT('Ctrl Pts',(66.4950931546189,175.383829764854,2.2));
#9529=CARTESIAN_POINT('Ctrl Pts',(66.154161632061,175.363574147224,2.2));
#9530=CARTESIAN_POINT('',(66.154161632061,175.363574147224,2.2));
#9531=CARTESIAN_POINT('Ctrl Pts',(64.135061442852,175.909276127815,2.2));
#9532=CARTESIAN_POINT('Ctrl Pts',(64.135061442852,175.909276127815,2.85));
#9533=CARTESIAN_POINT('Ctrl Pts',(64.445356378758,175.750132618952,2.2));
#9534=CARTESIAN_POINT('Ctrl Pts',(64.445356378758,175.750132618952,2.85));
#9535=CARTESIAN_POINT('Ctrl Pts',(65.0792325466784,175.425031349564,2.2));
#9536=CARTESIAN_POINT('Ctrl Pts',(65.0792325466784,175.425031349564,2.85));
#9537=CARTESIAN_POINT('Ctrl Pts',(65.7908798006188,175.38434415459,2.2));
#9538=CARTESIAN_POINT('Ctrl Pts',(65.7908798006188,175.38434415459,2.85));
#9539=CARTESIAN_POINT('Ctrl Pts',(66.154161632061,175.363574147224,2.2));
#9540=CARTESIAN_POINT('Ctrl Pts',(66.154161632061,175.363574147224,2.85));
#9541=CARTESIAN_POINT('',(64.135061442852,175.909276127815,2.8));
#9542=CARTESIAN_POINT('Ctrl Pts',(66.154161632061,175.363574147224,2.8));
#9543=CARTESIAN_POINT('Ctrl Pts',(65.7908798006188,175.38434415459,2.8));
#9544=CARTESIAN_POINT('Ctrl Pts',(65.4275979691766,175.405114161956,2.8));
#9545=CARTESIAN_POINT('Ctrl Pts',(65.0845825076103,175.499999642372,2.8));
#9546=CARTESIAN_POINT('Ctrl Pts',(64.755651314664,175.590989110089,2.8));
#9547=CARTESIAN_POINT('Ctrl Pts',(64.445356378758,175.750132618952,2.8));
#9548=CARTESIAN_POINT('Ctrl Pts',(64.135061442852,175.909276127815,2.8));
#9549=CARTESIAN_POINT('',(64.135061442852,175.909276127815,2.2));
#9550=CARTESIAN_POINT('Ctrl Pts',(66.154161632061,175.363574147224,2.2));
#9551=CARTESIAN_POINT('Ctrl Pts',(65.7908798006188,175.38434415459,2.2));
#9552=CARTESIAN_POINT('Ctrl Pts',(65.0792325466784,175.425031349564,2.2));
#9553=CARTESIAN_POINT('Ctrl Pts',(64.445356378758,175.750132618952,2.2));
#9554=CARTESIAN_POINT('Ctrl Pts',(64.135061442852,175.909276127815,2.2));
#9555=CARTESIAN_POINT('',(64.135061442852,175.909276127815,2.2));
#9556=CARTESIAN_POINT('Ctrl Pts',(62.7871763110161,177.399044752121,2.2));
#9557=CARTESIAN_POINT('Ctrl Pts',(62.7871763110161,177.399044752121,2.85));
#9558=CARTESIAN_POINT('Ctrl Pts',(62.9577129050182,177.101091603228,2.2));
#9559=CARTESIAN_POINT('Ctrl Pts',(62.9577129050182,177.101091603228,2.85));
#9560=CARTESIAN_POINT('Ctrl Pts',(63.2982738792358,176.506080220175,2.2));
#9561=CARTESIAN_POINT('Ctrl Pts',(63.2982738792358,176.506080220175,2.85));
#9562=CARTESIAN_POINT('Ctrl Pts',(63.8564120737689,176.1080112561,2.2));
#9563=CARTESIAN_POINT('Ctrl Pts',(63.8564120737689,176.1080112561,2.85));
#9564=CARTESIAN_POINT('Ctrl Pts',(64.135061442852,175.909276127815,2.2));
#9565=CARTESIAN_POINT('Ctrl Pts',(64.135061442852,175.909276127815,2.85));
#9566=CARTESIAN_POINT('',(62.7871763110161,177.399044752121,2.8));
#9567=CARTESIAN_POINT('Ctrl Pts',(64.135061442852,175.909276127815,2.8));
#9568=CARTESIAN_POINT('Ctrl Pts',(63.8564120737689,176.1080112561,2.8));
#9569=CARTESIAN_POINT('Ctrl Pts',(63.5777627046857,176.306746384384,2.8));
#9570=CARTESIAN_POINT('Ctrl Pts',(63.353344142437,176.554569125176,2.8));
#9571=CARTESIAN_POINT('Ctrl Pts',(63.1282494990203,176.803138454334,2.8));
#9572=CARTESIAN_POINT('Ctrl Pts',(62.9577129050182,177.101091603228,2.8));
#9573=CARTESIAN_POINT('Ctrl Pts',(62.7871763110161,177.399044752121,2.8));
#9574=CARTESIAN_POINT('',(62.7871763110161,177.399044752121,2.2));
#9575=CARTESIAN_POINT('Ctrl Pts',(64.135061442852,175.909276127815,2.2));
#9576=CARTESIAN_POINT('Ctrl Pts',(63.8564120737689,176.1080112561,2.2));
#9577=CARTESIAN_POINT('Ctrl Pts',(63.2982738792358,176.506080220175,2.2));
#9578=CARTESIAN_POINT('Ctrl Pts',(62.9577129050182,177.101091603228,2.2));
#9579=CARTESIAN_POINT('Ctrl Pts',(62.7871763110161,177.399044752121,2.2));
#9580=CARTESIAN_POINT('',(62.7871763110161,177.399044752121,2.2));
#9581=CARTESIAN_POINT('Ctrl Pts',(62.328785598278,179.396315932274,2.2));
#9582=CARTESIAN_POINT('Ctrl Pts',(62.328785598278,179.396315932274,2.85));
#9583=CARTESIAN_POINT('Ctrl Pts',(62.3478148386187,179.049940565369,2.2));
#9584=CARTESIAN_POINT('Ctrl Pts',(62.3478148386187,179.049940565369,2.85));
#9585=CARTESIAN_POINT('Ctrl Pts',(62.38583819525,178.357829168996,2.2));
#9586=CARTESIAN_POINT('Ctrl Pts',(62.38583819525,178.357829168996,2.85));
#9587=CARTESIAN_POINT('Ctrl Pts',(62.6534793502065,177.718442680133,2.2));
#9588=CARTESIAN_POINT('Ctrl Pts',(62.6534793502065,177.718442680133,2.85));
#9589=CARTESIAN_POINT('Ctrl Pts',(62.7871763110161,177.399044752121,2.2));
#9590=CARTESIAN_POINT('Ctrl Pts',(62.7871763110161,177.399044752121,2.85));
#9591=CARTESIAN_POINT('',(62.328785598278,179.396315932274,2.8));
#9592=CARTESIAN_POINT('Ctrl Pts',(62.7871763110161,177.399044752121,2.8));
#9593=CARTESIAN_POINT('Ctrl Pts',(62.6534793502065,177.718442680133,2.8));
#9594=CARTESIAN_POINT('Ctrl Pts',(62.5197823893969,178.037840608144,2.8));
#9595=CARTESIAN_POINT('Ctrl Pts',(62.443383872509,178.370395421982,2.8));
#9596=CARTESIAN_POINT('Ctrl Pts',(62.3668440789594,178.703565198463,2.8));
#9597=CARTESIAN_POINT('Ctrl Pts',(62.3478148386187,179.049940565369,2.8));
#9598=CARTESIAN_POINT('Ctrl Pts',(62.328785598278,179.396315932274,2.8));
#9599=CARTESIAN_POINT('',(62.328785598278,179.396315932274,2.2));
#9600=CARTESIAN_POINT('Ctrl Pts',(62.7871763110161,177.399044752121,2.2));
#9601=CARTESIAN_POINT('Ctrl Pts',(62.6534793502065,177.718442680133,2.2));
#9602=CARTESIAN_POINT('Ctrl Pts',(62.38583819525,178.357829168996,2.2));
#9603=CARTESIAN_POINT('Ctrl Pts',(62.3478148386187,179.049940565369,2.2));
#9604=CARTESIAN_POINT('Ctrl Pts',(62.328785598278,179.396315932274,2.2));
#9605=CARTESIAN_POINT('',(62.328785598278,179.396315932274,2.2));
#9606=CARTESIAN_POINT('Ctrl Pts',(64.1978179812431,177.101636648178,2.2));
#9607=CARTESIAN_POINT('Ctrl Pts',(64.1978179812431,177.101636648178,2.85));
#9608=CARTESIAN_POINT('Ctrl Pts',(63.9712742423216,177.418762717563,2.2));
#9609=CARTESIAN_POINT('Ctrl Pts',(63.9712742423216,177.418762717563,2.85));
#9610=CARTESIAN_POINT('Ctrl Pts',(63.486167584479,178.097836738175,2.2));
#9611=CARTESIAN_POINT('Ctrl Pts',(63.486167584479,178.097836738175,2.85));
#9612=CARTESIAN_POINT('Ctrl Pts',(63.4431291434721,178.934174857648,2.2));
#9613=CARTESIAN_POINT('Ctrl Pts',(63.4431291434721,178.934174857648,2.85));
#9614=CARTESIAN_POINT('Ctrl Pts',(63.4201895594597,179.37994492054,2.2));
#9615=CARTESIAN_POINT('Ctrl Pts',(63.4201895594597,179.37994492054,2.85));
#9616=CARTESIAN_POINT('',(64.1978179812431,177.101636648178,2.8));
#9617=CARTESIAN_POINT('Ctrl Pts',(63.4201895594597,179.37994492054,2.8));
#9618=CARTESIAN_POINT('Ctrl Pts',(63.4431291434721,178.934174857648,2.8));
#9619=CARTESIAN_POINT('Ctrl Pts',(63.4660687274845,178.488404794756,2.8));
#9620=CARTESIAN_POINT('Ctrl Pts',(63.6145960688591,178.087312102318,2.8));
#9621=CARTESIAN_POINT('Ctrl Pts',(63.7447305034001,177.735888786948,2.8));
#9622=CARTESIAN_POINT('Ctrl Pts',(63.9712742423216,177.418762717563,2.8));
#9623=CARTESIAN_POINT('Ctrl Pts',(64.1978179812431,177.101636648178,2.8));
#9624=CARTESIAN_POINT('',(64.1978179812431,177.101636648178,2.2));
#9625=CARTESIAN_POINT('Ctrl Pts',(63.4201895594597,179.37994492054,2.2));
#9626=CARTESIAN_POINT('Ctrl Pts',(63.4431291434721,178.934174857648,2.2));
#9627=CARTESIAN_POINT('Ctrl Pts',(63.486167584479,178.097836738175,2.2));
#9628=CARTESIAN_POINT('Ctrl Pts',(63.9712742423216,177.418762717563,2.2));
#9629=CARTESIAN_POINT('Ctrl Pts',(64.1978179812431,177.101636648178,2.2));
#9630=CARTESIAN_POINT('',(64.1978179812431,177.101636648178,2.2));
#9631=CARTESIAN_POINT('Ctrl Pts',(66.1487042307854,176.269440770149,2.2));
#9632=CARTESIAN_POINT('Ctrl Pts',(66.1487042307854,176.269440770149,2.85));
#9633=CARTESIAN_POINT('Ctrl Pts',(65.7752136467167,176.302933289572,2.2));
#9634=CARTESIAN_POINT('Ctrl Pts',(65.7752136467167,176.302933289572,2.85));
#9635=CARTESIAN_POINT('Ctrl Pts',(65.0344670162197,176.369359250407,2.2));
#9636=CARTESIAN_POINT('Ctrl Pts',(65.0344670162197,176.369359250407,2.85));
#9637=CARTESIAN_POINT('Ctrl Pts',(64.4751317668796,176.858917647949,2.2));
#9638=CARTESIAN_POINT('Ctrl Pts',(64.4751317668796,176.858917647949,2.85));
#9639=CARTESIAN_POINT('Ctrl Pts',(64.1978179812431,177.101636648178,2.2));
#9640=CARTESIAN_POINT('Ctrl Pts',(64.1978179812431,177.101636648178,2.85));
#9641=CARTESIAN_POINT('',(66.1487042307854,176.269440770149,2.8));
#9642=CARTESIAN_POINT('Ctrl Pts',(64.1978179812431,177.101636648178,2.8));
#9643=CARTESIAN_POINT('Ctrl Pts',(64.4751317668796,176.858917647949,2.8));
#9644=CARTESIAN_POINT('Ctrl Pts',(64.7524455525161,176.61619864772,2.8));
#9645=CARTESIAN_POINT('Ctrl Pts',(65.0743519663811,176.477489590645,2.8));
#9646=CARTESIAN_POINT('Ctrl Pts',(65.401723062648,176.336425808995,2.8));
#9647=CARTESIAN_POINT('Ctrl Pts',(65.7752136467167,176.302933289572,2.8));
#9648=CARTESIAN_POINT('Ctrl Pts',(66.1487042307854,176.269440770149,2.8));
#9649=CARTESIAN_POINT('',(66.1487042307854,176.269440770149,2.2));
#9650=CARTESIAN_POINT('Ctrl Pts',(64.1978179812431,177.101636648178,2.2));
#9651=CARTESIAN_POINT('Ctrl Pts',(64.4751317668796,176.858917647949,2.2));
#9652=CARTESIAN_POINT('Ctrl Pts',(65.0344670162197,176.369359250407,2.2));
#9653=CARTESIAN_POINT('Ctrl Pts',(65.7752136467167,176.302933289572,2.2));
#9654=CARTESIAN_POINT('Ctrl Pts',(66.1487042307854,176.269440770149,2.2));
#9655=CARTESIAN_POINT('',(66.1487042307854,176.269440770149,2.2));
#9656=CARTESIAN_POINT('Ctrl Pts',(68.1159626841545,177.109822154045,2.2));
#9657=CARTESIAN_POINT('Ctrl Pts',(68.1159626841545,177.109822154045,2.85));
#9658=CARTESIAN_POINT('Ctrl Pts',(67.8384016776781,176.864722940676,2.2));
#9659=CARTESIAN_POINT('Ctrl Pts',(67.8384016776781,176.864722940676,2.85));
#9660=CARTESIAN_POINT('Ctrl Pts',(67.275906882145,176.368014005729,2.2));
#9661=CARTESIAN_POINT('Ctrl Pts',(67.275906882145,176.368014005729,2.85));
#9662=CARTESIAN_POINT('Ctrl Pts',(66.5277074038281,176.302584383693,2.2));
#9663=CARTESIAN_POINT('Ctrl Pts',(66.5277074038281,176.302584383693,2.85));
#9664=CARTESIAN_POINT('Ctrl Pts',(66.1487042307854,176.269440770149,2.2));
#9665=CARTESIAN_POINT('Ctrl Pts',(66.1487042307854,176.269440770149,2.85));
#9666=CARTESIAN_POINT('',(68.1159626841545,177.109822154045,2.8));
#9667=CARTESIAN_POINT('Ctrl Pts',(66.1487042307854,176.269440770149,2.8));
#9668=CARTESIAN_POINT('Ctrl Pts',(66.5277074038281,176.302584383693,2.8));
#9669=CARTESIAN_POINT('Ctrl Pts',(66.9067105768709,176.335727997236,2.8));
#9670=CARTESIAN_POINT('Ctrl Pts',(67.2380625605583,176.479536414146,2.8));
#9671=CARTESIAN_POINT('Ctrl Pts',(67.5608406712018,176.619623727306,2.8));
#9672=CARTESIAN_POINT('Ctrl Pts',(67.8384016776781,176.864722940676,2.8));
#9673=CARTESIAN_POINT('Ctrl Pts',(68.1159626841545,177.109822154045,2.8));
#9674=CARTESIAN_POINT('',(68.1159626841545,177.109822154045,2.2));
#9675=CARTESIAN_POINT('Ctrl Pts',(66.1487042307854,176.269440770149,2.2));
#9676=CARTESIAN_POINT('Ctrl Pts',(66.5277074038281,176.302584383693,2.2));
#9677=CARTESIAN_POINT('Ctrl Pts',(67.275906882145,176.368014005729,2.2));
#9678=CARTESIAN_POINT('Ctrl Pts',(67.8384016776781,176.864722940676,2.2));
#9679=CARTESIAN_POINT('Ctrl Pts',(68.1159626841545,177.109822154045,2.2));
#9680=CARTESIAN_POINT('',(68.1159626841545,177.109822154045,2.2));
#9681=CARTESIAN_POINT('Ctrl Pts',(68.8881313204765,179.494542598724,2.2));
#9682=CARTESIAN_POINT('Ctrl Pts',(68.8881313204765,179.494542598724,2.85));
#9683=CARTESIAN_POINT('Ctrl Pts',(68.8681102054102,179.023291111323,2.2));
#9684=CARTESIAN_POINT('Ctrl Pts',(68.8681102054102,179.023291111323,2.85));
#9685=CARTESIAN_POINT('Ctrl Pts',(68.8311411063984,178.153122649708,2.2));
#9686=CARTESIAN_POINT('Ctrl Pts',(68.8311411063984,178.153122649708,2.85));
#9687=CARTESIAN_POINT('Ctrl Pts',(68.3407677320814,177.437767196338,2.2));
#9688=CARTESIAN_POINT('Ctrl Pts',(68.3407677320814,177.437767196338,2.85));
#9689=CARTESIAN_POINT('Ctrl Pts',(68.1159626841545,177.109822154045,2.2));
#9690=CARTESIAN_POINT('Ctrl Pts',(68.1159626841545,177.109822154045,2.85));
#9691=CARTESIAN_POINT('',(68.8881313204765,179.494542598724,2.8));
#9692=CARTESIAN_POINT('Ctrl Pts',(68.1159626841545,177.109822154045,2.8));
#9693=CARTESIAN_POINT('Ctrl Pts',(68.3407677320814,177.437767196338,2.8));
#9694=CARTESIAN_POINT('Ctrl Pts',(68.5655727800084,177.765712238631,2.8));
#9695=CARTESIAN_POINT('Ctrl Pts',(68.6950885653496,178.126193404198,2.8));
#9696=CARTESIAN_POINT('Ctrl Pts',(68.8480890903438,178.552039623923,2.8));
#9697=CARTESIAN_POINT('Ctrl Pts',(68.8681102054102,179.023291111323,2.8));
#9698=CARTESIAN_POINT('Ctrl Pts',(68.8881313204765,179.494542598724,2.8));
#9699=CARTESIAN_POINT('',(68.8881313204765,179.494542598724,2.2));
#9700=CARTESIAN_POINT('Ctrl Pts',(68.1159626841545,177.109822154045,2.2));
#9701=CARTESIAN_POINT('Ctrl Pts',(68.3407677320814,177.437767196338,2.2));
#9702=CARTESIAN_POINT('Ctrl Pts',(68.8311411063984,178.153122649708,2.2));
#9703=CARTESIAN_POINT('Ctrl Pts',(68.8681102054102,179.023291111323,2.2));
#9704=CARTESIAN_POINT('Ctrl Pts',(68.8881313204765,179.494542598724,2.2));
#9705=CARTESIAN_POINT('',(68.8881313204765,179.494542598724,2.2));
#9706=CARTESIAN_POINT('Ctrl Pts',(68.5579811930656,181.19986307621,2.2));
#9707=CARTESIAN_POINT('Ctrl Pts',(68.5579811930656,181.19986307621,2.85));
#9708=CARTESIAN_POINT('Ctrl Pts',(68.6542052521398,180.939062487753,2.2));
#9709=CARTESIAN_POINT('Ctrl Pts',(68.6542052521398,180.939062487753,2.85));
#9710=CARTESIAN_POINT('Ctrl Pts',(68.8571061335169,180.38913069553,2.2));
#9711=CARTESIAN_POINT('Ctrl Pts',(68.8571061335169,180.38913069553,2.85));
#9712=CARTESIAN_POINT('Ctrl Pts',(68.8774404072846,179.80280709679,2.2));
#9713=CARTESIAN_POINT('Ctrl Pts',(68.8774404072846,179.80280709679,2.85));
#9714=CARTESIAN_POINT('Ctrl Pts',(68.8881313204765,179.494542598724,2.2));
#9715=CARTESIAN_POINT('Ctrl Pts',(68.8881313204765,179.494542598724,2.85));
#9716=CARTESIAN_POINT('Ctrl Pts',(68.8881313204765,179.494542598724,2.8));
#9717=CARTESIAN_POINT('Ctrl Pts',(68.8774404072846,179.80280709679,2.8));
#9718=CARTESIAN_POINT('Ctrl Pts',(68.8667494940926,180.111071594856,2.8));
#9719=CARTESIAN_POINT('Ctrl Pts',(68.8055931925774,180.409276604652,2.8));
#9720=CARTESIAN_POINT('Ctrl Pts',(68.7504293112139,180.678261899296,2.8));
#9721=CARTESIAN_POINT('Ctrl Pts',(68.6542052521398,180.939062487753,2.8));
#9722=CARTESIAN_POINT('Ctrl Pts',(68.5579811930656,181.19986307621,2.8));
#9723=CARTESIAN_POINT('Ctrl Pts',(68.8881313204765,179.494542598724,2.2));
#9724=CARTESIAN_POINT('Ctrl Pts',(68.8774404072846,179.80280709679,2.2));
#9725=CARTESIAN_POINT('Ctrl Pts',(68.8571061335169,180.38913069553,2.2));
#9726=CARTESIAN_POINT('Ctrl Pts',(68.6542052521398,180.939062487753,2.2));
#9727=CARTESIAN_POINT('Ctrl Pts',(68.5579811930656,181.19986307621,2.2));
#9728=CARTESIAN_POINT('Ctrl Pts',(63.3983623385429,182.515006780624,2.2));
#9729=CARTESIAN_POINT('Ctrl Pts',(63.3983623385429,182.515006780624,2.85));
#9730=CARTESIAN_POINT('Ctrl Pts',(63.0867969107415,182.083124005201,2.2));
#9731=CARTESIAN_POINT('Ctrl Pts',(63.0867969107415,182.083124005201,2.85));
#9732=CARTESIAN_POINT('Ctrl Pts',(62.4176271767724,181.155540723656,2.2));
#9733=CARTESIAN_POINT('Ctrl Pts',(62.4176271767724,181.155540723656,2.85));
#9734=CARTESIAN_POINT('Ctrl Pts',(62.3597272950822,180.009017789083,2.2));
#9735=CARTESIAN_POINT('Ctrl Pts',(62.3597272950822,180.009017789083,2.85));
#9736=CARTESIAN_POINT('Ctrl Pts',(62.328785598278,179.396315932274,2.2));
#9737=CARTESIAN_POINT('Ctrl Pts',(62.328785598278,179.396315932274,2.85));
#9738=CARTESIAN_POINT('',(63.3983623385429,182.515006780624,2.8));
#9739=CARTESIAN_POINT('Ctrl Pts',(62.328785598278,179.396315932274,2.8));
#9740=CARTESIAN_POINT('Ctrl Pts',(62.3597272950822,180.009017789083,2.8));
#9741=CARTESIAN_POINT('Ctrl Pts',(62.3906689918864,180.621719645892,2.8));
#9742=CARTESIAN_POINT('Ctrl Pts',(62.5961791872978,181.171895980835,2.8));
#9743=CARTESIAN_POINT('Ctrl Pts',(62.7752314829401,181.651241229777,2.8));
#9744=CARTESIAN_POINT('Ctrl Pts',(63.0867969107415,182.083124005201,2.8));
#9745=CARTESIAN_POINT('Ctrl Pts',(63.3983623385429,182.515006780624,2.8));
#9746=CARTESIAN_POINT('',(63.3983623385429,182.515006780624,2.2));
#9747=CARTESIAN_POINT('Ctrl Pts',(62.328785598278,179.396315932274,2.2));
#9748=CARTESIAN_POINT('Ctrl Pts',(62.3597272950822,180.009017789083,2.2));
#9749=CARTESIAN_POINT('Ctrl Pts',(62.4176271767724,181.155540723656,2.2));
#9750=CARTESIAN_POINT('Ctrl Pts',(63.0867969107415,182.083124005201,2.2));
#9751=CARTESIAN_POINT('Ctrl Pts',(63.3983623385429,182.515006780624,2.2));
#9752=CARTESIAN_POINT('',(63.3983623385429,182.515006780624,2.2));
#9753=CARTESIAN_POINT('Ctrl Pts',(66.1596190333366,183.641882061958,2.2));
#9754=CARTESIAN_POINT('Ctrl Pts',(66.1596190333366,183.641882061958,2.85));
#9755=CARTESIAN_POINT('Ctrl Pts',(65.6261805347976,183.599617848665,2.2));
#9756=CARTESIAN_POINT('Ctrl Pts',(65.6261805347976,183.599617848665,2.85));
#9757=CARTESIAN_POINT('Ctrl Pts',(64.5843845023395,183.517076581312,2.2));
#9758=CARTESIAN_POINT('Ctrl Pts',(64.5843845023395,183.517076581312,2.85));
#9759=CARTESIAN_POINT('Ctrl Pts',(63.7873065795771,182.843625663128,2.2));
#9760=CARTESIAN_POINT('Ctrl Pts',(63.7873065795771,182.843625663128,2.85));
#9761=CARTESIAN_POINT('Ctrl Pts',(63.3983623385429,182.515006780624,2.2));
#9762=CARTESIAN_POINT('Ctrl Pts',(63.3983623385429,182.515006780624,2.85));
#9763=CARTESIAN_POINT('',(66.1596190333366,183.641882061958,2.8));
#9764=CARTESIAN_POINT('Ctrl Pts',(63.3983623385429,182.515006780624,2.8));
#9765=CARTESIAN_POINT('Ctrl Pts',(63.7873065795771,182.843625663128,2.8));
#9766=CARTESIAN_POINT('Ctrl Pts',(64.1762508206112,183.172244545632,2.8));
#9767=CARTESIAN_POINT('Ctrl Pts',(64.6234642863274,183.360163390636,2.8));
#9768=CARTESIAN_POINT('Ctrl Pts',(65.0927420362585,183.557353635371,2.8));
#9769=CARTESIAN_POINT('Ctrl Pts',(65.6261805347976,183.599617848665,2.8));
#9770=CARTESIAN_POINT('Ctrl Pts',(66.1596190333366,183.641882061958,2.8));
#9771=CARTESIAN_POINT('',(66.1596190333366,183.641882061958,2.2));
#9772=CARTESIAN_POINT('Ctrl Pts',(63.3983623385429,182.515006780624,2.2));
#9773=CARTESIAN_POINT('Ctrl Pts',(63.7873065795771,182.843625663128,2.2));
#9774=CARTESIAN_POINT('Ctrl Pts',(64.5843845023395,183.517076581312,2.2));
#9775=CARTESIAN_POINT('Ctrl Pts',(65.6261805347976,183.599617848665,2.2));
#9776=CARTESIAN_POINT('Ctrl Pts',(66.1596190333366,183.641882061958,2.2));
#9777=CARTESIAN_POINT('',(66.1596190333366,183.641882061958,2.2));
#9778=CARTESIAN_POINT('Ctrl Pts',(68.1568896174431,183.112551093102,2.2));
#9779=CARTESIAN_POINT('Ctrl Pts',(68.1568896174431,183.112551093102,2.85));
#9780=CARTESIAN_POINT('Ctrl Pts',(67.8481006172127,183.266925399813,2.2));
#9781=CARTESIAN_POINT('Ctrl Pts',(67.8481006172127,183.266925399813,2.85));
#9782=CARTESIAN_POINT('Ctrl Pts',(67.2192633622443,183.581302904185,2.2));
#9783=CARTESIAN_POINT('Ctrl Pts',(67.2192633622443,183.581302904185,2.85));
#9784=CARTESIAN_POINT('Ctrl Pts',(66.5170249739278,183.621449403307,2.2));
#9785=CARTESIAN_POINT('Ctrl Pts',(66.5170249739278,183.621449403307,2.85));
#9786=CARTESIAN_POINT('Ctrl Pts',(66.1596190333366,183.641882061958,2.2));
#9787=CARTESIAN_POINT('Ctrl Pts',(66.1596190333366,183.641882061958,2.85));
#9788=CARTESIAN_POINT('',(68.1568896174431,183.112551093102,2.8));
#9789=CARTESIAN_POINT('Ctrl Pts',(66.1596190333366,183.641882061958,2.8));
#9790=CARTESIAN_POINT('Ctrl Pts',(66.5170249739278,183.621449403307,2.8));
#9791=CARTESIAN_POINT('Ctrl Pts',(66.874430914519,183.601016744656,2.8));
#9792=CARTESIAN_POINT('Ctrl Pts',(67.2128235697746,183.509549319744,2.8));
#9793=CARTESIAN_POINT('Ctrl Pts',(67.5393116169824,183.421299706524,2.8));
#9794=CARTESIAN_POINT('Ctrl Pts',(67.8481006172127,183.266925399813,2.8));
#9795=CARTESIAN_POINT('Ctrl Pts',(68.1568896174431,183.112551093102,2.8));
#9796=CARTESIAN_POINT('',(68.1568896174431,183.112551093102,2.2));
#9797=CARTESIAN_POINT('Ctrl Pts',(66.1596190333366,183.641882061958,2.2));
#9798=CARTESIAN_POINT('Ctrl Pts',(66.5170249739278,183.621449403307,2.2));
#9799=CARTESIAN_POINT('Ctrl Pts',(67.2192633622443,183.581302904185,2.2));
#9800=CARTESIAN_POINT('Ctrl Pts',(67.8481006172127,183.266925399813,2.2));
#9801=CARTESIAN_POINT('Ctrl Pts',(68.1568896174431,183.112551093102,2.2));
#9802=CARTESIAN_POINT('',(68.1568896174431,183.112551093102,2.2));
#9803=CARTESIAN_POINT('Ctrl Pts',(69.5129596590996,181.636425375938,2.2));
#9804=CARTESIAN_POINT('Ctrl Pts',(69.5129596590996,181.636425375938,2.85));
#9805=CARTESIAN_POINT('Ctrl Pts',(69.3405913812577,181.934164506445,2.2));
#9806=CARTESIAN_POINT('Ctrl Pts',(69.3405913812577,181.934164506445,2.85));
#9807=CARTESIAN_POINT('Ctrl Pts',(68.9976387487365,182.526561320352,2.2));
#9808=CARTESIAN_POINT('Ctrl Pts',(68.9976387487365,182.526561320352,2.85));
#9809=CARTESIAN_POINT('Ctrl Pts',(68.4361657973162,182.917899705325,2.2));
#9810=CARTESIAN_POINT('Ctrl Pts',(68.4361657973162,182.917899705325,2.85));
#9811=CARTESIAN_POINT('Ctrl Pts',(68.1568896174431,183.112551093102,2.2));
#9812=CARTESIAN_POINT('Ctrl Pts',(68.1568896174431,183.112551093102,2.85));
#9813=CARTESIAN_POINT('',(69.5129596590996,181.636425375938,2.8));
#9814=CARTESIAN_POINT('Ctrl Pts',(68.1568896174431,183.112551093102,2.8));
#9815=CARTESIAN_POINT('Ctrl Pts',(68.4361657973162,182.917899705325,2.8));
#9816=CARTESIAN_POINT('Ctrl Pts',(68.7154419771894,182.723248317548,2.8));
#9817=CARTESIAN_POINT('Ctrl Pts',(68.9406549334526,182.478853881359,2.8));
#9818=CARTESIAN_POINT('Ctrl Pts',(69.1682231034159,182.231903636953,2.8));
#9819=CARTESIAN_POINT('Ctrl Pts',(69.3405913812577,181.934164506445,2.8));
#9820=CARTESIAN_POINT('Ctrl Pts',(69.5129596590996,181.636425375938,2.8));
#9821=CARTESIAN_POINT('',(69.5129596590996,181.636425375938,2.2));
#9822=CARTESIAN_POINT('Ctrl Pts',(68.1568896174431,183.112551093102,2.2));
#9823=CARTESIAN_POINT('Ctrl Pts',(68.4361657973162,182.917899705325,2.2));
#9824=CARTESIAN_POINT('Ctrl Pts',(68.9976387487365,182.526561320352,2.2));
#9825=CARTESIAN_POINT('Ctrl Pts',(69.3405913812577,181.934164506445,2.2));
#9826=CARTESIAN_POINT('Ctrl Pts',(69.5129596590996,181.636425375938,2.2));
#9827=CARTESIAN_POINT('',(69.5129596590996,181.636425375938,2.2));
#9828=CARTESIAN_POINT('Ctrl Pts',(69.9795352816582,179.489085793495,2.2));
#9829=CARTESIAN_POINT('Ctrl Pts',(69.9795352816582,179.489085793495,2.85));
#9830=CARTESIAN_POINT('Ctrl Pts',(69.9628290748143,179.873030116729,2.2));
#9831=CARTESIAN_POINT('Ctrl Pts',(69.9628290748143,179.873030116729,2.85));
#9832=CARTESIAN_POINT('Ctrl Pts',(69.9304974962304,180.616078863492,2.2));
#9833=CARTESIAN_POINT('Ctrl Pts',(69.9304974962304,180.616078863492,2.85));
#9834=CARTESIAN_POINT('Ctrl Pts',(69.6490021696564,181.303975262806,2.2));
#9835=CARTESIAN_POINT('Ctrl Pts',(69.6490021696564,181.303975262806,2.85));
#9836=CARTESIAN_POINT('Ctrl Pts',(69.5129596590996,181.636425375938,2.2));
#9837=CARTESIAN_POINT('Ctrl Pts',(69.5129596590996,181.636425375938,2.85));
#9838=CARTESIAN_POINT('',(69.9795352816582,179.489085793495,2.8));
#9839=CARTESIAN_POINT('Ctrl Pts',(69.5129596590996,181.636425375938,2.8));
#9840=CARTESIAN_POINT('Ctrl Pts',(69.6490021696564,181.303975262806,2.8));
#9841=CARTESIAN_POINT('Ctrl Pts',(69.7850446802131,180.971525149675,2.8));
#9842=CARTESIAN_POINT('Ctrl Pts',(69.8628913760185,180.626193404198,2.8));
#9843=CARTESIAN_POINT('Ctrl Pts',(69.9461228679705,180.256974439962,2.8));
#9844=CARTESIAN_POINT('Ctrl Pts',(69.9628290748143,179.873030116729,2.8));
#9845=CARTESIAN_POINT('Ctrl Pts',(69.9795352816582,179.489085793495,2.8));
#9846=CARTESIAN_POINT('',(69.9795352816582,179.489085793495,2.2));
#9847=CARTESIAN_POINT('Ctrl Pts',(69.5129596590996,181.636425375938,2.2));
#9848=CARTESIAN_POINT('Ctrl Pts',(69.6490021696564,181.303975262806,2.2));
#9849=CARTESIAN_POINT('Ctrl Pts',(69.9304974962304,180.616078863492,2.2));
#9850=CARTESIAN_POINT('Ctrl Pts',(69.9628290748143,179.873030116729,2.2));
#9851=CARTESIAN_POINT('Ctrl Pts',(69.9795352816582,179.489085793495,2.2));
#9852=CARTESIAN_POINT('',(69.9795352816582,179.489085793495,2.2));
#9853=CARTESIAN_POINT('Ctrl Pts',(69.4884049296379,177.311732292175,2.2));
#9854=CARTESIAN_POINT('Ctrl Pts',(69.4884049296379,177.311732292175,2.85));
#9855=CARTESIAN_POINT('Ctrl Pts',(69.6316118990963,177.648563017868,2.2));
#9856=CARTESIAN_POINT('Ctrl Pts',(69.6316118990963,177.648563017868,2.85));
#9857=CARTESIAN_POINT('Ctrl Pts',(69.9273066566561,178.344053468852,2.2));
#9858=CARTESIAN_POINT('Ctrl Pts',(69.9273066566561,178.344053468852,2.85));
#9859=CARTESIAN_POINT('Ctrl Pts',(69.9617652288543,179.099504699408,2.2));
#9860=CARTESIAN_POINT('Ctrl Pts',(69.9617652288543,179.099504699408,2.85));
#9861=CARTESIAN_POINT('Ctrl Pts',(69.9795352816582,179.489085793495,2.2));
#9862=CARTESIAN_POINT('Ctrl Pts',(69.9795352816582,179.489085793495,2.85));
#9863=CARTESIAN_POINT('Ctrl Pts',(69.9795352816582,179.489085793495,2.8));
#9864=CARTESIAN_POINT('Ctrl Pts',(69.9617652288543,179.099504699408,2.8));
#9865=CARTESIAN_POINT('Ctrl Pts',(69.9439951760505,178.709923605321,2.8));
#9866=CARTESIAN_POINT('Ctrl Pts',(69.8567520976067,178.336288452148,2.8));
#9867=CARTESIAN_POINT('Ctrl Pts',(69.7748188685546,177.985393743562,2.8));
#9868=CARTESIAN_POINT('Ctrl Pts',(69.6316118990963,177.648563017868,2.8));
#9869=CARTESIAN_POINT('Ctrl Pts',(69.4884049296379,177.311732292175,2.8));
#9870=CARTESIAN_POINT('Ctrl Pts',(69.9795352816582,179.489085793495,2.2));
#9871=CARTESIAN_POINT('Ctrl Pts',(69.9617652288543,179.099504699408,2.2));
#9872=CARTESIAN_POINT('Ctrl Pts',(69.9273066566561,178.344053468852,2.2));
#9873=CARTESIAN_POINT('Ctrl Pts',(69.6316118990963,177.648563017868,2.2));
#9874=CARTESIAN_POINT('Ctrl Pts',(69.4884049296379,177.311732292175,2.2));
#9875=CARTESIAN_POINT('Origin',(56.9999993741512,179.502728104591,2.2));
#9876=CARTESIAN_POINT('Ctrl Pts',(48.1132327914238,182.484992861748,2.2));
#9877=CARTESIAN_POINT('Ctrl Pts',(48.1132327914238,182.484992861748,2.85));
#9878=CARTESIAN_POINT('Ctrl Pts',(48.2449819144399,182.436375558419,2.2));
#9879=CARTESIAN_POINT('Ctrl Pts',(48.2449819144399,182.436375558419,2.85));
#9880=CARTESIAN_POINT('Ctrl Pts',(48.5098244396729,182.338644893587,2.2));
#9881=CARTESIAN_POINT('Ctrl Pts',(48.5098244396729,182.338644893587,2.85));
#9882=CARTESIAN_POINT('Ctrl Pts',(48.690781016768,182.121888258598,2.2));
#9883=CARTESIAN_POINT('Ctrl Pts',(48.690781016768,182.121888258598,2.85));
#9884=CARTESIAN_POINT('Ctrl Pts',(48.7817185521126,182.012959837914,2.2));
#9885=CARTESIAN_POINT('Ctrl Pts',(48.7817185521126,182.012959837914,2.85));
#9886=CARTESIAN_POINT('',(48.7817185521126,182.012959837914,2.8));
#9887=CARTESIAN_POINT('',(48.1132327914238,182.484992861748,2.8));
#9888=CARTESIAN_POINT('Ctrl Pts',(48.7817185521126,182.012959837914,2.8));
#9889=CARTESIAN_POINT('Ctrl Pts',(48.690781016768,182.121888258598,2.8));
#9890=CARTESIAN_POINT('Ctrl Pts',(48.5998434814234,182.230816679283,2.8));
#9891=CARTESIAN_POINT('Ctrl Pts',(48.4877210259438,182.309685766697,2.8));
#9892=CARTESIAN_POINT('Ctrl Pts',(48.376731037456,182.387758255091,2.8));
#9893=CARTESIAN_POINT('Ctrl Pts',(48.2449819144399,182.436375558419,2.8));
#9894=CARTESIAN_POINT('Ctrl Pts',(48.1132327914238,182.484992861748,2.8));
#9895=CARTESIAN_POINT('',(48.7817185521126,182.012959837914,2.2));
#9896=CARTESIAN_POINT('',(48.7817185521126,182.012959837914,2.2));
#9897=CARTESIAN_POINT('',(48.1132327914238,182.484992861748,2.2));
#9898=CARTESIAN_POINT('Ctrl Pts',(48.7817185521126,182.012959837914,2.2));
#9899=CARTESIAN_POINT('Ctrl Pts',(48.690781016768,182.121888258598,2.2));
#9900=CARTESIAN_POINT('Ctrl Pts',(48.5098244396729,182.338644893587,2.2));
#9901=CARTESIAN_POINT('Ctrl Pts',(48.2449819144399,182.436375558419,2.2));
#9902=CARTESIAN_POINT('Ctrl Pts',(48.1132327914238,182.484992861748,2.2));
#9903=CARTESIAN_POINT('',(48.1132327914238,182.484992861748,2.2));
#9904=CARTESIAN_POINT('Ctrl Pts',(47.1255111098289,182.555934309959,2.2));
#9905=CARTESIAN_POINT('Ctrl Pts',(47.1255111098289,182.555934309959,2.85));
#9906=CARTESIAN_POINT('Ctrl Pts',(47.3284463525035,182.556794778687,2.2));
#9907=CARTESIAN_POINT('Ctrl Pts',(47.3284463525035,182.556794778687,2.85));
#9908=CARTESIAN_POINT('Ctrl Pts',(47.6597973955155,182.558199745151,2.2));
#9909=CARTESIAN_POINT('Ctrl Pts',(47.6597973955155,182.558199745151,2.85));
#9910=CARTESIAN_POINT('Ctrl Pts',(47.9865854045816,182.50544000938,2.2));
#9911=CARTESIAN_POINT('Ctrl Pts',(47.9865854045816,182.50544000938,2.85));
#9912=CARTESIAN_POINT('Ctrl Pts',(48.1132327914238,182.484992861748,2.2));
#9913=CARTESIAN_POINT('Ctrl Pts',(48.1132327914238,182.484992861748,2.85));
#9914=CARTESIAN_POINT('',(47.1255111098289,182.555934309959,2.8));
#9915=CARTESIAN_POINT('Ctrl Pts',(48.1132327914238,182.484992861748,2.8));
#9916=CARTESIAN_POINT('Ctrl Pts',(47.9865854045816,182.50544000938,2.8));
#9917=CARTESIAN_POINT('Ctrl Pts',(47.8599380177394,182.525887157012,2.8));
#9918=CARTESIAN_POINT('Ctrl Pts',(47.732605278492,182.538198947906,2.8));
#9919=CARTESIAN_POINT('Ctrl Pts',(47.5313815951781,182.557655247414,2.8));
#9920=CARTESIAN_POINT('Ctrl Pts',(47.3284463525035,182.556794778687,2.8));
#9921=CARTESIAN_POINT('Ctrl Pts',(47.1255111098289,182.555934309959,2.8));
#9922=CARTESIAN_POINT('',(47.1255111098289,182.555934309959,2.2));
#9923=CARTESIAN_POINT('Ctrl Pts',(48.1132327914238,182.484992861748,2.2));
#9924=CARTESIAN_POINT('Ctrl Pts',(47.9865854045816,182.50544000938,2.2));
#9925=CARTESIAN_POINT('Ctrl Pts',(47.6597973955155,182.558199745151,2.2));
#9926=CARTESIAN_POINT('Ctrl Pts',(47.3284463525035,182.556794778687,2.2));
#9927=CARTESIAN_POINT('Ctrl Pts',(47.1255111098289,182.555934309959,2.2));
#9928=CARTESIAN_POINT('',(47.1255111098289,182.555934309959,2.2));
#9929=CARTESIAN_POINT('Origin',(45.0791264474392,182.555934309959,2.2));
#9930=CARTESIAN_POINT('',(45.0791264474392,182.555934309959,2.8));
#9931=CARTESIAN_POINT('',(22.5395632237196,182.555934309959,2.8));
#9932=CARTESIAN_POINT('',(45.0791264474392,182.555934309959,2.2));
#9933=CARTESIAN_POINT('',(47.1255111098289,182.555934309959,2.2));
#9934=CARTESIAN_POINT('',(45.0791264474392,182.555934309959,2.2));
#9935=CARTESIAN_POINT('Origin',(45.0791264474392,179.696452736855,2.2));
#9936=CARTESIAN_POINT('',(45.0791264474392,179.696452736855,2.8));
#9937=CARTESIAN_POINT('',(45.0791264474392,179.248226368427,2.8));
#9938=CARTESIAN_POINT('',(45.0791264474392,179.696452736855,2.2));
#9939=CARTESIAN_POINT('',(45.0791264474392,182.555934309959,2.2));
#9940=CARTESIAN_POINT('',(45.0791264474392,179.696452736855,2.2));
#9941=CARTESIAN_POINT('Ctrl Pts',(49.4774889349937,179.459071874619,2.2));
#9942=CARTESIAN_POINT('Ctrl Pts',(49.4774889349937,179.459071874619,2.85));
#9943=CARTESIAN_POINT('Ctrl Pts',(49.6668781190808,179.710511784158,2.2));
#9944=CARTESIAN_POINT('Ctrl Pts',(49.6668781190808,179.710511784158,2.85));
#9945=CARTESIAN_POINT('Ctrl Pts',(50.0522121539738,180.222095142747,2.2));
#9946=CARTESIAN_POINT('Ctrl Pts',(50.0522121539738,180.222095142747,2.85));
#9947=CARTESIAN_POINT('Ctrl Pts',(50.1017070860447,180.861221086164,2.2));
#9948=CARTESIAN_POINT('Ctrl Pts',(50.1017070860447,180.861221086164,2.85));
#9949=CARTESIAN_POINT('Ctrl Pts',(50.1268755793571,181.186220765114,2.2));
#9950=CARTESIAN_POINT('Ctrl Pts',(50.1268755793571,181.186220765114,2.85));
#9951=CARTESIAN_POINT('',(50.1268755793571,181.186220765114,2.8));
#9952=CARTESIAN_POINT('',(49.4774889349937,179.459071874619,2.8));
#9953=CARTESIAN_POINT('Ctrl Pts',(50.1268755793571,181.186220765114,2.8));
#9954=CARTESIAN_POINT('Ctrl Pts',(50.1017070860447,180.861221086164,2.8));
#9955=CARTESIAN_POINT('Ctrl Pts',(50.0765385927322,180.536221407213,2.8));
#9956=CARTESIAN_POINT('Ctrl Pts',(49.9645292162895,180.244201540947,2.8));
#9957=CARTESIAN_POINT('Ctrl Pts',(49.8562673031679,179.961951693697,2.8));
#9958=CARTESIAN_POINT('Ctrl Pts',(49.6668781190808,179.710511784158,2.8));
#9959=CARTESIAN_POINT('Ctrl Pts',(49.4774889349937,179.459071874619,2.8));
#9960=CARTESIAN_POINT('',(50.1268755793571,181.186220765114,2.2));
#9961=CARTESIAN_POINT('',(50.1268755793571,181.186220765114,2.2));
#9962=CARTESIAN_POINT('',(49.4774889349937,179.459071874619,2.2));
#9963=CARTESIAN_POINT('Ctrl Pts',(50.1268755793571,181.186220765114,2.2));
#9964=CARTESIAN_POINT('Ctrl Pts',(50.1017070860447,180.861221086164,2.2));
#9965=CARTESIAN_POINT('Ctrl Pts',(50.0522121539738,180.222095142747,2.2));
#9966=CARTESIAN_POINT('Ctrl Pts',(49.6668781190808,179.710511784158,2.2));
#9967=CARTESIAN_POINT('Ctrl Pts',(49.4774889349937,179.459071874619,2.2));
#9968=CARTESIAN_POINT('',(49.4774889349937,179.459071874619,2.2));
#9969=CARTESIAN_POINT('Ctrl Pts',(47.1309682130814,178.752386689186,2.2));
#9970=CARTESIAN_POINT('Ctrl Pts',(47.1309682130814,178.752386689186,2.85));
#9971=CARTESIAN_POINT('Ctrl Pts',(47.6272190101284,178.758231818571,2.2));
#9972=CARTESIAN_POINT('Ctrl Pts',(47.6272190101284,178.758231818571,2.85));
#9973=CARTESIAN_POINT('Ctrl Pts',(48.4852654959946,178.768338387181,2.2));
#9974=CARTESIAN_POINT('Ctrl Pts',(48.4852654959946,178.768338387181,2.85));
#9975=CARTESIAN_POINT('Ctrl Pts',(49.1832031904729,179.254205701712,2.2));
#9976=CARTESIAN_POINT('Ctrl Pts',(49.1832031904729,179.254205701712,2.85));
#9977=CARTESIAN_POINT('Ctrl Pts',(49.4774889349937,179.459071874619,2.2));
#9978=CARTESIAN_POINT('Ctrl Pts',(49.4774889349937,179.459071874619,2.85));
#9979=CARTESIAN_POINT('',(47.1309682130814,178.752386689186,2.8));
#9980=CARTESIAN_POINT('Ctrl Pts',(49.4774889349937,179.459071874619,2.8));
#9981=CARTESIAN_POINT('Ctrl Pts',(49.1832031904729,179.254205701712,2.8));
#9982=CARTESIAN_POINT('Ctrl Pts',(48.888917445952,179.049339528805,2.8));
#9983=CARTESIAN_POINT('Ctrl Pts',(48.5661661028862,178.929058432579,2.8));
#9984=CARTESIAN_POINT('Ctrl Pts',(48.1234698071754,178.764076947955,2.8));
#9985=CARTESIAN_POINT('Ctrl Pts',(47.6272190101284,178.758231818571,2.8));
#9986=CARTESIAN_POINT('Ctrl Pts',(47.1309682130814,178.752386689186,2.8));
#9987=CARTESIAN_POINT('',(47.1309682130814,178.752386689186,2.2));
#9988=CARTESIAN_POINT('Ctrl Pts',(49.4774889349937,179.459071874619,2.2));
#9989=CARTESIAN_POINT('Ctrl Pts',(49.1832031904729,179.254205701712,2.2));
#9990=CARTESIAN_POINT('Ctrl Pts',(48.4852654959946,178.768338387181,2.2));
#9991=CARTESIAN_POINT('Ctrl Pts',(47.6272190101284,178.758231818571,2.2));
#9992=CARTESIAN_POINT('Ctrl Pts',(47.1309682130814,178.752386689186,2.2));
#9993=CARTESIAN_POINT('',(47.1309682130814,178.752386689186,2.2));
#9994=CARTESIAN_POINT('Origin',(45.0791264474392,178.752386689186,2.2));
#9995=CARTESIAN_POINT('',(45.0791264474392,178.752386689186,2.8));
#9996=CARTESIAN_POINT('',(22.5395632237196,178.752386689186,2.8));
#9997=CARTESIAN_POINT('',(45.0791264474392,178.752386689186,2.2));
#9998=CARTESIAN_POINT('',(47.1309682130814,178.752386689186,2.2));
#9999=CARTESIAN_POINT('',(45.0791264474392,178.752386689186,2.2));
#10000=CARTESIAN_POINT('Origin',(45.0791264474392,175.499999642372,2.2));
#10001=CARTESIAN_POINT('',(45.0791264474392,175.499999642372,2.8));
#10002=CARTESIAN_POINT('',(45.0791264474392,177.149999821186,2.8));
#10003=CARTESIAN_POINT('',(45.0791264474392,175.499999642372,2.2));
#10004=CARTESIAN_POINT('',(45.0791264474392,178.752386689186,2.2));
#10005=CARTESIAN_POINT('',(45.0791264474392,175.499999642372,2.2));
#10006=CARTESIAN_POINT('Origin',(44.0204634666443,175.499999642372,2.2));
#10007=CARTESIAN_POINT('',(44.0204634666443,175.499999642372,2.8));
#10008=CARTESIAN_POINT('',(22.0102317333221,175.499999642372,2.8));
#10009=CARTESIAN_POINT('',(44.0204634666443,175.499999642372,2.2));
#10010=CARTESIAN_POINT('',(45.0791264474392,175.499999642372,2.2));
#10011=CARTESIAN_POINT('',(44.0204634666443,175.499999642372,2.2));
#10012=CARTESIAN_POINT('Origin',(47.1473392248154,179.696452736855,2.2));
#10013=CARTESIAN_POINT('',(47.1473392248154,179.696452736855,2.8));
#10014=CARTESIAN_POINT('',(23.5736696124077,179.696452736855,2.8));
#10015=CARTESIAN_POINT('',(47.1473392248154,179.696452736855,2.2));
#10016=CARTESIAN_POINT('',(45.0791264474392,179.696452736855,2.2));
#10017=CARTESIAN_POINT('',(47.1473392248154,179.696452736855,2.2));
#10018=CARTESIAN_POINT('Ctrl Pts',(48.6043655276299,180.078444600105,2.2));
#10019=CARTESIAN_POINT('Ctrl Pts',(48.6043655276299,180.078444600105,2.85));
#10020=CARTESIAN_POINT('Ctrl Pts',(48.4155451531939,179.967685194266,2.2));
#10021=CARTESIAN_POINT('Ctrl Pts',(48.4155451531939,179.967685194266,2.85));
#10022=CARTESIAN_POINT('Ctrl Pts',(47.9690972732357,179.705805076349,2.2));
#10023=CARTESIAN_POINT('Ctrl Pts',(47.9690972732357,179.705805076349,2.85));
#10024=CARTESIAN_POINT('Ctrl Pts',(47.4480278733937,179.699874841851,2.2));
#10025=CARTESIAN_POINT('Ctrl Pts',(47.4480278733937,179.699874841851,2.85));
#10026=CARTESIAN_POINT('Ctrl Pts',(47.1473392248154,179.696452736855,2.2));
#10027=CARTESIAN_POINT('Ctrl Pts',(47.1473392248154,179.696452736855,2.85));
#10028=CARTESIAN_POINT('',(48.6043655276299,180.078444600105,2.8));
#10029=CARTESIAN_POINT('Ctrl Pts',(47.1473392248154,179.696452736855,2.8));
#10030=CARTESIAN_POINT('Ctrl Pts',(47.4078739247366,179.699417854103,2.8));
#10031=CARTESIAN_POINT('Ctrl Pts',(47.6684086246574,179.702382971352,2.8));
#10032=CARTESIAN_POINT('Ctrl Pts',(48.1660236708956,179.821319362686,2.8));
#10033=CARTESIAN_POINT('Ctrl Pts',(48.3492697607049,179.928808970682,2.8));
#10034=CARTESIAN_POINT('Ctrl Pts',(48.6043655276299,180.078444600105,2.8));
#10035=CARTESIAN_POINT('',(48.6043655276299,180.078444600105,2.2));
#10036=CARTESIAN_POINT('Ctrl Pts',(47.1473392248154,179.696452736855,2.2));
#10037=CARTESIAN_POINT('Ctrl Pts',(47.4480278733937,179.699874841851,2.2));
#10038=CARTESIAN_POINT('Ctrl Pts',(47.9690972732357,179.705805076349,2.2));
#10039=CARTESIAN_POINT('Ctrl Pts',(48.4155451531939,179.967685194266,2.2));
#10040=CARTESIAN_POINT('Ctrl Pts',(48.6043655276299,180.078444600105,2.2));
#10041=CARTESIAN_POINT('',(48.6043655276299,180.078444600105,2.2));
#10042=CARTESIAN_POINT('Ctrl Pts',(49.0354704260826,181.153478145599,2.2));
#10043=CARTESIAN_POINT('Ctrl Pts',(49.0354704260826,181.153478145599,2.85));
#10044=CARTESIAN_POINT('Ctrl Pts',(49.0216134822618,180.939232182036,2.2));
#10045=CARTESIAN_POINT('Ctrl Pts',(49.0216134822618,180.939232182036,2.85));
#10046=CARTESIAN_POINT('Ctrl Pts',(48.9952879181303,180.532205500926,2.2));
#10047=CARTESIAN_POINT('Ctrl Pts',(48.9952879181303,180.532205500926,2.85));
#10048=CARTESIAN_POINT('Ctrl Pts',(48.7300096912642,180.2242853354,2.2));
#10049=CARTESIAN_POINT('Ctrl Pts',(48.7300096912642,180.2242853354,2.85));
#10050=CARTESIAN_POINT('Ctrl Pts',(48.6043655276299,180.078444600105,2.2));
#10051=CARTESIAN_POINT('Ctrl Pts',(48.6043655276299,180.078444600105,2.85));
#10052=CARTESIAN_POINT('',(49.0354704260826,181.153478145599,2.8));
#10053=CARTESIAN_POINT('Ctrl Pts',(48.6043655276299,180.078444600105,2.8));
#10054=CARTESIAN_POINT('Ctrl Pts',(48.7300096912642,180.2242853354,2.8));
#10055=CARTESIAN_POINT('Ctrl Pts',(48.8556538548984,180.370126070694,2.8));
#10056=CARTESIAN_POINT('Ctrl Pts',(48.9276944994926,180.538199067116,2.8));
#10057=CARTESIAN_POINT('Ctrl Pts',(49.0077565384411,180.724986218473,2.8));
#10058=CARTESIAN_POINT('Ctrl Pts',(49.0216134822618,180.939232182036,2.8));
#10059=CARTESIAN_POINT('Ctrl Pts',(49.0354704260826,181.153478145599,2.8));
#10060=CARTESIAN_POINT('',(49.0354704260826,181.153478145599,2.2));
#10061=CARTESIAN_POINT('Ctrl Pts',(48.6043655276299,180.078444600105,2.2));
#10062=CARTESIAN_POINT('Ctrl Pts',(48.7300096912642,180.2242853354,2.2));
#10063=CARTESIAN_POINT('Ctrl Pts',(48.9952879181303,180.532205500926,2.2));
#10064=CARTESIAN_POINT('Ctrl Pts',(49.0216134822618,180.939232182036,2.2));
#10065=CARTESIAN_POINT('Ctrl Pts',(49.0354704260826,181.153478145599,2.2));
#10066=CARTESIAN_POINT('',(49.0354704260826,181.153478145599,2.2));
#10067=CARTESIAN_POINT('Ctrl Pts',(48.7817185521126,182.012959837914,2.2));
#10068=CARTESIAN_POINT('Ctrl Pts',(48.7817185521126,182.012959837914,2.85));
#10069=CARTESIAN_POINT('Ctrl Pts',(48.8557025881533,181.88494380667,2.2));
#10070=CARTESIAN_POINT('Ctrl Pts',(48.8557025881533,181.88494380667,2.85));
#10071=CARTESIAN_POINT('Ctrl Pts',(49.0092564848483,181.619246482101,2.2));
#10072=CARTESIAN_POINT('Ctrl Pts',(49.0092564848483,181.619246482101,2.85));
#10073=CARTESIAN_POINT('Ctrl Pts',(49.0265230769367,181.312454313683,2.2));
#10074=CARTESIAN_POINT('Ctrl Pts',(49.0265230769367,181.312454313683,2.85));
#10075=CARTESIAN_POINT('Ctrl Pts',(49.0354704260826,181.153478145599,2.2));
#10076=CARTESIAN_POINT('Ctrl Pts',(49.0354704260826,181.153478145599,2.85));
#10077=CARTESIAN_POINT('Ctrl Pts',(49.0354704260826,181.153478145599,2.8));
#10078=CARTESIAN_POINT('Ctrl Pts',(49.0265230769367,181.312454313683,2.8));
#10079=CARTESIAN_POINT('Ctrl Pts',(49.0175757277907,181.471430481766,2.8));
#10080=CARTESIAN_POINT('Ctrl Pts',(48.9720326066017,181.619371891022,2.8));
#10081=CARTESIAN_POINT('Ctrl Pts',(48.929686624194,181.756927775427,2.8));
#10082=CARTESIAN_POINT('Ctrl Pts',(48.8557025881533,181.88494380667,2.8));
#10083=CARTESIAN_POINT('Ctrl Pts',(48.7817185521126,182.012959837914,2.8));
#10084=CARTESIAN_POINT('Ctrl Pts',(49.0354704260826,181.153478145599,2.2));
#10085=CARTESIAN_POINT('Ctrl Pts',(49.0265230769367,181.312454313683,2.2));
#10086=CARTESIAN_POINT('Ctrl Pts',(49.0092564848483,181.619246482101,2.2));
#10087=CARTESIAN_POINT('Ctrl Pts',(48.8557025881533,181.88494380667,2.2));
#10088=CARTESIAN_POINT('Ctrl Pts',(48.7817185521126,182.012959837914,2.2));
#10089=CARTESIAN_POINT('Origin',(44.0204634666443,183.499999761581,2.2));
#10090=CARTESIAN_POINT('',(44.0204634666443,183.499999761581,2.8));
#10091=CARTESIAN_POINT('',(44.0204634666443,181.149999880791,2.8));
#10092=CARTESIAN_POINT('',(44.0204634666443,183.499999761581,2.2));
#10093=CARTESIAN_POINT('',(44.0204634666443,175.499999642372,2.2));
#10094=CARTESIAN_POINT('',(44.0204634666443,183.499999761581,2.2));
#10095=CARTESIAN_POINT('Origin',(47.0381986498833,183.499999761581,2.2));
#10096=CARTESIAN_POINT('',(47.0381986498833,183.499999761581,2.8));
#10097=CARTESIAN_POINT('',(23.5190993249416,183.499999761581,2.8));
#10098=CARTESIAN_POINT('',(47.0381986498833,183.499999761581,2.2));
#10099=CARTESIAN_POINT('',(44.0204634666443,183.499999761581,2.2));
#10100=CARTESIAN_POINT('',(47.0381986498833,183.499999761581,2.2));
#10101=CARTESIAN_POINT('Ctrl Pts',(48.2551156878471,183.423600912094,2.2));
#10102=CARTESIAN_POINT('Ctrl Pts',(48.2551156878471,183.423600912094,2.85));
#10103=CARTESIAN_POINT('Ctrl Pts',(48.0838854331778,183.445756417059,2.2));
#10104=CARTESIAN_POINT('Ctrl Pts',(48.0838854331778,183.445756417059,2.85));
#10105=CARTESIAN_POINT('Ctrl Pts',(47.6800988666506,183.49800241352,2.2));
#10106=CARTESIAN_POINT('Ctrl Pts',(47.6800988666506,183.49800241352,2.85));
#10107=CARTESIAN_POINT('Ctrl Pts',(47.2727859330332,183.499269815644,2.2));
#10108=CARTESIAN_POINT('Ctrl Pts',(47.2727859330332,183.499269815644,2.85));
#10109=CARTESIAN_POINT('Ctrl Pts',(47.0381986498833,183.499999761581,2.2));
#10110=CARTESIAN_POINT('Ctrl Pts',(47.0381986498833,183.499999761581,2.85));
#10111=CARTESIAN_POINT('',(48.2551156878471,183.423600912094,2.8));
#10112=CARTESIAN_POINT('Ctrl Pts',(47.0381986498833,183.499999761581,2.8));
#10113=CARTESIAN_POINT('Ctrl Pts',(47.2727859330332,183.499269815644,2.8));
#10114=CARTESIAN_POINT('Ctrl Pts',(47.5073732161831,183.498539869708,2.8));
#10115=CARTESIAN_POINT('Ctrl Pts',(47.740790784359,183.48090004921,2.8));
#10116=CARTESIAN_POINT('Ctrl Pts',(47.9126551785084,183.467911922024,2.8));
#10117=CARTESIAN_POINT('Ctrl Pts',(48.0838854331778,183.445756417059,2.8));
#10118=CARTESIAN_POINT('Ctrl Pts',(48.2551156878471,183.423600912094,2.8));
#10119=CARTESIAN_POINT('',(48.2551156878471,183.423600912094,2.2));
#10120=CARTESIAN_POINT('Ctrl Pts',(47.0381986498833,183.499999761581,2.2));
#10121=CARTESIAN_POINT('Ctrl Pts',(47.2727859330332,183.499269815644,2.2));
#10122=CARTESIAN_POINT('Ctrl Pts',(47.6800988666506,183.49800241352,2.2));
#10123=CARTESIAN_POINT('Ctrl Pts',(48.0838854331778,183.445756417059,2.2));
#10124=CARTESIAN_POINT('Ctrl Pts',(48.2551156878471,183.423600912094,2.2));
#10125=CARTESIAN_POINT('',(48.2551156878471,183.423600912094,2.2));
#10126=CARTESIAN_POINT('Ctrl Pts',(49.242837369442,183.049795150757,2.2));
#10127=CARTESIAN_POINT('Ctrl Pts',(49.242837369442,183.049795150757,2.85));
#10128=CARTESIAN_POINT('Ctrl Pts',(49.0972716766059,183.13502004948,2.2));
#10129=CARTESIAN_POINT('Ctrl Pts',(49.0972716766059,183.13502004948,2.85));
#10130=CARTESIAN_POINT('Ctrl Pts',(48.7894609032605,183.315235191338,2.2));
#10131=CARTESIAN_POINT('Ctrl Pts',(48.7894609032605,183.315235191338,2.85));
#10132=CARTESIAN_POINT('Ctrl Pts',(48.4395509667264,183.386197261136,2.2));
#10133=CARTESIAN_POINT('Ctrl Pts',(48.4395509667264,183.386197261136,2.85));
#10134=CARTESIAN_POINT('Ctrl Pts',(48.2551156878471,183.423600912094,2.2));
#10135=CARTESIAN_POINT('Ctrl Pts',(48.2551156878471,183.423600912094,2.85));
#10136=CARTESIAN_POINT('',(49.242837369442,183.049795150757,2.8));
#10137=CARTESIAN_POINT('Ctrl Pts',(48.2551156878471,183.423600912094,2.8));
#10138=CARTESIAN_POINT('Ctrl Pts',(48.4395509667264,183.386197261136,2.8));
#10139=CARTESIAN_POINT('Ctrl Pts',(48.6239862456057,183.348793610177,2.8));
#10140=CARTESIAN_POINT('Ctrl Pts',(48.7967252135277,183.281036436558,2.8));
#10141=CARTESIAN_POINT('Ctrl Pts',(48.9517059837699,183.220244948202,2.8));
#10142=CARTESIAN_POINT('Ctrl Pts',(49.0972716766059,183.13502004948,2.8));
#10143=CARTESIAN_POINT('Ctrl Pts',(49.242837369442,183.049795150757,2.8));
#10144=CARTESIAN_POINT('',(49.242837369442,183.049795150757,2.2));
#10145=CARTESIAN_POINT('Ctrl Pts',(48.2551156878471,183.423600912094,2.2));
#10146=CARTESIAN_POINT('Ctrl Pts',(48.4395509667264,183.386197261136,2.2));
#10147=CARTESIAN_POINT('Ctrl Pts',(48.7894609032605,183.315235191338,2.2));
#10148=CARTESIAN_POINT('Ctrl Pts',(49.0972716766059,183.13502004948,2.2));
#10149=CARTESIAN_POINT('Ctrl Pts',(49.242837369442,183.049795150757,2.2));
#10150=CARTESIAN_POINT('',(49.242837369442,183.049795150757,2.2));
#10151=CARTESIAN_POINT('Ctrl Pts',(49.8840379118919,182.277625918388,2.2));
#10152=CARTESIAN_POINT('Ctrl Pts',(49.8840379118919,182.277625918388,2.85));
#10153=CARTESIAN_POINT('Ctrl Pts',(49.7990592150963,182.43221972336,2.2));
#10154=CARTESIAN_POINT('Ctrl Pts',(49.7990592150963,182.43221972336,2.85));
#10155=CARTESIAN_POINT('Ctrl Pts',(49.6347890449309,182.731061098985,2.2));
#10156=CARTESIAN_POINT('Ctrl Pts',(49.6347890449309,182.731061098985,2.85));
#10157=CARTESIAN_POINT('Ctrl Pts',(49.3704372057223,182.946031305961,2.2));
#10158=CARTESIAN_POINT('Ctrl Pts',(49.3704372057223,182.946031305961,2.85));
#10159=CARTESIAN_POINT('Ctrl Pts',(49.242837369442,183.049795150757,2.2));
#10160=CARTESIAN_POINT('Ctrl Pts',(49.242837369442,183.049795150757,2.85));
#10161=CARTESIAN_POINT('',(49.8840379118919,182.277625918388,2.8));
#10162=CARTESIAN_POINT('Ctrl Pts',(49.242837369442,183.049795150757,2.8));
#10163=CARTESIAN_POINT('Ctrl Pts',(49.3704372057223,182.946031305961,2.8));
#10164=CARTESIAN_POINT('Ctrl Pts',(49.4980370420026,182.842267461164,2.8));
#10165=CARTESIAN_POINT('Ctrl Pts',(49.6023189425468,182.718962550163,2.8));
#10166=CARTESIAN_POINT('Ctrl Pts',(49.7140805183006,182.586813528332,2.8));
#10167=CARTESIAN_POINT('Ctrl Pts',(49.7990592150963,182.43221972336,2.8));
#10168=CARTESIAN_POINT('Ctrl Pts',(49.8840379118919,182.277625918388,2.8));
#10169=CARTESIAN_POINT('',(49.8840379118919,182.277625918388,2.2));
#10170=CARTESIAN_POINT('Ctrl Pts',(49.242837369442,183.049795150757,2.2));
#10171=CARTESIAN_POINT('Ctrl Pts',(49.3704372057223,182.946031305961,2.2));
#10172=CARTESIAN_POINT('Ctrl Pts',(49.6347890449309,182.731061098985,2.2));
#10173=CARTESIAN_POINT('Ctrl Pts',(49.7990592150963,182.43221972336,2.2));
#10174=CARTESIAN_POINT('Ctrl Pts',(49.8840379118919,182.277625918388,2.2));
#10175=CARTESIAN_POINT('',(49.8840379118919,182.277625918388,2.2));
#10176=CARTESIAN_POINT('Ctrl Pts',(50.1268755793571,181.186220765114,2.2));
#10177=CARTESIAN_POINT('Ctrl Pts',(50.1268755793571,181.186220765114,2.85));
#10178=CARTESIAN_POINT('Ctrl Pts',(50.1175504178507,181.378760084931,2.2));
#10179=CARTESIAN_POINT('Ctrl Pts',(50.1175504178507,181.378760084931,2.85));
#10180=CARTESIAN_POINT('Ctrl Pts',(50.0992485132107,181.756644829155,2.2));
#10181=CARTESIAN_POINT('Ctrl Pts',(50.0992485132107,181.756644829155,2.85));
#10182=CARTESIAN_POINT('Ctrl Pts',(49.9548585150127,182.10618364404,2.2));
#10183=CARTESIAN_POINT('Ctrl Pts',(49.9548585150127,182.10618364404,2.85));
#10184=CARTESIAN_POINT('Ctrl Pts',(49.8840379118919,182.277625918388,2.2));
#10185=CARTESIAN_POINT('Ctrl Pts',(49.8840379118919,182.277625918388,2.85));
#10186=CARTESIAN_POINT('Ctrl Pts',(49.8840379118919,182.277625918388,2.8));
#10187=CARTESIAN_POINT('Ctrl Pts',(49.9548585150127,182.10618364404,2.8));
#10188=CARTESIAN_POINT('Ctrl Pts',(50.0256791181335,181.934741369691,2.8));
#10189=CARTESIAN_POINT('Ctrl Pts',(50.0661664605141,181.756479859352,2.8));
#10190=CARTESIAN_POINT('Ctrl Pts',(50.1082252563442,181.571299404749,2.8));
#10191=CARTESIAN_POINT('Ctrl Pts',(50.1175504178507,181.378760084931,2.8));
#10192=CARTESIAN_POINT('Ctrl Pts',(50.1268755793571,181.186220765114,2.8));
#10193=CARTESIAN_POINT('Ctrl Pts',(49.8840379118919,182.277625918388,2.2));
#10194=CARTESIAN_POINT('Ctrl Pts',(49.9548585150127,182.10618364404,2.2));
#10195=CARTESIAN_POINT('Ctrl Pts',(50.0992485132107,181.756644829155,2.2));
#10196=CARTESIAN_POINT('Ctrl Pts',(50.1175504178507,181.378760084931,2.2));
#10197=CARTESIAN_POINT('Ctrl Pts',(50.1268755793571,181.186220765114,2.2));
#10198=CARTESIAN_POINT('Origin',(56.9999993741512,179.502728104591,2.2));
#10199=CARTESIAN_POINT('Origin',(0.,178.8,2.8));
#10200=CARTESIAN_POINT('Origin',(0.,178.8,2.8));
#10201=CARTESIAN_POINT('Origin',(0.,178.8,2.8));
#10202=CARTESIAN_POINT('Origin',(80.2,189.,2.8));
#10203=CARTESIAN_POINT('',(80.2,190.2,2.8));
#10204=CARTESIAN_POINT('',(80.2,189.,2.8));
#10205=CARTESIAN_POINT('',(80.2,183.9,2.8));
#10206=CARTESIAN_POINT('',(80.2,190.2,9.));
#10207=CARTESIAN_POINT('',(80.2,190.2,2.8));
#10208=CARTESIAN_POINT('',(80.2,189.,9.));
#10209=CARTESIAN_POINT('',(80.2,189.,9.));
#10210=CARTESIAN_POINT('',(80.2,189.,2.8));
#10211=CARTESIAN_POINT('Origin',(24.8,189.,2.8));
#10212=CARTESIAN_POINT('',(26.,189.,2.8));
#10213=CARTESIAN_POINT('',(26.,189.,9.));
#10214=CARTESIAN_POINT('',(26.,189.,2.8));
#10215=CARTESIAN_POINT('',(12.4,189.,2.8));
#10216=CARTESIAN_POINT('',(24.8,189.,9.));
#10217=CARTESIAN_POINT('Origin',(0.,178.8,2.8));
#10218=CARTESIAN_POINT('',(21.,195.6,2.8));
#10219=CARTESIAN_POINT('',(21.,162.,2.8));
#10220=CARTESIAN_POINT('',(21.,170.4,2.8));
#10221=CARTESIAN_POINT('',(87.6,162.,2.8));
#10222=CARTESIAN_POINT('',(-87.6,162.,2.8));
#10223=CARTESIAN_POINT('',(87.6,195.6,2.8));
#10224=CARTESIAN_POINT('',(87.6,162.,2.8));
#10225=CARTESIAN_POINT('',(87.6,195.6,2.8));
#10226=CARTESIAN_POINT('',(24.8,190.2,2.8));
#10227=CARTESIAN_POINT('',(13.,190.2,2.8));
#10228=CARTESIAN_POINT('',(26.,166.,2.8));
#10229=CARTESIAN_POINT('',(26.,171.8,2.8));
#10230=CARTESIAN_POINT('',(80.2,166.,2.8));
#10231=CARTESIAN_POINT('',(40.1,166.,2.8));
#10232=CARTESIAN_POINT('',(80.2,164.8,2.8));
#10233=CARTESIAN_POINT('',(80.2,171.8,2.8));
#10234=CARTESIAN_POINT('',(24.8,164.8,2.8));
#10235=CARTESIAN_POINT('',(12.4,164.8,2.8));
#10236=CARTESIAN_POINT('',(24.8,184.5,2.8));
#10237=CARTESIAN_POINT('Origin',(26.,164.8,2.8));
#10238=CARTESIAN_POINT('',(26.,166.,9.));
#10239=CARTESIAN_POINT('',(26.,164.8,9.));
#10240=CARTESIAN_POINT('',(26.,166.,2.8));
#10241=CARTESIAN_POINT('Origin',(52.5,165.4,9.));
#10242=CARTESIAN_POINT('',(24.8,190.2,9.));
#10243=CARTESIAN_POINT('',(24.8,164.8,9.));
#10244=CARTESIAN_POINT('',(24.8,190.2,9.));
#10245=CARTESIAN_POINT('',(80.2,164.8,9.));
#10246=CARTESIAN_POINT('',(24.8,164.8,9.));
#10247=CARTESIAN_POINT('',(80.2,166.,9.));
#10248=CARTESIAN_POINT('',(80.2,164.8,9.));
#10249=CARTESIAN_POINT('',(80.2,166.,9.));
#10250=CARTESIAN_POINT('',(80.2,190.2,9.));
#10251=CARTESIAN_POINT('Origin',(26.,190.2,2.8));
#10252=CARTESIAN_POINT('',(24.8,190.2,2.8));
#10253=CARTESIAN_POINT('Origin',(80.2,166.,2.8));
#10254=CARTESIAN_POINT('',(80.2,166.,2.8));
#10255=CARTESIAN_POINT('Origin',(80.2,164.8,2.8));
#10256=CARTESIAN_POINT('',(80.2,164.8,2.8));
#10257=CARTESIAN_POINT('Origin',(24.8,164.8,2.8));
#10258=CARTESIAN_POINT('',(24.8,164.8,2.8));
#10259=CARTESIAN_POINT('Origin',(24.8,166.,2.8));
#10260=CARTESIAN_POINT('Origin',(9.,194.,2.8));
#10261=CARTESIAN_POINT('',(5.,194.,2.8));
#10262=CARTESIAN_POINT('',(9.,194.,2.8));
#10263=CARTESIAN_POINT('',(4.5,194.,2.8));
#10264=CARTESIAN_POINT('',(5.,194.,12.3));
#10265=CARTESIAN_POINT('',(5.,194.,2.8));
#10266=CARTESIAN_POINT('',(9.,194.,12.3));
#10267=CARTESIAN_POINT('',(9.,194.,12.3));
#10268=CARTESIAN_POINT('',(9.,194.,2.8));
#10269=CARTESIAN_POINT('Origin',(9.,163.,2.8));
#10270=CARTESIAN_POINT('',(9.,163.,2.8));
#10271=CARTESIAN_POINT('',(9.,170.9,2.8));
#10272=CARTESIAN_POINT('',(9.,163.,12.3));
#10273=CARTESIAN_POINT('',(9.,163.,12.3));
#10274=CARTESIAN_POINT('',(9.,163.,2.8));
#10275=CARTESIAN_POINT('Origin',(5.,163.,2.8));
#10276=CARTESIAN_POINT('',(5.,163.,2.8));
#10277=CARTESIAN_POINT('',(2.5,163.,2.8));
#10278=CARTESIAN_POINT('',(5.,163.,12.3));
#10279=CARTESIAN_POINT('',(5.,163.,12.3));
#10280=CARTESIAN_POINT('',(5.,163.,2.8));
#10281=CARTESIAN_POINT('Origin',(5.,194.,2.8));
#10282=CARTESIAN_POINT('',(5.,186.4,2.8));
#10283=CARTESIAN_POINT('',(5.,194.,12.3));
#10284=CARTESIAN_POINT('Origin',(7.,178.5,12.3));
#10285=CARTESIAN_POINT('Origin',(-50.,194.,2.8));
#10286=CARTESIAN_POINT('',(-54.,194.,2.8));
#10287=CARTESIAN_POINT('',(-50.,194.,2.8));
#10288=CARTESIAN_POINT('',(-25.,194.,2.8));
#10289=CARTESIAN_POINT('',(-54.,194.,12.3));
#10290=CARTESIAN_POINT('',(-54.,194.,2.8));
#10291=CARTESIAN_POINT('',(-50.,194.,12.3));
#10292=CARTESIAN_POINT('',(-50.,194.,12.3));
#10293=CARTESIAN_POINT('',(-50.,194.,2.8));
#10294=CARTESIAN_POINT('Origin',(-50.,163.,2.8));
#10295=CARTESIAN_POINT('',(-50.,163.,2.8));
#10296=CARTESIAN_POINT('',(-50.,170.9,2.8));
#10297=CARTESIAN_POINT('',(-50.,163.,12.3));
#10298=CARTESIAN_POINT('',(-50.,163.,12.3));
#10299=CARTESIAN_POINT('',(-50.,163.,2.8));
#10300=CARTESIAN_POINT('Origin',(-54.,163.,2.8));
#10301=CARTESIAN_POINT('',(-54.,163.,2.8));
#10302=CARTESIAN_POINT('',(-27.,163.,2.8));
#10303=CARTESIAN_POINT('',(-54.,163.,12.3));
#10304=CARTESIAN_POINT('',(-54.,163.,12.3));
#10305=CARTESIAN_POINT('',(-54.,163.,2.8));
#10306=CARTESIAN_POINT('Origin',(-54.,194.,2.8));
#10307=CARTESIAN_POINT('',(-54.,186.4,2.8));
#10308=CARTESIAN_POINT('',(-54.,194.,12.3));
#10309=CARTESIAN_POINT('Origin',(-52.,178.5,12.3));
#10310=CARTESIAN_POINT('Origin',(-22.5,178.6,9.));
#10311=CARTESIAN_POINT('',(-57.,195.6,9.));
#10312=CARTESIAN_POINT('',(12.,195.6,9.));
#10313=CARTESIAN_POINT('',(32.55,195.6,9.));
#10314=CARTESIAN_POINT('',(-57.,162.,9.));
#10315=CARTESIAN_POINT('',(-57.,195.8,9.));
#10316=CARTESIAN_POINT('',(12.,162.,9.));
#10317=CARTESIAN_POINT('',(-55.05,162.,9.));
#10318=CARTESIAN_POINT('',(12.,161.4,9.));
#10319=CARTESIAN_POINT('',(-55.8,162.6,9.));
#10320=CARTESIAN_POINT('',(-55.8,194.4,9.));
#10321=CARTESIAN_POINT('',(-55.8,194.4,9.));
#10322=CARTESIAN_POINT('',(10.8,194.4,9.));
#10323=CARTESIAN_POINT('',(10.8,194.4,9.));
#10324=CARTESIAN_POINT('',(10.8,162.6,9.));
#10325=CARTESIAN_POINT('',(10.8,162.6,9.));
#10326=CARTESIAN_POINT('',(-55.8,162.6,9.));
#10327=CARTESIAN_POINT('Origin',(-57.,195.8,2.8));
#10328=CARTESIAN_POINT('',(-57.,195.6,2.8));
#10329=CARTESIAN_POINT('',(-57.,195.6,2.8));
#10330=CARTESIAN_POINT('',(-57.,162.,2.8));
#10331=CARTESIAN_POINT('',(-57.,187.3,2.8));
#10332=CARTESIAN_POINT('',(-57.,162.,2.8));
#10333=CARTESIAN_POINT('Origin',(10.8,162.6,2.8));
#10334=CARTESIAN_POINT('',(-55.8,162.6,2.8));
#10335=CARTESIAN_POINT('',(10.8,162.6,2.8));
#10336=CARTESIAN_POINT('',(5.4,162.6,2.8));
#10337=CARTESIAN_POINT('',(-55.8,162.6,2.8));
#10338=CARTESIAN_POINT('',(10.8,162.6,2.8));
#10339=CARTESIAN_POINT('Origin',(10.8,194.4,2.8));
#10340=CARTESIAN_POINT('',(10.8,194.4,2.8));
#10341=CARTESIAN_POINT('',(10.8,186.6,2.8));
#10342=CARTESIAN_POINT('',(10.8,194.4,2.8));
#10343=CARTESIAN_POINT('Origin',(-55.8,194.4,2.8));
#10344=CARTESIAN_POINT('',(-55.8,194.4,2.8));
#10345=CARTESIAN_POINT('',(-27.9,194.4,2.8));
#10346=CARTESIAN_POINT('',(-55.8,194.4,2.8));
#10347=CARTESIAN_POINT('Origin',(-55.8,162.6,2.8));
#10348=CARTESIAN_POINT('',(-55.8,170.7,2.8));
#10349=CARTESIAN_POINT('Origin',(12.,161.4,2.8));
#10350=CARTESIAN_POINT('',(12.,195.6,2.8));
#10351=CARTESIAN_POINT('',(12.,195.6,2.8));
#10352=CARTESIAN_POINT('',(12.,162.,2.8));
#10353=CARTESIAN_POINT('',(12.,162.,2.8));
#10354=CARTESIAN_POINT('',(12.,170.1,2.8));
#10355=CARTESIAN_POINT('Origin',(-87.6,162.,2.8));
#10356=CARTESIAN_POINT('',(-87.6,162.,2.8));
#10357=CARTESIAN_POINT('',(-87.6,162.,2.8));
#10358=CARTESIAN_POINT('',(-87.6,162.,46.));
#10359=CARTESIAN_POINT('',(-87.6,162.,2.8));
#10360=CARTESIAN_POINT('',(-32.,162.,46.));
#10361=CARTESIAN_POINT('',(-43.8,162.,46.));
#10362=CARTESIAN_POINT('',(-32.,162.,38.));
#10363=CARTESIAN_POINT('',(-32.,162.,20.4));
#10364=CARTESIAN_POINT('',(32.,162.,38.));
#10365=CARTESIAN_POINT('',(-43.8,162.,38.));
#10366=CARTESIAN_POINT('',(32.,162.,46.));
#10367=CARTESIAN_POINT('',(32.,162.,20.4));
#10368=CARTESIAN_POINT('',(87.6,162.,46.));
#10369=CARTESIAN_POINT('',(-43.8,162.,46.));
#10370=CARTESIAN_POINT('',(87.6,162.,2.8));
#10371=CARTESIAN_POINT('',(21.,162.,10.));
#10372=CARTESIAN_POINT('',(21.,162.,2.8));
#10373=CARTESIAN_POINT('',(19.,162.,10.));
#10374=CARTESIAN_POINT('',(-33.8,162.,10.));
#10375=CARTESIAN_POINT('',(19.,162.,2.8));
#10376=CARTESIAN_POINT('',(19.,162.,2.8));
#10377=CARTESIAN_POINT('',(-87.6,162.,2.8));
#10378=CARTESIAN_POINT('',(66.,162.,43.6));
#10379=CARTESIAN_POINT('',(66.,162.,40.2));
#10380=CARTESIAN_POINT('',(66.,162.,21.5));
#10381=CARTESIAN_POINT('',(74.,162.,40.2));
#10382=CARTESIAN_POINT('',(-8.8,162.,40.2));
#10383=CARTESIAN_POINT('',(74.,162.,43.6));
#10384=CARTESIAN_POINT('',(74.,162.,21.5));
#10385=CARTESIAN_POINT('',(-8.8,162.,43.6));
#10386=CARTESIAN_POINT('',(-74.,162.,43.6));
#10387=CARTESIAN_POINT('',(-74.,162.,40.2));
#10388=CARTESIAN_POINT('',(-74.,162.,21.5));
#10389=CARTESIAN_POINT('',(-66.,162.,40.2));
#10390=CARTESIAN_POINT('',(-78.8,162.,40.2));
#10391=CARTESIAN_POINT('',(-66.,162.,43.6));
#10392=CARTESIAN_POINT('',(-66.,162.,21.5));
#10393=CARTESIAN_POINT('',(-78.8,162.,43.6));
#10394=CARTESIAN_POINT('Origin',(0.,178.8,2.8));
#10395=CARTESIAN_POINT('',(-87.6,195.6,2.8));
#10396=CARTESIAN_POINT('',(87.6,195.6,2.8));
#10397=CARTESIAN_POINT('',(-87.6,195.6,2.8));
#10398=CARTESIAN_POINT('Origin',(0.,178.8,2.8));
#10399=CARTESIAN_POINT('',(19.,195.6,2.8));
#10400=CARTESIAN_POINT('',(19.,187.2,2.8));
#10401=CARTESIAN_POINT('',(87.6,195.6,2.8));
#10402=CARTESIAN_POINT('Origin',(21.,162.,2.8));
#10403=CARTESIAN_POINT('',(21.,195.6,10.));
#10404=CARTESIAN_POINT('',(21.,195.6,2.8));
#10405=CARTESIAN_POINT('',(21.,162.,10.));
#10406=CARTESIAN_POINT('Origin',(19.,195.6,2.8));
#10407=CARTESIAN_POINT('',(19.,195.6,10.));
#10408=CARTESIAN_POINT('',(19.,195.6,10.));
#10409=CARTESIAN_POINT('',(19.,195.6,2.8));
#10410=CARTESIAN_POINT('Origin',(20.,178.8,10.));
#10411=CARTESIAN_POINT('',(53.8,195.6,10.));
#10412=CARTESIAN_POINT('Origin',(87.6,195.6,2.8));
#10413=CARTESIAN_POINT('',(87.6,195.6,40.2));
#10414=CARTESIAN_POINT('',(87.6,195.6,2.8));
#10415=CARTESIAN_POINT('',(86.6,195.6,40.2));
#10416=CARTESIAN_POINT('',(87.35,195.6,40.2));
#10417=CARTESIAN_POINT('',(86.6,195.6,41.));
#10418=CARTESIAN_POINT('',(86.6,195.6,21.5));
#10419=CARTESIAN_POINT('',(-86.6,195.6,41.));
#10420=CARTESIAN_POINT('',(43.8,195.6,41.));
#10421=CARTESIAN_POINT('',(-86.6,195.6,40.2));
#10422=CARTESIAN_POINT('',(-86.6,195.6,21.5));
#10423=CARTESIAN_POINT('',(-87.6,195.6,40.2));
#10424=CARTESIAN_POINT('',(0.249999999999995,195.6,40.2));
#10425=CARTESIAN_POINT('',(-87.6,195.6,2.8));
#10426=CARTESIAN_POINT('Origin',(-66.,162.,40.2));
#10427=CARTESIAN_POINT('',(-66.,163.4,40.2));
#10428=CARTESIAN_POINT('',(-66.,163.4,40.2));
#10429=CARTESIAN_POINT('',(-66.,163.4,43.6));
#10430=CARTESIAN_POINT('',(-66.,163.4,40.2));
#10431=CARTESIAN_POINT('',(-66.,163.4,43.6));
#10432=CARTESIAN_POINT('Origin',(-74.,163.4,40.2));
#10433=CARTESIAN_POINT('',(-74.,163.4,40.2));
#10434=CARTESIAN_POINT('',(-74.,162.,40.2));
#10435=CARTESIAN_POINT('',(-74.,163.4,43.6));
#10436=CARTESIAN_POINT('',(-74.,162.,43.6));
#10437=CARTESIAN_POINT('',(-74.,163.4,40.2));
#10438=CARTESIAN_POINT('Origin',(-66.,163.4,40.2));
#10439=CARTESIAN_POINT('',(-74.,163.4,40.2));
#10440=CARTESIAN_POINT('',(-74.,163.4,43.6));
#10441=CARTESIAN_POINT('Origin',(-70.,162.7,43.6));
#10442=CARTESIAN_POINT('Origin',(-70.,162.7,40.2));
#10443=CARTESIAN_POINT('Origin',(74.,163.4,40.2));
#10444=CARTESIAN_POINT('',(74.,163.4,40.2));
#10445=CARTESIAN_POINT('',(66.,163.4,40.2));
#10446=CARTESIAN_POINT('',(74.,163.4,40.2));
#10447=CARTESIAN_POINT('',(66.,163.4,43.6));
#10448=CARTESIAN_POINT('',(66.,163.4,40.2));
#10449=CARTESIAN_POINT('',(74.,163.4,43.6));
#10450=CARTESIAN_POINT('',(74.,163.4,43.6));
#10451=CARTESIAN_POINT('',(74.,163.4,40.2));
#10452=CARTESIAN_POINT('Origin',(74.,162.,40.2));
#10453=CARTESIAN_POINT('',(74.,162.,40.2));
#10454=CARTESIAN_POINT('',(74.,162.,43.6));
#10455=CARTESIAN_POINT('Origin',(66.,163.4,40.2));
#10456=CARTESIAN_POINT('',(66.,163.4,40.2));
#10457=CARTESIAN_POINT('',(66.,163.4,43.6));
#10458=CARTESIAN_POINT('Origin',(70.,162.7,43.6));
#10459=CARTESIAN_POINT('Origin',(70.,162.7,40.2));
#10460=CARTESIAN_POINT('Origin',(87.7,195.1,41.));
#10461=CARTESIAN_POINT('',(87.7,198.,41.));
#10462=CARTESIAN_POINT('',(87.7,198.,43.8));
#10463=CARTESIAN_POINT('',(87.7,198.,20.5));
#10464=CARTESIAN_POINT('',(87.7,195.1,41.));
#10465=CARTESIAN_POINT('',(87.7,195.1,41.));
#10466=CARTESIAN_POINT('',(87.7,195.1,43.8));
#10467=CARTESIAN_POINT('',(87.7,195.1,41.));
#10468=CARTESIAN_POINT('',(87.7,195.1,43.8));
#10469=CARTESIAN_POINT('Origin',(-87.7,195.1,41.));
#10470=CARTESIAN_POINT('',(-86.6,195.1,41.));
#10471=CARTESIAN_POINT('',(-86.6,195.1,41.2));
#10472=CARTESIAN_POINT('',(-86.6,195.1,40.6));
#10473=CARTESIAN_POINT('',(-87.7,195.1,41.));
#10474=CARTESIAN_POINT('',(-87.7,195.1,41.));
#10475=CARTESIAN_POINT('',(-87.7,195.1,43.8));
#10476=CARTESIAN_POINT('',(-87.7,195.1,41.));
#10477=CARTESIAN_POINT('',(-85.6,195.1,43.8));
#10478=CARTESIAN_POINT('',(-87.7,195.1,43.8));
#10479=CARTESIAN_POINT('',(-85.6,195.1,43.6));
#10480=CARTESIAN_POINT('',(-85.6,195.1,42.3));
#10481=CARTESIAN_POINT('',(-87.6,195.1,43.6));
#10482=CARTESIAN_POINT('',(-87.15,195.1,43.6));
#10483=CARTESIAN_POINT('',(-87.6,195.1,41.2));
#10484=CARTESIAN_POINT('',(-87.6,195.1,21.9));
#10485=CARTESIAN_POINT('',(-87.4,195.1,41.2));
#10486=CARTESIAN_POINT('Origin',(0.,197.05,43.8));
#10487=CARTESIAN_POINT('',(-87.7,198.,43.8));
#10488=CARTESIAN_POINT('',(45.,198.,43.8));
#10489=CARTESIAN_POINT('',(85.6,195.1,43.8));
#10490=CARTESIAN_POINT('',(-87.7,195.1,43.8));
#10491=CARTESIAN_POINT('',(85.6,195.6,43.8));
#10492=CARTESIAN_POINT('',(85.6,196.325,43.8));
#10493=CARTESIAN_POINT('',(-85.6,195.6,43.8));
#10494=CARTESIAN_POINT('',(43.8,195.6,43.8));
#10495=CARTESIAN_POINT('',(-85.6,180.525,43.8));
#10496=CARTESIAN_POINT('',(-87.7,199.,43.8));
#10497=CARTESIAN_POINT('Origin',(-87.7,195.1,41.));
#10498=CARTESIAN_POINT('',(86.6,195.1,41.2));
#10499=CARTESIAN_POINT('',(86.6,195.1,41.));
#10500=CARTESIAN_POINT('',(86.6,195.1,40.6));
#10501=CARTESIAN_POINT('',(87.6,195.1,41.2));
#10502=CARTESIAN_POINT('',(-0.299999999999994,195.1,41.2));
#10503=CARTESIAN_POINT('',(87.6,195.1,43.6));
#10504=CARTESIAN_POINT('',(87.6,195.1,21.9));
#10505=CARTESIAN_POINT('',(85.6,195.1,43.6));
#10506=CARTESIAN_POINT('',(-0.549999999999997,195.1,43.6));
#10507=CARTESIAN_POINT('',(85.6,195.1,42.3));
#10508=CARTESIAN_POINT('',(-87.7,195.1,41.));
#10509=CARTESIAN_POINT('Origin',(-87.7,199.,41.));
#10510=CARTESIAN_POINT('',(-87.7,198.,41.));
#10511=CARTESIAN_POINT('',(-87.7,198.,20.5));
#10512=CARTESIAN_POINT('',(-87.7,199.,41.));
#10513=CARTESIAN_POINT('Origin',(0.,197.05,41.));
#10514=CARTESIAN_POINT('',(45.,198.,41.));
#10515=CARTESIAN_POINT('',(-86.6,180.525,41.));
#10516=CARTESIAN_POINT('',(86.6,196.325,41.));
#10517=CARTESIAN_POINT('Origin',(-86.6,164.,40.2));
#10518=CARTESIAN_POINT('',(-86.6,164.,41.2));
#10519=CARTESIAN_POINT('',(-86.6,195.6,41.2));
#10520=CARTESIAN_POINT('',(-86.6,164.,40.2));
#10521=CARTESIAN_POINT('',(-86.6,164.,40.2));
#10522=CARTESIAN_POINT('',(-86.6,195.6,40.2));
#10523=CARTESIAN_POINT('Origin',(-87.1,179.8,41.2));
#10524=CARTESIAN_POINT('',(-87.6,164.,41.2));
#10525=CARTESIAN_POINT('',(-87.6,187.7,41.2));
#10526=CARTESIAN_POINT('',(-86.6,164.,41.2));
#10527=CARTESIAN_POINT('Origin',(-87.6,195.6,2.8));
#10528=CARTESIAN_POINT('',(-87.6,164.,43.6));
#10529=CARTESIAN_POINT('',(-87.6,187.7,43.6));
#10530=CARTESIAN_POINT('',(-87.6,164.,46.));
#10531=CARTESIAN_POINT('',(-87.6,164.,23.2));
#10532=CARTESIAN_POINT('',(-87.6,182.3,46.));
#10533=CARTESIAN_POINT('',(-87.6,164.,40.2));
#10534=CARTESIAN_POINT('',(-87.6,187.7,40.2));
#10535=CARTESIAN_POINT('',(-87.6,164.,21.5));
#10536=CARTESIAN_POINT('Origin',(-86.6,179.8,43.6));
#10537=CARTESIAN_POINT('',(-85.6,164.,43.6));
#10538=CARTESIAN_POINT('',(-85.6,195.6,43.6));
#10539=CARTESIAN_POINT('',(-85.6,164.,43.6));
#10540=CARTESIAN_POINT('Origin',(-85.6,164.,43.6));
#10541=CARTESIAN_POINT('',(-85.6,195.6,46.));
#10542=CARTESIAN_POINT('',(-85.6,195.6,23.2));
#10543=CARTESIAN_POINT('',(-85.6,164.,46.));
#10544=CARTESIAN_POINT('',(-85.6,195.6,46.));
#10545=CARTESIAN_POINT('',(-85.6,164.,43.6));
#10546=CARTESIAN_POINT('Origin',(87.6,195.6,2.8));
#10547=CARTESIAN_POINT('',(85.6,195.6,46.));
#10548=CARTESIAN_POINT('',(85.6,195.6,23.2));
#10549=CARTESIAN_POINT('',(43.8,195.6,46.));
#10550=CARTESIAN_POINT('Origin',(-87.6,164.,40.2));
#10551=CARTESIAN_POINT('',(-86.6,164.,40.2));
#10552=CARTESIAN_POINT('Origin',(-87.1,179.8,40.2));
#10553=CARTESIAN_POINT('Origin',(-87.6,164.,43.6));
#10554=CARTESIAN_POINT('',(-85.6,164.,46.));
#10555=CARTESIAN_POINT('Origin',(87.6,164.,40.2));
#10556=CARTESIAN_POINT('',(87.6,180.,41.2));
#10557=CARTESIAN_POINT('',(87.6,180.,40.2));
#10558=CARTESIAN_POINT('',(87.6,180.,19.4));
#10559=CARTESIAN_POINT('',(87.6,188.,40.2));
#10560=CARTESIAN_POINT('',(87.6,164.,40.2));
#10561=CARTESIAN_POINT('',(87.6,188.,41.2));
#10562=CARTESIAN_POINT('',(87.6,188.,19.4));
#10563=CARTESIAN_POINT('',(87.6,164.,41.2));
#10564=CARTESIAN_POINT('Origin',(86.6,164.,40.2));
#10565=CARTESIAN_POINT('',(86.6,164.,40.2));
#10566=CARTESIAN_POINT('',(87.6,164.,40.2));
#10567=CARTESIAN_POINT('',(86.6,164.,40.2));
#10568=CARTESIAN_POINT('',(87.6,164.,41.2));
#10569=CARTESIAN_POINT('',(87.6,164.,21.5));
#10570=CARTESIAN_POINT('',(86.6,164.,41.2));
#10571=CARTESIAN_POINT('',(86.6,164.,41.2));
#10572=CARTESIAN_POINT('',(86.6,164.,40.2));
#10573=CARTESIAN_POINT('Origin',(86.6,195.6,40.2));
#10574=CARTESIAN_POINT('',(86.6,195.6,40.2));
#10575=CARTESIAN_POINT('',(86.6,195.6,41.2));
#10576=CARTESIAN_POINT('Origin',(87.1,179.8,41.2));
#10577=CARTESIAN_POINT('',(87.6,170.9,41.2));
#10578=CARTESIAN_POINT('',(87.6,170.9,41.2));
#10579=CARTESIAN_POINT('Origin',(87.1,179.8,40.2));
#10580=CARTESIAN_POINT('',(87.6,170.9,40.2));
#10581=CARTESIAN_POINT('',(87.6,170.9,40.2));
#10582=CARTESIAN_POINT('Origin',(87.6,162.,2.8));
#10583=CARTESIAN_POINT('',(87.6,188.,43.6));
#10584=CARTESIAN_POINT('',(87.6,188.,19.4));
#10585=CARTESIAN_POINT('',(87.6,170.9,43.6));
#10586=CARTESIAN_POINT('Origin',(87.6,164.,43.6));
#10587=CARTESIAN_POINT('',(87.6,188.,46.));
#10588=CARTESIAN_POINT('',(87.6,188.,19.4));
#10589=CARTESIAN_POINT('',(87.6,180.,46.));
#10590=CARTESIAN_POINT('',(87.6,164.,46.));
#10591=CARTESIAN_POINT('',(87.6,180.,43.6));
#10592=CARTESIAN_POINT('',(87.6,180.,19.4));
#10593=CARTESIAN_POINT('',(87.6,164.,43.6));
#10594=CARTESIAN_POINT('Origin',(85.6,164.,43.6));
#10595=CARTESIAN_POINT('',(85.6,164.,43.6));
#10596=CARTESIAN_POINT('',(87.6,164.,43.6));
#10597=CARTESIAN_POINT('',(85.6,164.,43.6));
#10598=CARTESIAN_POINT('',(87.6,164.,46.));
#10599=CARTESIAN_POINT('',(87.6,164.,23.2));
#10600=CARTESIAN_POINT('',(85.6,164.,46.));
#10601=CARTESIAN_POINT('',(85.6,164.,46.));
#10602=CARTESIAN_POINT('',(85.6,164.,43.6));
#10603=CARTESIAN_POINT('Origin',(85.6,195.6,43.6));
#10604=CARTESIAN_POINT('',(85.6,195.6,43.6));
#10605=CARTESIAN_POINT('',(85.6,195.6,46.));
#10606=CARTESIAN_POINT('Origin',(86.6,179.8,43.6));
#10607=CARTESIAN_POINT('',(87.6,170.9,43.6));
#10608=CARTESIAN_POINT('Origin',(91.,188.,36.));
#10609=CARTESIAN_POINT('',(87.6,188.,36.));
#10610=CARTESIAN_POINT('',(87.6,188.,19.4));
#10611=CARTESIAN_POINT('',(90.,188.,36.));
#10612=CARTESIAN_POINT('',(91.,188.,36.));
#10613=CARTESIAN_POINT('',(90.,188.,46.));
#10614=CARTESIAN_POINT('',(90.,188.,18.));
#10615=CARTESIAN_POINT('',(45.5,188.,46.));
#10616=CARTESIAN_POINT('Origin',(86.,180.,36.));
#10617=CARTESIAN_POINT('',(90.,180.,46.));
#10618=CARTESIAN_POINT('',(43.,180.,46.));
#10619=CARTESIAN_POINT('',(90.,180.,36.));
#10620=CARTESIAN_POINT('',(90.,180.,18.));
#10621=CARTESIAN_POINT('',(87.6,180.,36.));
#10622=CARTESIAN_POINT('',(86.,180.,36.));
#10623=CARTESIAN_POINT('',(87.6,180.,19.4));
#10624=CARTESIAN_POINT('',(87.6,180.,19.4));
#10625=CARTESIAN_POINT('Origin',(88.5,184.,36.));
#10626=CARTESIAN_POINT('',(87.6,173.,36.));
#10627=CARTESIAN_POINT('',(90.,162.,36.));
#10628=CARTESIAN_POINT('Origin',(90.,140.,0.));
#10629=CARTESIAN_POINT('',(90.,159.95067874004,46.));
#10630=CARTESIAN_POINT('',(90.,140.,46.));
#10631=CARTESIAN_POINT('',(90.,157.4,34.));
#10632=CARTESIAN_POINT('',(90.,153.566661274601,15.9655592126582));
#10633=CARTESIAN_POINT('',(90.,149.,34.));
#10634=CARTESIAN_POINT('',(90.,144.5,34.));
#10635=CARTESIAN_POINT('',(90.,151.55067874004,46.));
#10636=CARTESIAN_POINT('',(90.,146.729833464407,23.3197061631173));
#10637=CARTESIAN_POINT('',(90.,140.,46.));
#10638=CARTESIAN_POINT('',(90.,140.,46.));
#10639=CARTESIAN_POINT('',(90.,140.,0.));
#10640=CARTESIAN_POINT('',(90.,140.,0.));
#10641=CARTESIAN_POINT('',(90.,198.,0.));
#10642=CARTESIAN_POINT('',(90.,140.,0.));
#10643=CARTESIAN_POINT('',(90.,198.,46.));
#10644=CARTESIAN_POINT('',(90.,198.,0.));
#10645=CARTESIAN_POINT('',(90.,140.,46.));
#10646=CARTESIAN_POINT('Origin',(0.,169.,46.));
#10647=CARTESIAN_POINT('',(-90.,198.,46.));
#10648=CARTESIAN_POINT('',(90.,198.,46.));
#10649=CARTESIAN_POINT('',(-90.,159.95067874004,46.));
#10650=CARTESIAN_POINT('',(-90.,198.,46.));
#10651=CARTESIAN_POINT('',(-32.,159.95067874004,46.));
#10652=CARTESIAN_POINT('',(-45.5,159.95067874004,46.));
#10653=CARTESIAN_POINT('',(-32.,166.,46.));
#10654=CARTESIAN_POINT('',(87.6,165.5,46.));
#10655=CARTESIAN_POINT('',(32.,159.95067874004,46.));
#10656=CARTESIAN_POINT('',(32.,162.7,46.));
#10657=CARTESIAN_POINT('',(-45.5,159.95067874004,46.));
#10658=CARTESIAN_POINT('Origin',(32.,156.4,38.));
#10659=CARTESIAN_POINT('',(32.,158.25022624668,38.));
#10660=CARTESIAN_POINT('',(32.,156.4,38.));
#10661=CARTESIAN_POINT('',(32.,157.785123007486,35.8118612968737));
#10662=CARTESIAN_POINT('Origin',(-32.,163.,38.));
#10663=CARTESIAN_POINT('',(-32.,158.25022624668,38.));
#10664=CARTESIAN_POINT('',(-32.,157.927773002376,36.4829767579487));
#10665=CARTESIAN_POINT('',(-32.,163.,38.));
#10666=CARTESIAN_POINT('Origin',(0.,159.7,38.));
#10667=CARTESIAN_POINT('',(-45.5,158.25022624668,38.));
#10668=CARTESIAN_POINT('Origin',(-91.,157.4,34.));
#10669=CARTESIAN_POINT('',(-90.,157.4,34.));
#10670=CARTESIAN_POINT('',(-90.,154.820252138783,21.8632405372573));
#10671=CARTESIAN_POINT('',(-91.,157.4,34.));
#10672=CARTESIAN_POINT('Origin',(-91.,151.76323530171,47.));
#10673=CARTESIAN_POINT('',(-90.,149.,34.));
#10674=CARTESIAN_POINT('',(-91.,149.,34.));
#10675=CARTESIAN_POINT('',(-90.,151.55067874004,46.));
#10676=CARTESIAN_POINT('',(-90.,147.983424328589,29.2173874877164));
#10677=CARTESIAN_POINT('',(-45.5,151.55067874004,46.));
#10678=CARTESIAN_POINT('Origin',(-91.,149.,34.));
#10679=CARTESIAN_POINT('',(-90.,173.5,34.));
#10680=CARTESIAN_POINT('Origin',(-90.,198.,0.));
#10681=CARTESIAN_POINT('',(-90.,198.,0.));
#10682=CARTESIAN_POINT('',(-90.,198.,0.));
#10683=CARTESIAN_POINT('',(-90.,140.,0.));
#10684=CARTESIAN_POINT('',(-90.,198.,0.));
#10685=CARTESIAN_POINT('',(-90.,140.,46.));
#10686=CARTESIAN_POINT('',(-90.,140.,0.));
#10687=CARTESIAN_POINT('',(-90.,198.,46.));
#10688=CARTESIAN_POINT('Origin',(0.,169.,46.));
#10689=CARTESIAN_POINT('',(-90.,140.,46.));
#10690=CARTESIAN_POINT('Origin',(87.6,162.,2.8));
#10691=CARTESIAN_POINT('Origin',(0.,178.8,2.8));
#10692=CARTESIAN_POINT('Origin',(90.,198.,0.));
#10693=CARTESIAN_POINT('',(90.,198.,0.));
#10694=CARTESIAN_POINT('Origin',(-90.,140.,0.));
#10695=CARTESIAN_POINT('',(-90.,140.,0.));
#10696=CARTESIAN_POINT('Origin',(0.,169.,0.));
#10697=CARTESIAN_POINT('Origin',(-86.3,239.8,-0.2));
#10698=CARTESIAN_POINT('',(-86.3,241.2,2.2));
#10699=CARTESIAN_POINT('',(-86.3,240.,2.2));
#10700=CARTESIAN_POINT('',(-86.3,249.65,2.2));
#10701=CARTESIAN_POINT('',(-86.3,241.2,0.));
#10702=CARTESIAN_POINT('',(-86.3,241.2,-0.2));
#10703=CARTESIAN_POINT('',(-86.3,240.,0.));
#10704=CARTESIAN_POINT('',(-86.3,249.65,0.));
#10705=CARTESIAN_POINT('',(-86.3,240.,-0.1));
#10706=CARTESIAN_POINT('Origin',(-86.3,241.2,-0.2));
#10707=CARTESIAN_POINT('',(-87.5,241.2,2.2));
#10708=CARTESIAN_POINT('',(-43.15,241.2,2.2));
#10709=CARTESIAN_POINT('',(-87.5,241.2,0.));
#10710=CARTESIAN_POINT('',(-87.5,241.2,-0.1));
#10711=CARTESIAN_POINT('',(-43.15,241.2,0.));
#10712=CARTESIAN_POINT('Origin',(0.,259.5,2.2));
#10713=CARTESIAN_POINT('',(86.3,240.,2.2));
#10714=CARTESIAN_POINT('',(-87.5,240.,2.2));
#10715=CARTESIAN_POINT('',(86.3,241.2,2.2));
#10716=CARTESIAN_POINT('',(86.3,250.35,2.2));
#10717=CARTESIAN_POINT('',(87.5,241.2,2.2));
#10718=CARTESIAN_POINT('',(43.85,241.2,2.2));
#10719=CARTESIAN_POINT('',(87.5,279.,2.2));
#10720=CARTESIAN_POINT('',(87.5,240.,2.2));
#10721=CARTESIAN_POINT('',(-87.5,279.,2.2));
#10722=CARTESIAN_POINT('',(87.5,279.,2.2));
#10723=CARTESIAN_POINT('',(-87.5,279.,2.2));
#10724=CARTESIAN_POINT('',(-20.,278.5,2.2));
#10725=CARTESIAN_POINT('',(20.,278.5,2.2));
#10726=CARTESIAN_POINT('',(10.,278.5,2.2));
#10727=CARTESIAN_POINT('',(20.,275.5,2.2));
#10728=CARTESIAN_POINT('',(20.,267.5,2.2));
#10729=CARTESIAN_POINT('',(-20.,275.5,2.2));
#10730=CARTESIAN_POINT('',(-10.,275.5,2.2));
#10731=CARTESIAN_POINT('',(-20.,269.,2.2));
#10732=CARTESIAN_POINT('Origin',(-87.5,240.,0.));
#10733=CARTESIAN_POINT('',(86.3,240.,0.));
#10734=CARTESIAN_POINT('',(-87.5,240.,0.));
#10735=CARTESIAN_POINT('',(86.3,240.,-0.1));
#10736=CARTESIAN_POINT('Origin',(87.7,241.2,-0.2));
#10737=CARTESIAN_POINT('',(86.3,241.2,0.));
#10738=CARTESIAN_POINT('',(86.3,241.2,-0.2));
#10739=CARTESIAN_POINT('',(87.5,241.2,0.));
#10740=CARTESIAN_POINT('',(43.85,241.2,0.));
#10741=CARTESIAN_POINT('',(87.5,241.2,-0.1));
#10742=CARTESIAN_POINT('Origin',(86.3,241.2,-0.2));
#10743=CARTESIAN_POINT('',(86.3,250.35,0.));
#10744=CARTESIAN_POINT('Origin',(87.5,240.,0.));
#10745=CARTESIAN_POINT('',(87.5,279.,0.));
#10746=CARTESIAN_POINT('',(87.5,240.,0.));
#10747=CARTESIAN_POINT('',(87.5,279.,0.));
#10748=CARTESIAN_POINT('Origin',(0.,259.5,0.));
#10749=CARTESIAN_POINT('',(-87.5,279.,0.));
#10750=CARTESIAN_POINT('',(-87.5,279.,0.));
#10751=CARTESIAN_POINT('',(87.5,279.,0.));
#10752=CARTESIAN_POINT('Origin',(20.,278.5,2.2));
#10753=CARTESIAN_POINT('',(-20.,278.5,4.7));
#10754=CARTESIAN_POINT('',(-20.,278.5,2.2));
#10755=CARTESIAN_POINT('',(20.,278.5,4.7));
#10756=CARTESIAN_POINT('',(20.,278.5,4.7));
#10757=CARTESIAN_POINT('',(20.,278.5,2.2));
#10758=CARTESIAN_POINT('Origin',(20.,275.5,2.2));
#10759=CARTESIAN_POINT('',(20.,275.5,4.7));
#10760=CARTESIAN_POINT('',(20.,275.5,4.7));
#10761=CARTESIAN_POINT('',(20.,275.5,2.2));
#10762=CARTESIAN_POINT('Origin',(-20.,275.5,2.2));
#10763=CARTESIAN_POINT('',(-20.,275.5,4.7));
#10764=CARTESIAN_POINT('',(-20.,275.5,4.7));
#10765=CARTESIAN_POINT('',(-20.,275.5,2.2));
#10766=CARTESIAN_POINT('Origin',(-20.,278.5,2.2));
#10767=CARTESIAN_POINT('',(-20.,278.5,4.7));
#10768=CARTESIAN_POINT('Origin',(0.,277.,4.7));
#10769=CARTESIAN_POINT('Origin',(87.5,279.,0.));
#10770=CARTESIAN_POINT('',(-87.5,279.,0.));
#10771=CARTESIAN_POINT('Origin',(-87.5,279.,0.));
#10772=CARTESIAN_POINT('Origin',(85.1,115.4,2.));
#10773=CARTESIAN_POINT('',(85.1,115.4,2.));
#10774=CARTESIAN_POINT('',(-85.1,115.4,2.));
#10775=CARTESIAN_POINT('',(85.1,115.4,2.));
#10776=CARTESIAN_POINT('',(-85.1,115.4,3.2));
#10777=CARTESIAN_POINT('',(-85.1,115.4,2.));
#10778=CARTESIAN_POINT('',(85.1,115.4,3.2));
#10779=CARTESIAN_POINT('',(85.1,115.4,3.2));
#10780=CARTESIAN_POINT('',(85.1,115.4,2.));
#10781=CARTESIAN_POINT('Origin',(85.1,4.2,2.));
#10782=CARTESIAN_POINT('',(85.1,4.2,2.));
#10783=CARTESIAN_POINT('',(85.1,4.2,2.));
#10784=CARTESIAN_POINT('',(85.1,4.2,3.2));
#10785=CARTESIAN_POINT('',(85.1,4.2,3.2));
#10786=CARTESIAN_POINT('',(85.1,4.2,2.));
#10787=CARTESIAN_POINT('Origin',(-85.1,4.2,2.));
#10788=CARTESIAN_POINT('',(-85.1,4.2,2.));
#10789=CARTESIAN_POINT('',(-85.1,4.2,2.));
#10790=CARTESIAN_POINT('',(-85.1,4.2,3.2));
#10791=CARTESIAN_POINT('',(-85.1,4.2,3.2));
#10792=CARTESIAN_POINT('',(-85.1,4.2,2.));
#10793=CARTESIAN_POINT('Origin',(-85.1,115.4,2.));
#10794=CARTESIAN_POINT('',(-85.1,115.4,2.));
#10795=CARTESIAN_POINT('',(-85.1,115.4,3.2));
#10796=CARTESIAN_POINT('Origin',(0.,59.8,3.2));
#10797=CARTESIAN_POINT('Origin',(0.,59.8,2.));
#10798=CARTESIAN_POINT('Origin',(10.,193.6,12.3));
#10799=CARTESIAN_POINT('',(10.,193.6,12.3));
#10800=CARTESIAN_POINT('',(-55.,193.6,12.3));
#10801=CARTESIAN_POINT('',(10.,193.6,12.3));
#10802=CARTESIAN_POINT('',(-55.,193.6,13.9));
#10803=CARTESIAN_POINT('',(-55.,193.6,12.3));
#10804=CARTESIAN_POINT('',(10.,193.6,13.9));
#10805=CARTESIAN_POINT('',(10.,193.6,13.9));
#10806=CARTESIAN_POINT('',(10.,193.6,12.3));
#10807=CARTESIAN_POINT('Origin',(10.,163.4,12.3));
#10808=CARTESIAN_POINT('',(10.,163.4,12.3));
#10809=CARTESIAN_POINT('',(10.,163.4,12.3));
#10810=CARTESIAN_POINT('',(10.,163.4,13.9));
#10811=CARTESIAN_POINT('',(10.,163.4,13.9));
#10812=CARTESIAN_POINT('',(10.,163.4,12.3));
#10813=CARTESIAN_POINT('Origin',(-55.,163.4,12.3));
#10814=CARTESIAN_POINT('',(-55.,163.4,12.3));
#10815=CARTESIAN_POINT('',(-55.,163.4,12.3));
#10816=CARTESIAN_POINT('',(-55.,163.4,13.9));
#10817=CARTESIAN_POINT('',(-55.,163.4,13.9));
#10818=CARTESIAN_POINT('',(-55.,163.4,12.3));
#10819=CARTESIAN_POINT('Origin',(-55.,193.6,12.3));
#10820=CARTESIAN_POINT('',(-55.,193.6,12.3));
#10821=CARTESIAN_POINT('',(-55.,193.6,13.9));
#10822=CARTESIAN_POINT('Origin',(-22.5,178.5,13.9));
#10823=CARTESIAN_POINT('Origin',(-22.5,178.5,12.3));
#10824=CARTESIAN_POINT('Origin',(3.,169.3,3.8));
#10825=CARTESIAN_POINT('',(3.,169.3,3.8));
#10826=CARTESIAN_POINT('',(-48.,169.3,3.8));
#10827=CARTESIAN_POINT('',(3.,169.3,3.8));
#10828=CARTESIAN_POINT('',(-48.,169.3,12.3));
#10829=CARTESIAN_POINT('',(-48.,169.3,3.8));
#10830=CARTESIAN_POINT('',(3.,169.3,12.3));
#10831=CARTESIAN_POINT('',(3.,169.3,12.3));
#10832=CARTESIAN_POINT('',(3.,169.3,3.8));
#10833=CARTESIAN_POINT('Origin',(3.,164.2,3.8));
#10834=CARTESIAN_POINT('',(3.,164.2,3.8));
#10835=CARTESIAN_POINT('',(3.,164.2,3.8));
#10836=CARTESIAN_POINT('',(3.,164.2,12.3));
#10837=CARTESIAN_POINT('',(3.,164.2,12.3));
#10838=CARTESIAN_POINT('',(3.,164.2,3.8));
#10839=CARTESIAN_POINT('Origin',(-48.,164.2,3.8));
#10840=CARTESIAN_POINT('',(-48.,164.2,3.8));
#10841=CARTESIAN_POINT('',(-48.,164.2,3.8));
#10842=CARTESIAN_POINT('',(-48.,164.2,12.3));
#10843=CARTESIAN_POINT('',(-48.,164.2,12.3));
#10844=CARTESIAN_POINT('',(-48.,164.2,3.8));
#10845=CARTESIAN_POINT('Origin',(-48.,169.3,3.8));
#10846=CARTESIAN_POINT('',(-48.,169.3,3.8));
#10847=CARTESIAN_POINT('',(-48.,169.3,12.3));
#10848=CARTESIAN_POINT('Origin',(-22.5,166.75,12.3));
#10849=CARTESIAN_POINT('Origin',(-22.5,166.75,3.8));
#10850=CARTESIAN_POINT('Origin',(3.,192.8,3.8));
#10851=CARTESIAN_POINT('',(3.,192.8,3.8));
#10852=CARTESIAN_POINT('',(-48.,192.8,3.8));
#10853=CARTESIAN_POINT('',(3.,192.8,3.8));
#10854=CARTESIAN_POINT('',(-48.,192.8,12.3));
#10855=CARTESIAN_POINT('',(-48.,192.8,3.8));
#10856=CARTESIAN_POINT('',(3.,192.8,12.3));
#10857=CARTESIAN_POINT('',(3.,192.8,12.3));
#10858=CARTESIAN_POINT('',(3.,192.8,3.8));
#10859=CARTESIAN_POINT('Origin',(3.,187.7,3.8));
#10860=CARTESIAN_POINT('',(3.,187.7,3.8));
#10861=CARTESIAN_POINT('',(3.,187.7,3.8));
#10862=CARTESIAN_POINT('',(3.,187.7,12.3));
#10863=CARTESIAN_POINT('',(3.,187.7,12.3));
#10864=CARTESIAN_POINT('',(3.,187.7,3.8));
#10865=CARTESIAN_POINT('Origin',(-48.,187.7,3.8));
#10866=CARTESIAN_POINT('',(-48.,187.7,3.8));
#10867=CARTESIAN_POINT('',(-48.,187.7,3.8));
#10868=CARTESIAN_POINT('',(-48.,187.7,12.3));
#10869=CARTESIAN_POINT('',(-48.,187.7,12.3));
#10870=CARTESIAN_POINT('',(-48.,187.7,3.8));
#10871=CARTESIAN_POINT('Origin',(-48.,192.8,3.8));
#10872=CARTESIAN_POINT('',(-48.,192.8,3.8));
#10873=CARTESIAN_POINT('',(-48.,192.8,12.3));
#10874=CARTESIAN_POINT('Origin',(-22.5,190.25,12.3));
#10875=CARTESIAN_POINT('Origin',(-22.5,190.25,3.8));
#10876=CARTESIAN_POINT('Origin',(7.,192.,13.9));
#10877=CARTESIAN_POINT('',(7.,192.,13.9));
#10878=CARTESIAN_POINT('',(-52.,192.,13.9));
#10879=CARTESIAN_POINT('',(7.,192.,13.9));
#10880=CARTESIAN_POINT('',(-52.,192.,19.9));
#10881=CARTESIAN_POINT('',(-52.,192.,13.9));
#10882=CARTESIAN_POINT('',(7.,192.,19.9));
#10883=CARTESIAN_POINT('',(7.,192.,19.9));
#10884=CARTESIAN_POINT('',(7.,192.,13.9));
#10885=CARTESIAN_POINT('Origin',(7.,165.,13.9));
#10886=CARTESIAN_POINT('',(7.,165.,13.9));
#10887=CARTESIAN_POINT('',(7.,165.,13.9));
#10888=CARTESIAN_POINT('',(7.,165.,19.9));
#10889=CARTESIAN_POINT('',(7.,165.,19.9));
#10890=CARTESIAN_POINT('',(7.,165.,13.9));
#10891=CARTESIAN_POINT('Origin',(-52.,165.,13.9));
#10892=CARTESIAN_POINT('',(-52.,165.,13.9));
#10893=CARTESIAN_POINT('',(-52.,165.,13.9));
#10894=CARTESIAN_POINT('',(-52.,165.,19.9));
#10895=CARTESIAN_POINT('',(-52.,165.,19.9));
#10896=CARTESIAN_POINT('',(-52.,165.,13.9));
#10897=CARTESIAN_POINT('Origin',(-52.,192.,13.9));
#10898=CARTESIAN_POINT('',(-52.,192.,13.9));
#10899=CARTESIAN_POINT('',(-52.,192.,19.9));
#10900=CARTESIAN_POINT('Origin',(-22.5,178.5,19.9));
#10901=CARTESIAN_POINT('Origin',(-22.5,178.5,13.9));
#10902=CARTESIAN_POINT('Origin',(79.,187.6,2.8));
#10903=CARTESIAN_POINT('',(79.,187.6,2.8));
#10904=CARTESIAN_POINT('',(28.,187.6,2.8));
#10905=CARTESIAN_POINT('',(79.,187.6,2.8));
#10906=CARTESIAN_POINT('',(28.,187.6,14.8));
#10907=CARTESIAN_POINT('',(28.,187.6,2.8));
#10908=CARTESIAN_POINT('',(79.,187.6,14.8));
#10909=CARTESIAN_POINT('',(79.,187.6,14.8));
#10910=CARTESIAN_POINT('',(79.,187.6,2.8));
#10911=CARTESIAN_POINT('Origin',(79.,166.6,2.8));
#10912=CARTESIAN_POINT('',(79.,166.6,2.8));
#10913=CARTESIAN_POINT('',(79.,166.6,2.8));
#10914=CARTESIAN_POINT('',(79.,166.6,14.8));
#10915=CARTESIAN_POINT('',(79.,166.6,14.8));
#10916=CARTESIAN_POINT('',(79.,166.6,2.8));
#10917=CARTESIAN_POINT('Origin',(28.,166.6,2.8));
#10918=CARTESIAN_POINT('',(28.,166.6,2.8));
#10919=CARTESIAN_POINT('',(28.,166.6,2.8));
#10920=CARTESIAN_POINT('',(28.,166.6,14.8));
#10921=CARTESIAN_POINT('',(28.,166.6,14.8));
#10922=CARTESIAN_POINT('',(28.,166.6,2.8));
#10923=CARTESIAN_POINT('Origin',(28.,187.6,2.8));
#10924=CARTESIAN_POINT('',(28.,187.6,2.8));
#10925=CARTESIAN_POINT('',(28.,187.6,14.8));
#10926=CARTESIAN_POINT('Origin',(53.5,177.1,14.8));
#10927=CARTESIAN_POINT('Origin',(53.5,177.1,2.8));
#10928=UNCERTAINTY_MEASURE_WITH_UNIT(LENGTH_MEASURE(0.01),#10932,
'DISTANCE_ACCURACY_VALUE',
'Maximum model space distance between geometric entities at asserted c
onnectivities');
#10929=UNCERTAINTY_MEASURE_WITH_UNIT(LENGTH_MEASURE(0.01),#10932,
'DISTANCE_ACCURACY_VALUE',
'Maximum model space distance between geometric entities at asserted c
onnectivities');
#10930=(
GEOMETRIC_REPRESENTATION_CONTEXT(3)
GLOBAL_UNCERTAINTY_ASSIGNED_CONTEXT((#10928))
GLOBAL_UNIT_ASSIGNED_CONTEXT((#10932,#10934,#10935))
REPRESENTATION_CONTEXT('','3D')
);
#10931=(
GEOMETRIC_REPRESENTATION_CONTEXT(3)
GLOBAL_UNCERTAINTY_ASSIGNED_CONTEXT((#10929))
GLOBAL_UNIT_ASSIGNED_CONTEXT((#10932,#10934,#10935))
REPRESENTATION_CONTEXT('','3D')
);
#10932=(
LENGTH_UNIT()
NAMED_UNIT(*)
SI_UNIT(.MILLI.,.METRE.)
);
#10933=(
LENGTH_UNIT()
NAMED_UNIT(*)
SI_UNIT($,.METRE.)
);
#10934=(
NAMED_UNIT(*)
PLANE_ANGLE_UNIT()
SI_UNIT($,.RADIAN.)
);
#10935=(
NAMED_UNIT(*)
SI_UNIT($,.STERADIAN.)
SOLID_ANGLE_UNIT()
);
#10936=SHAPE_DEFINITION_REPRESENTATION(#10937,#10938);
#10937=PRODUCT_DEFINITION_SHAPE('',$,#10940);
#10938=SHAPE_REPRESENTATION('',(#6417),#10930);
#10939=PRODUCT_DEFINITION_CONTEXT('part definition',#10944,'design');
#10940=PRODUCT_DEFINITION('2026-08-29-04-55-59-235',
'Waveshare 7.3 e-paper screen X Raspberry Pi Pico 2W',#10941,#10939);
#10941=PRODUCT_DEFINITION_FORMATION('',$,#10946);
#10942=PRODUCT_RELATED_PRODUCT_CATEGORY(
'Waveshare 7.3 e-paper screen X Raspberry Pi Pico 2W',
'Waveshare 7.3 e-paper screen X Raspberry Pi Pico 2W',(#10946));
#10943=APPLICATION_PROTOCOL_DEFINITION('international standard',
'automotive_design',2009,#10944);
#10944=APPLICATION_CONTEXT(
'Core Data for Automotive Mechanical Design Process');
#10945=PRODUCT_CONTEXT('part definition',#10944,'mechanical');
#10946=PRODUCT('2026-08-29-04-55-59-235',
'Waveshare 7.3 e-paper screen X Raspberry Pi Pico 2W',$,(#10945));
#10947=PRESENTATION_STYLE_ASSIGNMENT((#10948));
#10948=SURFACE_STYLE_USAGE(.BOTH.,#10949);
#10949=SURFACE_SIDE_STYLE('',(#10950));
#10950=SURFACE_STYLE_FILL_AREA(#10951);
#10951=FILL_AREA_STYLE('Steel - Satin',(#10952));
#10952=FILL_AREA_STYLE_COLOUR('Steel - Satin',#10953);
#10953=COLOUR_RGB('Steel - Satin',0.627450980392157,0.627450980392157,0.627450980392157);
ENDSEC;
END-ISO-10303-21;
