/*
** Charles Le Maux, 2026
** epaper_dashboard
** File description:
** Generated by tools/gen_font.py from Questrial-Regular.ttf
** (SIL OFL 1.1, see lib/questrial/OFL.txt) - do not edit
*/

#include "font_data.h"

static const struct gfx_glyph Q32_GLYPHS[] = {
    {0, 6, 6},
    {32, 7, 7},
    {64, 10, 10},
    {128, 17, 17},
    {224, 18, 18},
    {320, 25, 25},
    {448, 17, 17},
    {544, 5, 5},
    {576, 7, 7},
    {608, 7, 7},
    {640, 11, 11},
    {704, 17, 17},
    {800, 7, 7},
    {832, 11, 11},
    {896, 6, 6},
    {928, 11, 11},
    {992, 17, 17},
    {1088, 17, 17},
    {1184, 17, 17},
    {1280, 17, 17},
    {1376, 17, 17},
    {1472, 17, 17},
    {1568, 17, 17},
    {1664, 17, 17},
    {1760, 17, 17},
    {1856, 17, 17},
    {1952, 6, 6},
    {1984, 7, 7},
    {2016, 17, 17},
    {2112, 17, 17},
    {2208, 17, 17},
    {2304, 15, 15},
    {2368, 26, 26},
    {2496, 20, 20},
    {2592, 20, 20},
    {2688, 21, 21},
    {2784, 21, 21},
    {2880, 18, 18},
    {2976, 17, 17},
    {3072, 22, 22},
    {3168, 21, 21},
    {3264, 7, 7},
    {3296, 16, 16},
    {3360, 20, 19},
    {3456, 16, 16},
    {3520, 24, 24},
    {3616, 22, 22},
    {3712, 23, 23},
    {3808, 19, 19},
    {3904, 23, 23},
    {4000, 20, 20},
    {4096, 18, 18},
    {4192, 17, 17},
    {4288, 21, 21},
    {4384, 19, 19},
    {4480, 29, 29},
    {4608, 19, 18},
    {4704, 19, 19},
    {4800, 18, 18},
    {4896, 8, 8},
    {4928, 11, 11},
    {4992, 8, 8},
    {5024, 15, 15},
    {5088, 18, 18},
    {5184, 10, 10},
    {5248, 18, 18},
    {5344, 18, 18},
    {5440, 16, 16},
    {5504, 18, 18},
    {5600, 17, 17},
    {5696, 9, 9},
    {5760, 18, 18},
    {5856, 17, 17},
    {5952, 6, 6},
    {5984, 6, 6},
    {6016, 16, 15},
    {6080, 6, 6},
    {6112, 26, 26},
    {6240, 17, 17},
    {6336, 17, 17},
    {6432, 18, 18},
    {6528, 18, 18},
    {6624, 10, 10},
    {6688, 14, 14},
    {6752, 10, 10},
    {6816, 17, 17},
    {6912, 15, 15},
    {6976, 23, 22},
    {7072, 15, 14},
    {7136, 15, 15},
    {7200, 14, 14},
    {7264, 9, 9},
    {7328, 6, 6},
    {7360, 9, 9},
    {7424, 16, 16},
};

static const uint8_t Q32_BITMAP[] = {
    0x00, 0x00, 0x00, 0x00, 0x00, 0x00, 0x00, 0x00, 0x00, 0x00, 0x00, 0x00,
    0x00, 0x00, 0x00, 0x00, 0x00, 0x00, 0x00, 0x00, 0x00, 0x00, 0x00, 0x00,
    0x00, 0x00, 0x00, 0x00, 0x00, 0x00, 0x00, 0x00, 0x00, 0x00, 0x00, 0x00,
    0x00, 0x38, 0x38, 0x38, 0x38, 0x38, 0x30, 0x30, 0x30, 0x30, 0x30, 0x30,
    0x30, 0x30, 0x30, 0x00, 0x00, 0x00, 0x38, 0x38, 0x38, 0x00, 0x00, 0x00,
    0x00, 0x00, 0x00, 0x00, 0x00, 0x00, 0x00, 0x00, 0x00, 0x00, 0x00, 0x00,
    0x00, 0x00, 0x77, 0x00, 0x33, 0x00, 0x33, 0x00, 0x33, 0x00, 0x33, 0x00,
    0x33, 0x00, 0x00, 0x00, 0x00, 0x00, 0x00, 0x00, 0x00, 0x00, 0x00, 0x00,
    0x00, 0x00, 0x00, 0x00, 0x00, 0x00, 0x00, 0x00, 0x00, 0x00, 0x00, 0x00,
    0x00, 0x00, 0x00, 0x00, 0x00, 0x00, 0x00, 0x00, 0x00, 0x00, 0x00, 0x00,
    0x00, 0x00, 0x00, 0x00, 0x00, 0x00, 0x00, 0x00, 0x00, 0x00, 0x00, 0x00,
    0x00, 0x00, 0x00, 0x00, 0x00, 0x00, 0x00, 0x00, 0x00, 0x00, 0x00, 0x00,
    0x00, 0x00, 0x00, 0x00, 0x00, 0x01, 0x08, 0x00, 0x03, 0x18, 0x00, 0x03,
    0x18, 0x00, 0x03, 0x18, 0x00, 0x03, 0x18, 0x00, 0x3f, 0xff, 0x00, 0x3f,
    0xff, 0x00, 0x06, 0x18, 0x00, 0x06, 0x10, 0x00, 0x06, 0x30, 0x00, 0x06,
    0x30, 0x00, 0x7f, 0xfe, 0x00, 0x7f, 0xfe, 0x00, 0x0c, 0x30, 0x00, 0x0c,
    0x30, 0x00, 0x0c, 0x60, 0x00, 0x0c, 0x60, 0x00, 0x00, 0x00, 0x00, 0x00,
    0x00, 0x00, 0x00, 0x00, 0x00, 0x00, 0x00, 0x00, 0x00, 0x00, 0x00, 0x00,
    0x00, 0x00, 0x00, 0x00, 0x00, 0x00, 0x00, 0x00, 0x00, 0x00, 0x00, 0x00,
    0x00, 0x00, 0x00, 0x00, 0x00, 0x00, 0xc0, 0x00, 0x00, 0xc0, 0x00, 0x07,
    0xf8, 0x00, 0x1f, 0xfe, 0x00, 0x3c, 0xcf, 0x00, 0x30, 0xc3, 0x00, 0x30,
    0xc3, 0x80, 0x30, 0xc1, 0x00, 0x30, 0xc0, 0x00, 0x38, 0xc0, 0x00, 0x1f,
    0xc0, 0x00, 0x07, 0xf0, 0x00, 0x01, 0xfe, 0x00, 0x00, 0xff, 0x00, 0x00,
    0xc3, 0x80, 0x00, 0xc1, 0x80, 0x60, 0xc1, 0x80, 0x70, 0xc1, 0x80, 0x30,
    0xc3, 0x80, 0x3c, 0xc7, 0x00, 0x1f, 0xff, 0x00, 0x07, 0xfc, 0x00, 0x00,
    0xc0, 0x00, 0x00, 0xc0, 0x00, 0x00, 0x00, 0x00, 0x00, 0x00, 0x00, 0x00,
    0x00, 0x00, 0x00, 0x00, 0x00, 0x00, 0x00, 0x00, 0x00, 0x00, 0x00, 0x00,
    0x00, 0x00, 0x00, 0x00, 0x00, 0x00, 0x00, 0x00, 0x00, 0x00, 0x00, 0x00,
    0x00, 0x00, 0x00, 0x00, 0x0f, 0x00, 0x30, 0x00, 0x3f, 0x80, 0x20, 0x00,
    0x31, 0xc0, 0x60, 0x00, 0x70, 0xc0, 0xc0, 0x00, 0x60, 0xc1, 0x80, 0x00,
    0x60, 0xc1, 0x80, 0x00, 0x60, 0xc3, 0x00, 0x00, 0x60, 0xc6, 0x00, 0x00,
    0x31, 0xc6, 0x00, 0x00, 0x3f, 0x8c, 0x7c, 0x00, 0x0f, 0x18, 0xfe, 0x00,
    0x00, 0x18, 0xc6, 0x00, 0x00, 0x31, 0x83, 0x00, 0x00, 0x61, 0x83, 0x00,
    0x00, 0x61, 0x83, 0x00, 0x00, 0xc1, 0x83, 0x00, 0x01, 0x81, 0x83, 0x00,
    0x01, 0x00, 0xc7, 0x00, 0x03, 0x00, 0xfe, 0x00, 0x06, 0x00, 0x7c, 0x00,
    0x00, 0x00, 0x00, 0x00, 0x00, 0x00, 0x00, 0x00, 0x00, 0x00, 0x00, 0x00,
    0x00, 0x00, 0x00, 0x00, 0x00, 0x00, 0x00, 0x00, 0x00, 0x00, 0x00, 0x00,
    0x00, 0x00, 0x00, 0x00, 0x00, 0x00, 0x00, 0x00, 0x00, 0x00, 0x00, 0x00,
    0x00, 0x00, 0x00, 0x00, 0x00, 0x00, 0x00, 0x07, 0xe0, 0x00, 0x0f, 0xf8,
    0x00, 0x1c, 0x1c, 0x00, 0x38, 0x0c, 0x00, 0x30, 0x00, 0x00, 0x30, 0x00,
    0x00, 0x30, 0x00, 0x00, 0x38, 0x00, 0x00, 0x1c, 0x06, 0x00, 0x0f, 0xff,
    0x80, 0x1f, 0xff, 0x80, 0x38, 0x06, 0x00, 0x30, 0x06, 0x00, 0x70, 0x06,
    0x00, 0x60, 0x06, 0x00, 0x70, 0x06, 0x00, 0x30, 0x0c, 0x00, 0x3c, 0x1c,
    0x00, 0x1f, 0xf8, 0x00, 0x07, 0xe0, 0x00, 0x00, 0x00, 0x00, 0x00, 0x00,
    0x00, 0x00, 0x00, 0x00, 0x00, 0x00, 0x00, 0x00, 0x00, 0x00, 0x00, 0x00,
    0x00, 0x00, 0x00, 0x00, 0x00, 0x00, 0x00, 0x00, 0x00, 0x70, 0x30, 0x30,
    0x30, 0x30, 0x30, 0x00, 0x00, 0x00, 0x00, 0x00, 0x00, 0x00, 0x00, 0x00,
    0x00, 0x00, 0x00, 0x00, 0x00, 0x00, 0x00, 0x00, 0x00, 0x00, 0x00, 0x00,
    0x00, 0x00, 0x00, 0x00, 0x06, 0x0c, 0x1c, 0x18, 0x18, 0x30, 0x30, 0x30,
    0x70, 0x70, 0x60, 0x60, 0x60, 0x60, 0x60, 0x70, 0x30, 0x30, 0x30, 0x38,
    0x18, 0x18, 0x0c, 0x0c, 0x00, 0x00, 0x00, 0x00, 0x00, 0x00, 0x00, 0x00,
    0x60, 0x60, 0x30, 0x30, 0x18, 0x18, 0x18, 0x1c, 0x0c, 0x0c, 0x0c, 0x0c,
    0x0c, 0x0c, 0x0c, 0x0c, 0x0c, 0x1c, 0x18, 0x18, 0x38, 0x30, 0x30, 0x60,
    0x00, 0x00, 0x00, 0x00, 0x00, 0x00, 0x00, 0x00, 0x00, 0x00, 0x00, 0x00,
    0x00, 0x00, 0x04, 0x00, 0x04, 0x00, 0x24, 0x80, 0x3f, 0x80, 0x0e, 0x00,
    0x0b, 0x00, 0x1b, 0x00, 0x11, 0x00, 0x00, 0x00, 0x00, 0x00, 0x00, 0x00,
    0x00, 0x00, 0x00, 0x00, 0x00, 0x00, 0x00, 0x00, 0x00, 0x00, 0x00, 0x00,
    0x00, 0x00, 0x00, 0x00, 0x00, 0x00, 0x00, 0x00, 0x00, 0x00, 0x00, 0x00,
    0x00, 0x00, 0x00, 0x00, 0x00, 0x00, 0x00, 0x00, 0x00, 0x00, 0x00, 0x00,
    0x00, 0x00, 0x00, 0x00, 0x00, 0x00, 0x00, 0x00, 0x00, 0x00, 0x00, 0x00,
    0x00, 0x00, 0x00, 0x00, 0x00, 0x00, 0x00, 0x00, 0x00, 0x00, 0x00, 0x00,
    0x00, 0x00, 0x00, 0x00, 0x00, 0x01, 0x80, 0x00, 0x01, 0x80, 0x00, 0x01,
    0x80, 0x00, 0x01, 0x80, 0x00, 0x01, 0x80, 0x00, 0x01, 0x80, 0x00, 0x7f,
    0xfe, 0x00, 0x7f, 0xfe, 0x00, 0x01, 0x80, 0x00, 0x01, 0x80, 0x00, 0x01,
    0x80, 0x00, 0x01, 0x80, 0x00, 0x01, 0x80, 0x00, 0x01, 0x80, 0x00, 0x00,
    0x00, 0x00, 0x00, 0x00, 0x00, 0x00, 0x00, 0x00, 0x00, 0x00, 0x00, 0x00,
    0x00, 0x00, 0x00, 0x00, 0x00, 0x00, 0x00, 0x00, 0x00, 0x00, 0x00, 0x00,
    0x00, 0x00, 0x00, 0x00, 0x00, 0x00, 0x00, 0x00, 0x00, 0x00, 0x00, 0x00,
    0x00, 0x00, 0x00, 0x00, 0x00, 0x00, 0x38, 0x30, 0x70, 0x60, 0x60, 0xe0,
    0x00, 0x00, 0x00, 0x00, 0x00, 0x00, 0x00, 0x00, 0x00, 0x00, 0x00, 0x00,
    0x00, 0x00, 0x00, 0x00, 0x00, 0x00, 0x00, 0x00, 0x00, 0x00, 0x00, 0x00,
    0x00, 0x00, 0x00, 0x00, 0x00, 0x00, 0x00, 0x00, 0x00, 0x00, 0x3f, 0x80,
    0x3f, 0x80, 0x00, 0x00, 0x00, 0x00, 0x00, 0x00, 0x00, 0x00, 0x00, 0x00,
    0x00, 0x00, 0x00, 0x00, 0x00, 0x00, 0x00, 0x00, 0x00, 0x00, 0x00, 0x00,
    0x00, 0x00, 0x00, 0x00, 0x00, 0x00, 0x00, 0x00, 0x00, 0x00, 0x00, 0x00,
    0x00, 0x00, 0x00, 0x00, 0x00, 0x00, 0x00, 0x00, 0x00, 0x00, 0x00, 0x00,
    0x00, 0x00, 0x00, 0x00, 0x00, 0x00, 0x38, 0x38, 0x38, 0x00, 0x00, 0x00,
    0x00, 0x00, 0x00, 0x00, 0x00, 0x00, 0x00, 0x00, 0x00, 0x00, 0x00, 0x00,
    0x00, 0x00, 0x00, 0xc0, 0x01, 0xc0, 0x01, 0x80, 0x01, 0x80, 0x03, 0x80,
    0x03, 0x00, 0x03, 0x00, 0x07, 0x00, 0x06, 0x00, 0x06, 0x00, 0x06, 0x00,
    0x0c, 0x00, 0x0c, 0x00, 0x0c, 0x00, 0x18, 0x00, 0x18, 0x00, 0x18, 0x00,
    0x30, 0x00, 0x30, 0x00, 0x30, 0x00, 0x60, 0x00, 0x00, 0x00, 0x00, 0x00,
    0x00, 0x00, 0x00, 0x00, 0x00, 0x00, 0x00, 0x00, 0x00, 0x00, 0x00, 0x00,
    0x00, 0x00, 0x00, 0x00, 0x00, 0x00, 0x00, 0x00, 0x00, 0x00, 0x00, 0x03,
    0xe0, 0x00, 0x0f, 0xf0, 0x00, 0x1c, 0x38, 0x00, 0x18, 0x1c, 0x00, 0x30,
    0x0c, 0x00, 0x30, 0x0e, 0x00, 0x30, 0x06, 0x00, 0x70, 0x06, 0x00, 0x70,
    0x06, 0x00, 0x70, 0x06, 0x00, 0x70, 0x06, 0x00, 0x70, 0x06, 0x00, 0x70,
    0x06, 0x00, 0x30, 0x06, 0x00, 0x30, 0x0e, 0x00, 0x30, 0x0c, 0x00, 0x18,
    0x1c, 0x00, 0x1c, 0x38, 0x00, 0x0f, 0xf8, 0x00, 0x03, 0xe0, 0x00, 0x00,
    0x00, 0x00, 0x00, 0x00, 0x00, 0x00, 0x00, 0x00, 0x00, 0x00, 0x00, 0x00,
    0x00, 0x00, 0x00, 0x00, 0x00, 0x00, 0x00, 0x00, 0x00, 0x00, 0x00, 0x00,
    0x00, 0x00, 0x00, 0x00, 0x00, 0x00, 0x00, 0x00, 0x00, 0x00, 0x00, 0x0f,
    0xe0, 0x00, 0x0f, 0xe0, 0x00, 0x00, 0xe0, 0x00, 0x00, 0xe0, 0x00, 0x00,
    0xe0, 0x00, 0x00, 0xe0, 0x00, 0x00, 0xe0, 0x00, 0x00, 0xe0, 0x00, 0x00,
    0xe0, 0x00, 0x00, 0xe0, 0x00, 0x00, 0xe0, 0x00, 0x00, 0xe0, 0x00, 0x00,
    0xe0, 0x00, 0x00, 0xe0, 0x00, 0x00, 0xe0, 0x00, 0x00, 0xe0, 0x00, 0x00,
    0xe0, 0x00, 0x00, 0xe0, 0x00, 0x00, 0xe0, 0x00, 0x00, 0xe0, 0x00, 0x00,
    0x00, 0x00, 0x00, 0x00, 0x00, 0x00, 0x00, 0x00, 0x00, 0x00, 0x00, 0x00,
    0x00, 0x00, 0x00, 0x00, 0x00, 0x00, 0x00, 0x00, 0x00, 0x00, 0x00, 0x00,
    0x00, 0x00, 0x00, 0x00, 0x00, 0x00, 0x00, 0x00, 0x00, 0x00, 0x00, 0x07,
    0xe0, 0x00, 0x0f, 0xf8, 0x00, 0x1c, 0x1c, 0x00, 0x38, 0x0c, 0x00, 0x30,
    0x06, 0x00, 0x20, 0x06, 0x00, 0x00, 0x06, 0x00, 0x00, 0x0e, 0x00, 0x00,
    0x1c, 0x00, 0x00, 0x38, 0x00, 0x00, 0x70, 0x00, 0x00, 0xe0, 0x00, 0x03,
    0xc0, 0x00, 0x07, 0x80, 0x00, 0x0e, 0x00, 0x00, 0x1c, 0x00, 0x00, 0x38,
    0x00, 0x00, 0x30, 0x00, 0x00, 0x3f, 0xfe, 0x00, 0x3f, 0xfe, 0x00, 0x00,
    0x00, 0x00, 0x00, 0x00, 0x00, 0x00, 0x00, 0x00, 0x00, 0x00, 0x00, 0x00,
    0x00, 0x00, 0x00, 0x00, 0x00, 0x00, 0x00, 0x00, 0x00, 0x00, 0x00, 0x00,
    0x00, 0x00, 0x00, 0x00, 0x00, 0x00, 0x00, 0x00, 0x00, 0x00, 0x00, 0x07,
    0xe0, 0x00, 0x0f, 0xf8, 0x00, 0x1c, 0x3c, 0x00, 0x38, 0x0c, 0x00, 0x30,
    0x0c, 0x00, 0x00, 0x0c, 0x00, 0x00, 0x0c, 0x00, 0x00, 0x38, 0x00, 0x03,
    0xf0, 0x00, 0x03, 0xf8, 0x00, 0x00, 0x3c, 0x00, 0x00, 0x0c, 0x00, 0x00,
    0x0e, 0x00, 0x00, 0x06, 0x00, 0x20, 0x06, 0x00, 0x70, 0x06, 0x00, 0x38,
    0x0c, 0x00, 0x1c, 0x1c, 0x00, 0x0f, 0xf8, 0x00, 0x03, 0xe0, 0x00, 0x00,
    0x00, 0x00, 0x00, 0x00, 0x00, 0x00, 0x00, 0x00, 0x00, 0x00, 0x00, 0x00,
    0x00, 0x00, 0x00, 0x00, 0x00, 0x00, 0x00, 0x00, 0x00, 0x00, 0x00, 0x00,
    0x00, 0x00, 0x00, 0x00, 0x00, 0x00, 0x00, 0x00, 0x00, 0x00, 0x00, 0x00,
    0x78, 0x00, 0x00, 0xf8, 0x00, 0x00, 0xf8, 0x00, 0x01, 0xb8, 0x00, 0x03,
    0xb8, 0x00, 0x03, 0x38, 0x00, 0x06, 0x38, 0x00, 0x0e, 0x38, 0x00, 0x0c,
    0x38, 0x00, 0x18, 0x38, 0x00, 0x38, 0x38, 0x00, 0x30, 0x38, 0x00, 0x60,
    0x38, 0x00, 0x7f, 0xfe, 0x00, 0x7f, 0xfe, 0x00, 0x00, 0x38, 0x00, 0x00,
    0x38, 0x00, 0x00, 0x38, 0x00, 0x00, 0x38, 0x00, 0x00, 0x38, 0x00, 0x00,
    0x00, 0x00, 0x00, 0x00, 0x00, 0x00, 0x00, 0x00, 0x00, 0x00, 0x00, 0x00,
    0x00, 0x00, 0x00, 0x00, 0x00, 0x00, 0x00, 0x00, 0x00, 0x00, 0x00, 0x00,
    0x00, 0x00, 0x00, 0x00, 0x00, 0x00, 0x00, 0x00, 0x00, 0x00, 0x00, 0x0f,
    0xfc, 0x00, 0x0f, 0xfc, 0x00, 0x1c, 0x00, 0x00, 0x1c, 0x00, 0x00, 0x18,
    0x00, 0x00, 0x18, 0x00, 0x00, 0x18, 0x00, 0x00, 0x1b, 0xe0, 0x00, 0x3f,
    0xf8, 0x00, 0x1c, 0x3c, 0x00, 0x00, 0x0c, 0x00, 0x00, 0x0e, 0x00, 0x00,
    0x06, 0x00, 0x00, 0x06, 0x00, 0x00, 0x06, 0x00, 0x70, 0x0e, 0x00, 0x38,
    0x0c, 0x00, 0x3c, 0x3c, 0x00, 0x1f, 0xf8, 0x00, 0x07, 0xe0, 0x00, 0x00,
    0x00, 0x00, 0x00, 0x00, 0x00, 0x00, 0x00, 0x00, 0x00, 0x00, 0x00, 0x00,
    0x00, 0x00, 0x00, 0x00, 0x00, 0x00, 0x00, 0x00, 0x00, 0x00, 0x00, 0x00,
    0x00, 0x00, 0x00, 0x00, 0x00, 0x00, 0x00, 0x00, 0x00, 0x00, 0x00, 0x03,
    0xe0, 0x00, 0x0f, 0xf8, 0x00, 0x1e, 0x1c, 0x00, 0x18, 0x0e, 0x00, 0x38,
    0x04, 0x00, 0x30, 0x00, 0x00, 0x30, 0x00, 0x00, 0x73, 0xe0, 0x00, 0x77,
    0xf8, 0x00, 0x7e, 0x1c, 0x00, 0x78, 0x0e, 0x00, 0x78, 0x06, 0x00, 0x70,
    0x06, 0x00, 0x30, 0x06, 0x00, 0x30, 0x06, 0x00, 0x38, 0x06, 0x00, 0x18,
    0x0e, 0x00, 0x1e, 0x1c, 0x00, 0x0f, 0xf8, 0x00, 0x03, 0xe0, 0x00, 0x00,
    0x00, 0x00, 0x00, 0x00, 0x00, 0x00, 0x00, 0x00, 0x00, 0x00, 0x00, 0x00,
    0x00, 0x00, 0x00, 0x00, 0x00, 0x00, 0x00, 0x00, 0x00, 0x00, 0x00, 0x00,
    0x00, 0x00, 0x00, 0x00, 0x00, 0x00, 0x00, 0x00, 0x00, 0x00, 0x00, 0x7f,
    0xfe, 0x00, 0x7f, 0xfe, 0x00, 0x00, 0x06, 0x00, 0x00, 0x0e, 0x00, 0x00,
    0x0c, 0x00, 0x00, 0x1c, 0x00, 0x00, 0x18, 0x00, 0x00, 0x38, 0x00, 0x00,
    0x30, 0x00, 0x00, 0x70, 0x00, 0x00, 0x60, 0x00, 0x00, 0xe0, 0x00, 0x00,
    0xc0, 0x00, 0x01, 0xc0, 0x00, 0x01, 0xc0, 0x00, 0x03, 0x80, 0x00, 0x03,
    0x80, 0x00, 0x07, 0x00, 0x00, 0x07, 0x00, 0x00, 0x06, 0x00, 0x00, 0x00,
    0x00, 0x00, 0x00, 0x00, 0x00, 0x00, 0x00, 0x00, 0x00, 0x00, 0x00, 0x00,
    0x00, 0x00, 0x00, 0x00, 0x00, 0x00, 0x00, 0x00, 0x00, 0x00, 0x00, 0x00,
    0x00, 0x00, 0x00, 0x00, 0x00, 0x00, 0x00, 0x00, 0x00, 0x00, 0x00, 0x07,
    0xe0, 0x00, 0x1f, 0xf8, 0x00, 0x1c, 0x1c, 0x00, 0x38, 0x0c, 0x00, 0x30,
    0x0e, 0x00, 0x30, 0x0e, 0x00, 0x38, 0x0c, 0x00, 0x1c, 0x1c, 0x00, 0x0f,
    0xf0, 0x00, 0x0f, 0xf8, 0x00, 0x1c, 0x1c, 0x00, 0x30, 0x0e, 0x00, 0x70,
    0x06, 0x00, 0x60, 0x06, 0x00, 0x60, 0x06, 0x00, 0x70, 0x06, 0x00, 0x30,
    0x0e, 0x00, 0x3c, 0x1c, 0x00, 0x1f, 0xf8, 0x00, 0x07, 0xe0, 0x00, 0x00,
    0x00, 0x00, 0x00, 0x00, 0x00, 0x00, 0x00, 0x00, 0x00, 0x00, 0x00, 0x00,
    0x00, 0x00, 0x00, 0x00, 0x00, 0x00, 0x00, 0x00, 0x00, 0x00, 0x00, 0x00,
    0x00, 0x00, 0x00, 0x00, 0x00, 0x00, 0x00, 0x00, 0x00, 0x00, 0x00, 0x07,
    0xe0, 0x00, 0x0f, 0xf0, 0x00, 0x3c, 0x38, 0x00, 0x30, 0x1c, 0x00, 0x70,
    0x0c, 0x00, 0x60, 0x0e, 0x00, 0x60, 0x0e, 0x00, 0x60, 0x0e, 0x00, 0x70,
    0x0e, 0x00, 0x38, 0x1e, 0x00, 0x3c, 0x3e, 0x00, 0x1f, 0xf6, 0x00, 0x07,
    0xc6, 0x00, 0x00, 0x06, 0x00, 0x00, 0x0e, 0x00, 0x30, 0x0c, 0x00, 0x38,
    0x1c, 0x00, 0x1c, 0x38, 0x00, 0x1f, 0xf0, 0x00, 0x07, 0xc0, 0x00, 0x00,
    0x00, 0x00, 0x00, 0x00, 0x00, 0x00, 0x00, 0x00, 0x00, 0x00, 0x00, 0x00,
    0x00, 0x00, 0x00, 0x00, 0x00, 0x00, 0x00, 0x00, 0x00, 0x00, 0x00, 0x00,
    0x00, 0x00, 0x00, 0x00, 0x00, 0x00, 0x38, 0x38, 0x38, 0x00, 0x00, 0x00,
    0x00, 0x00, 0x00, 0x00, 0x00, 0x00, 0x38, 0x38, 0x38, 0x00, 0x00, 0x00,
    0x00, 0x00, 0x00, 0x00, 0x00, 0x00, 0x00, 0x00, 0x00, 0x00, 0x00, 0x00,
    0x00, 0x00, 0x38, 0x38, 0x38, 0x00, 0x00, 0x00, 0x00, 0x00, 0x00, 0x00,
    0x00, 0x00, 0x00, 0x38, 0x38, 0x30, 0x70, 0x60, 0x60, 0x00, 0x00, 0x00,
    0x00, 0x00, 0x00, 0x00, 0x00, 0x00, 0x00, 0x00, 0x00, 0x00, 0x00, 0x00,
    0x00, 0x00, 0x00, 0x00, 0x00, 0x00, 0x00, 0x00, 0x00, 0x00, 0x00, 0x00,
    0x00, 0x00, 0x00, 0x00, 0x00, 0x00, 0x00, 0x02, 0x00, 0x00, 0x0e, 0x00,
    0x00, 0x3e, 0x00, 0x00, 0xf8, 0x00, 0x07, 0xc0, 0x00, 0x1f, 0x00, 0x00,
    0x78, 0x00, 0x00, 0x70, 0x00, 0x00, 0x7c, 0x00, 0x00, 0x1f, 0x00, 0x00,
    0x03, 0xe0, 0x00, 0x00, 0xf8, 0x00, 0x00, 0x3e, 0x00, 0x00, 0x0e, 0x00,
    0x00, 0x00, 0x00, 0x00, 0x00, 0x00, 0x00, 0x00, 0x00, 0x00, 0x00, 0x00,
    0x00, 0x00, 0x00, 0x00, 0x00, 0x00, 0x00, 0x00, 0x00, 0x00, 0x00, 0x00,
    0x00, 0x00, 0x00, 0x00, 0x00, 0x00, 0x00, 0x00, 0x00, 0x00, 0x00, 0x00,
    0x00, 0x00, 0x00, 0x00, 0x00, 0x00, 0x00, 0x00, 0x00, 0x00, 0x00, 0x00,
    0x00, 0x00, 0x00, 0x00, 0x00, 0x00, 0x00, 0x00, 0x00, 0x00, 0x00, 0x00,
    0x00, 0x00, 0x00, 0x00, 0x00, 0x00, 0x3f, 0xfe, 0x00, 0x3f, 0xfe, 0x00,
    0x00, 0x00, 0x00, 0x00, 0x00, 0x00, 0x00, 0x00, 0x00, 0x00, 0x00, 0x00,
    0x3f, 0xfe, 0x00, 0x3f, 0xfe, 0x00, 0x00, 0x00, 0x00, 0x00, 0x00, 0x00,
    0x00, 0x00, 0x00, 0x00, 0x00, 0x00, 0x00, 0x00, 0x00, 0x00, 0x00, 0x00,
    0x00, 0x00, 0x00, 0x00, 0x00, 0x00, 0x00, 0x00, 0x00, 0x00, 0x00, 0x00,
    0x00, 0x00, 0x00, 0x00, 0x00, 0x00, 0x00, 0x00, 0x00, 0x00, 0x00, 0x00,
    0x00, 0x00, 0x00, 0x00, 0x00, 0x00, 0x00, 0x00, 0x00, 0x00, 0x00, 0x00,
    0x00, 0x00, 0x00, 0x00, 0x00, 0x00, 0x40, 0x00, 0x00, 0x70, 0x00, 0x00,
    0x3e, 0x00, 0x00, 0x0f, 0x80, 0x00, 0x03, 0xe0, 0x00, 0x00, 0x78, 0x00,
    0x00, 0x1e, 0x00, 0x00, 0x07, 0x00, 0x00, 0x1e, 0x00, 0x00, 0xf8, 0x00,
    0x03, 0xe0, 0x00, 0x0f, 0x80, 0x00, 0x7c, 0x00, 0x00, 0x70, 0x00, 0x00,
    0x00, 0x00, 0x00, 0x00, 0x00, 0x00, 0x00, 0x00, 0x00, 0x00, 0x00, 0x00,
    0x00, 0x00, 0x00, 0x00, 0x00, 0x00, 0x00, 0x00, 0x00, 0x00, 0x00, 0x00,
    0x00, 0x00, 0x00, 0x00, 0x00, 0x00, 0x00, 0x00, 0x00, 0x00, 0x07, 0xe0,
    0x1f, 0xf0, 0x1c, 0x38, 0x30, 0x1c, 0x70, 0x0c, 0x60, 0x0c, 0x00, 0x0c,
    0x00, 0x1c, 0x00, 0x38, 0x00, 0x70, 0x00, 0xe0, 0x00, 0xc0, 0x01, 0xc0,
    0x01, 0x80, 0x01, 0x80, 0x00, 0x00, 0x00, 0x00, 0x03, 0x80, 0x03, 0x80,
    0x03, 0x80, 0x00, 0x00, 0x00, 0x00, 0x00, 0x00, 0x00, 0x00, 0x00, 0x00,
    0x00, 0x00, 0x00, 0x00, 0x00, 0x00, 0x00, 0x00, 0x00, 0x00, 0x00, 0x00,
    0x00, 0x00, 0x00, 0x00, 0x00, 0x00, 0x00, 0x00, 0x00, 0x00, 0x00, 0x00,
    0x00, 0x1f, 0x80, 0x00, 0x00, 0xe0, 0x60, 0x00, 0x01, 0x80, 0x18, 0x00,
    0x06, 0x00, 0x0c, 0x00, 0x04, 0x00, 0x06, 0x00, 0x08, 0x1e, 0x62, 0x00,
    0x10, 0x7f, 0xe3, 0x00, 0x10, 0xe1, 0xe1, 0x00, 0x21, 0xc0, 0xe1, 0x00,
    0x21, 0x80, 0x61, 0x00, 0x21, 0x00, 0x41, 0x00, 0x21, 0x00, 0x41, 0x00,
    0x21, 0x00, 0xc1, 0x00, 0x21, 0x80, 0xc1, 0x00, 0x21, 0xc1, 0xc2, 0x00,
    0x20, 0xff, 0xc6, 0x00, 0x10, 0x7c, 0x78, 0x00, 0x10, 0x00, 0x00, 0x00,
    0x08, 0x00, 0x00, 0x00, 0x06, 0x00, 0x20, 0x00, 0x03, 0x81, 0xc0, 0x00,
    0x00, 0x7e, 0x00, 0x00, 0x00, 0x00, 0x00, 0x00, 0x00, 0x00, 0x00, 0x00,
    0x00, 0x00, 0x00, 0x00, 0x00, 0x00, 0x00, 0x00, 0x00, 0x00, 0x00, 0x00,
    0x00, 0x00, 0x00, 0x00, 0x00, 0x00, 0x00, 0x00, 0x00, 0x00, 0x00, 0x00,
    0x00, 0x00, 0x00, 0x00, 0xf0, 0x00, 0x00, 0xf0, 0x00, 0x01, 0xf0, 0x00,
    0x01, 0xb8, 0x00, 0x01, 0x98, 0x00, 0x03, 0x9c, 0x00, 0x03, 0x0c, 0x00,
    0x07, 0x0e, 0x00, 0x06, 0x0e, 0x00, 0x06, 0x06, 0x00, 0x0e, 0x07, 0x00,
    0x0c, 0x03, 0x00, 0x1f, 0xff, 0x80, 0x1f, 0xff, 0x80, 0x38, 0x01, 0x80,
    0x30, 0x01, 0xc0, 0x30, 0x00, 0xc0, 0x70, 0x00, 0xe0, 0x60, 0x00, 0x60,
    0xe0, 0x00, 0x70, 0x00, 0x00, 0x00, 0x00, 0x00, 0x00, 0x00, 0x00, 0x00,
    0x00, 0x00, 0x00, 0x00, 0x00, 0x00, 0x00, 0x00, 0x00, 0x00, 0x00, 0x00,
    0x00, 0x00, 0x00, 0x00, 0x00, 0x00, 0x00, 0x00, 0x00, 0x00, 0x00, 0x00,
    0x00, 0x00, 0x00, 0x3f, 0xfc, 0x00, 0x3f, 0xff, 0x00, 0x38, 0x03, 0x80,
    0x38, 0x01, 0x80, 0x38, 0x01, 0xc0, 0x38, 0x01, 0xc0, 0x38, 0x01, 0x80,
    0x38, 0x01, 0x80, 0x38, 0x07, 0x80, 0x3f, 0xff, 0x00, 0x3f, 0xff, 0x00,
    0x38, 0x03, 0x80, 0x38, 0x00, 0xc0, 0x38, 0x00, 0xc0, 0x38, 0x00, 0xe0,
    0x38, 0x00, 0xe0, 0x38, 0x00, 0xc0, 0x38, 0x03, 0xc0, 0x3f, 0xff, 0x80,
    0x3f, 0xfe, 0x00, 0x00, 0x00, 0x00, 0x00, 0x00, 0x00, 0x00, 0x00, 0x00,
    0x00, 0x00, 0x00, 0x00, 0x00, 0x00, 0x00, 0x00, 0x00, 0x00, 0x00, 0x00,
    0x00, 0x00, 0x00, 0x00, 0x00, 0x00, 0x00, 0x00, 0x00, 0x00, 0x00, 0x00,
    0x00, 0x00, 0x00, 0x00, 0xfc, 0x00, 0x07, 0xff, 0x00, 0x0f, 0x03, 0x80,
    0x1c, 0x01, 0xc0, 0x18, 0x00, 0xe0, 0x38, 0x00, 0x70, 0x30, 0x00, 0x00,
    0x70, 0x00, 0x00, 0x70, 0x00, 0x00, 0x60, 0x00, 0x00, 0x60, 0x00, 0x00,
    0x70, 0x00, 0x00, 0x70, 0x00, 0x00, 0x30, 0x00, 0x00, 0x38, 0x00, 0x70,
    0x18, 0x00, 0xe0, 0x1c, 0x01, 0xc0, 0x0f, 0x03, 0x80, 0x07, 0xff, 0x00,
    0x00, 0xfc, 0x00, 0x00, 0x00, 0x00, 0x00, 0x00, 0x00, 0x00, 0x00, 0x00,
    0x00, 0x00, 0x00, 0x00, 0x00, 0x00, 0x00, 0x00, 0x00, 0x00, 0x00, 0x00,
    0x00, 0x00, 0x00, 0x00, 0x00, 0x00, 0x00, 0x00, 0x00, 0x00, 0x00, 0x00,
    0x00, 0x00, 0x00, 0x3f, 0xfc, 0x00, 0x3f, 0xff, 0x00, 0x38, 0x07, 0x80,
    0x38, 0x01, 0xc0, 0x38, 0x00, 0xc0, 0x38, 0x00, 0xe0, 0x38, 0x00, 0x60,
    0x38, 0x00, 0x70, 0x38, 0x00, 0x30, 0x38, 0x00, 0x30, 0x38, 0x00, 0x30,
    0x38, 0x00, 0x30, 0x38, 0x00, 0x70, 0x38, 0x00, 0x60, 0x38, 0x00, 0xe0,
    0x38, 0x00, 0xc0, 0x38, 0x01, 0xc0, 0x38, 0x07, 0x80, 0x3f, 0xff, 0x00,
    0x3f, 0xfc, 0x00, 0x00, 0x00, 0x00, 0x00, 0x00, 0x00, 0x00, 0x00, 0x00,
    0x00, 0x00, 0x00, 0x00, 0x00, 0x00, 0x00, 0x00, 0x00, 0x00, 0x00, 0x00,
    0x00, 0x00, 0x00, 0x00, 0x00, 0x00, 0x00, 0x00, 0x00, 0x00, 0x00, 0x00,
    0x00, 0x00, 0x00, 0x3f, 0xff, 0x80, 0x3f, 0xff, 0x80, 0x38, 0x00, 0x00,
    0x38, 0x00, 0x00, 0x38, 0x00, 0x00, 0x38, 0x00, 0x00, 0x38, 0x00, 0x00,
    0x38, 0x00, 0x00, 0x38, 0x00, 0x00, 0x3f, 0xff, 0x00, 0x3f, 0xff, 0x00,
    0x38, 0x00, 0x00, 0x38, 0x00, 0x00, 0x38, 0x00, 0x00, 0x38, 0x00, 0x00,
    0x38, 0x00, 0x00, 0x38, 0x00, 0x00, 0x38, 0x00, 0x00, 0x3f, 0xff, 0x80,
    0x3f, 0xff, 0x80, 0x00, 0x00, 0x00, 0x00, 0x00, 0x00, 0x00, 0x00, 0x00,
    0x00, 0x00, 0x00, 0x00, 0x00, 0x00, 0x00, 0x00, 0x00, 0x00, 0x00, 0x00,
    0x00, 0x00, 0x00, 0x00, 0x00, 0x00, 0x00, 0x00, 0x00, 0x00, 0x00, 0x00,
    0x00, 0x00, 0x00, 0x3f, 0xff, 0x80, 0x3f, 0xff, 0x80, 0x38, 0x00, 0x00,
    0x38, 0x00, 0x00, 0x38, 0x00, 0x00, 0x38, 0x00, 0x00, 0x38, 0x00, 0x00,
    0x38, 0x00, 0x00, 0x38, 0x00, 0x00, 0x3f, 0xfe, 0x00, 0x3f, 0xfe, 0x00,
    0x38, 0x00, 0x00, 0x38, 0x00, 0x00, 0x38, 0x00, 0x00, 0x38, 0x00, 0x00,
    0x38, 0x00, 0x00, 0x38, 0x00, 0x00, 0x38, 0x00, 0x00, 0x38, 0x00, 0x00,
    0x38, 0x00, 0x00, 0x00, 0x00, 0x00, 0x00, 0x00, 0x00, 0x00, 0x00, 0x00,
    0x00, 0x00, 0x00, 0x00, 0x00, 0x00, 0x00, 0x00, 0x00, 0x00, 0x00, 0x00,
    0x00, 0x00, 0x00, 0x00, 0x00, 0x00, 0x00, 0x00, 0x00, 0x00, 0x00, 0x00,
    0x00, 0x00, 0x00, 0x00, 0xfc, 0x00, 0x03, 0xff, 0x80, 0x0f, 0x03, 0xc0,
    0x1c, 0x00, 0xe0, 0x18, 0x00, 0x70, 0x38, 0x00, 0x00, 0x30, 0x00, 0x00,
    0x70, 0x00, 0x00, 0x70, 0x00, 0x00, 0x60, 0x1f, 0xf0, 0x60, 0x1f, 0xf0,
    0x70, 0x00, 0x30, 0x70, 0x00, 0x30, 0x30, 0x00, 0x30, 0x38, 0x00, 0x70,
    0x18, 0x00, 0xf0, 0x1c, 0x01, 0xf0, 0x0f, 0x03, 0xb0, 0x03, 0xff, 0x30,
    0x00, 0xfc, 0x30, 0x00, 0x00, 0x00, 0x00, 0x00, 0x00, 0x00, 0x00, 0x00,
    0x00, 0x00, 0x00, 0x00, 0x00, 0x00, 0x00, 0x00, 0x00, 0x00, 0x00, 0x00,
    0x00, 0x00, 0x00, 0x00, 0x00, 0x00, 0x00, 0x00, 0x00, 0x00, 0x00, 0x00,
    0x00, 0x00, 0x00, 0x38, 0x00, 0xc0, 0x38, 0x00, 0xc0, 0x38, 0x00, 0xc0,
    0x38, 0x00, 0xc0, 0x38, 0x00, 0xc0, 0x38, 0x00, 0xc0, 0x38, 0x00, 0xc0,
    0x38, 0x00, 0xc0, 0x38, 0x00, 0xc0, 0x3f, 0xff, 0xc0, 0x3f, 0xff, 0xc0,
    0x38, 0x00, 0xc0, 0x38, 0x00, 0xc0, 0x38, 0x00, 0xc0, 0x38, 0x00, 0xc0,
    0x38, 0x00, 0xc0, 0x38, 0x00, 0xc0, 0x38, 0x00, 0xc0, 0x38, 0x00, 0xc0,
    0x38, 0x00, 0xc0, 0x00, 0x00, 0x00, 0x00, 0x00, 0x00, 0x00, 0x00, 0x00,
    0x00, 0x00, 0x00, 0x00, 0x00, 0x00, 0x00, 0x00, 0x00, 0x00, 0x00, 0x00,
    0x00, 0x00, 0x00, 0x00, 0x00, 0x38, 0x38, 0x38, 0x38, 0x38, 0x38, 0x38,
    0x38, 0x38, 0x38, 0x38, 0x38, 0x38, 0x38, 0x38, 0x38, 0x38, 0x38, 0x38,
    0x38, 0x00, 0x00, 0x00, 0x00, 0x00, 0x00, 0x00, 0x00, 0x00, 0x00, 0x00,
    0x00, 0x00, 0x00, 0x00, 0x00, 0x00, 0x00, 0x1c, 0x00, 0x1c, 0x00, 0x1c,
    0x00, 0x1c, 0x00, 0x1c, 0x00, 0x1c, 0x00, 0x1c, 0x00, 0x1c, 0x00, 0x1c,
    0x00, 0x1c, 0x00, 0x1c, 0x00, 0x1c, 0x00, 0x1c, 0x00, 0x1c, 0x00, 0x18,
    0x60, 0x18, 0x70, 0x38, 0x38, 0x70, 0x1f, 0xe0, 0x0f, 0xc0, 0x00, 0x00,
    0x00, 0x00, 0x00, 0x00, 0x00, 0x00, 0x00, 0x00, 0x00, 0x00, 0x00, 0x00,
    0x00, 0x00, 0x00, 0x00, 0x00, 0x00, 0x00, 0x00, 0x00, 0x00, 0x00, 0x00,
    0x00, 0x00, 0x00, 0x38, 0x01, 0xc0, 0x38, 0x03, 0x80, 0x38, 0x07, 0x00,
    0x38, 0x0e, 0x00, 0x38, 0x1c, 0x00, 0x38, 0x38, 0x00, 0x38, 0x70, 0x00,
    0x38, 0xe0, 0x00, 0x39, 0xe0, 0x00, 0x3b, 0xe0, 0x00, 0x3f, 0x70, 0x00,
    0x3e, 0x38, 0x00, 0x3c, 0x1c, 0x00, 0x38, 0x0c, 0x00, 0x38, 0x0e, 0x00,
    0x38, 0x07, 0x00, 0x38, 0x03, 0x80, 0x38, 0x01, 0x80, 0x38, 0x01, 0xc0,
    0x38, 0x00, 0xe0, 0x00, 0x00, 0x00, 0x00, 0x00, 0x00, 0x00, 0x00, 0x00,
    0x00, 0x00, 0x00, 0x00, 0x00, 0x00, 0x00, 0x00, 0x00, 0x00, 0x00, 0x00,
    0x00, 0x00, 0x00, 0x00, 0x00, 0x00, 0x00, 0x00, 0x00, 0x00, 0x38, 0x00,
    0x38, 0x00, 0x38, 0x00, 0x38, 0x00, 0x38, 0x00, 0x38, 0x00, 0x38, 0x00,
    0x38, 0x00, 0x38, 0x00, 0x38, 0x00, 0x38, 0x00, 0x38, 0x00, 0x38, 0x00,
    0x38, 0x00, 0x38, 0x00, 0x38, 0x00, 0x38, 0x00, 0x38, 0x00, 0x3f, 0xff,
    0x3f, 0xff, 0x00, 0x00, 0x00, 0x00, 0x00, 0x00, 0x00, 0x00, 0x00, 0x00,
    0x00, 0x00, 0x00, 0x00, 0x00, 0x00, 0x00, 0x00, 0x00, 0x00, 0x00, 0x00,
    0x00, 0x00, 0x00, 0x00, 0x00, 0x00, 0x00, 0x38, 0x00, 0x1c, 0x3c, 0x00,
    0x3c, 0x3e, 0x00, 0x7c, 0x3f, 0x00, 0x7c, 0x3f, 0x00, 0xfc, 0x3b, 0x81,
    0xdc, 0x39, 0xc3, 0x9c, 0x38, 0xe3, 0x1c, 0x38, 0x67, 0x1c, 0x38, 0x7e,
    0x1c, 0x38, 0x3c, 0x1c, 0x38, 0x18, 0x1c, 0x38, 0x08, 0x1c, 0x38, 0x00,
    0x1c, 0x38, 0x00, 0x1c, 0x38, 0x00, 0x1c, 0x38, 0x00, 0x1c, 0x38, 0x00,
    0x1c, 0x38, 0x00, 0x1c, 0x38, 0x00, 0x1c, 0x00, 0x00, 0x00, 0x00, 0x00,
    0x00, 0x00, 0x00, 0x00, 0x00, 0x00, 0x00, 0x00, 0x00, 0x00, 0x00, 0x00,
    0x00, 0x00, 0x00, 0x00, 0x00, 0x00, 0x00, 0x00, 0x00, 0x00, 0x00, 0x00,
    0x00, 0x00, 0x00, 0x00, 0x00, 0x00, 0x00, 0x38, 0x00, 0x70, 0x3c, 0x00,
    0x70, 0x3e, 0x00, 0x70, 0x3f, 0x00, 0x70, 0x3b, 0x00, 0x70, 0x3b, 0x80,
    0x70, 0x39, 0xc0, 0x70, 0x38, 0xe0, 0x70, 0x38, 0x60, 0x70, 0x38, 0x70,
    0x70, 0x38, 0x38, 0x70, 0x38, 0x18, 0x70, 0x38, 0x1c, 0x70, 0x38, 0x0e,
    0x70, 0x38, 0x07, 0x70, 0x38, 0x03, 0x70, 0x38, 0x03, 0xf0, 0x38, 0x01,
    0xf0, 0x38, 0x00, 0xf0, 0x38, 0x00, 0x70, 0x00, 0x00, 0x00, 0x00, 0x00,
    0x00, 0x00, 0x00, 0x00, 0x00, 0x00, 0x00, 0x00, 0x00, 0x00, 0x00, 0x00,
    0x00, 0x00, 0x00, 0x00, 0x00, 0x00, 0x00, 0x00, 0x00, 0x00, 0x00, 0x00,
    0x00, 0x00, 0x00, 0x00, 0x00, 0x00, 0x00, 0x00, 0xfc, 0x00, 0x03, 0xff,
    0x80, 0x0f, 0x03, 0xc0, 0x1e, 0x00, 0xe0, 0x18, 0x00, 0x70, 0x38, 0x00,
    0x30, 0x30, 0x00, 0x38, 0x70, 0x00, 0x18, 0x70, 0x00, 0x18, 0x60, 0x00,
    0x18, 0x60, 0x00, 0x18, 0x70, 0x00, 0x18, 0x70, 0x00, 0x18, 0x30, 0x00,
    0x38, 0x38, 0x00, 0x30, 0x18, 0x00, 0x70, 0x1e, 0x00, 0xe0, 0x0f, 0x03,
    0xc0, 0x03, 0xff, 0x80, 0x00, 0xfc, 0x00, 0x00, 0x00, 0x00, 0x00, 0x00,
    0x00, 0x00, 0x00, 0x00, 0x00, 0x00, 0x00, 0x00, 0x00, 0x00, 0x00, 0x00,
    0x00, 0x00, 0x00, 0x00, 0x00, 0x00, 0x00, 0x00, 0x00, 0x00, 0x00, 0x00,
    0x00, 0x00, 0x00, 0x00, 0x00, 0x00, 0x00, 0x3f, 0xfc, 0x00, 0x3f, 0xff,
    0x00, 0x38, 0x03, 0x80, 0x38, 0x01, 0xc0, 0x38, 0x00, 0xc0, 0x38, 0x00,
    0xc0, 0x38, 0x00, 0xc0, 0x38, 0x00, 0xc0, 0x38, 0x00, 0xc0, 0x38, 0x01,
    0xc0, 0x38, 0x03, 0x80, 0x3f, 0xff, 0x00, 0x3f, 0xfc, 0x00, 0x38, 0x00,
    0x00, 0x38, 0x00, 0x00, 0x38, 0x00, 0x00, 0x38, 0x00, 0x00, 0x38, 0x00,
    0x00, 0x38, 0x00, 0x00, 0x38, 0x00, 0x00, 0x00, 0x00, 0x00, 0x00, 0x00,
    0x00, 0x00, 0x00, 0x00, 0x00, 0x00, 0x00, 0x00, 0x00, 0x00, 0x00, 0x00,
    0x00, 0x00, 0x00, 0x00, 0x00, 0x00, 0x00, 0x00, 0x00, 0x00, 0x00, 0x00,
    0x00, 0x00, 0x00, 0x00, 0x00, 0x00, 0x00, 0x00, 0xfc, 0x00, 0x03, 0xff,
    0x80, 0x0f, 0x03, 0xc0, 0x1e, 0x00, 0xe0, 0x18, 0x00, 0x70, 0x38, 0x00,
    0x30, 0x30, 0x00, 0x38, 0x70, 0x00, 0x18, 0x70, 0x00, 0x18, 0x60, 0x00,
    0x18, 0x60, 0x00, 0x18, 0x70, 0x00, 0x18, 0x70, 0x00, 0x18, 0x30, 0x00,
    0x38, 0x38, 0x00, 0x30, 0x18, 0x00, 0x70, 0x1e, 0x00, 0xe0, 0x0f, 0x03,
    0xc0, 0x03, 0xff, 0x80, 0x00, 0xfe, 0x00, 0x00, 0x18, 0x00, 0x00, 0x0c,
    0x00, 0x00, 0x07, 0x0c, 0x00, 0x03, 0xfc, 0x00, 0x01, 0xf8, 0x00, 0x00,
    0x00, 0x00, 0x00, 0x00, 0x00, 0x00, 0x00, 0x00, 0x00, 0x00, 0x00, 0x00,
    0x00, 0x00, 0x00, 0x00, 0x00, 0x00, 0x00, 0x3f, 0xfe, 0x00, 0x3f, 0xff,
    0x80, 0x38, 0x03, 0xc0, 0x38, 0x01, 0xc0, 0x38, 0x00, 0xc0, 0x38, 0x00,
    0xe0, 0x38, 0x00, 0xe0, 0x38, 0x00, 0xc0, 0x38, 0x00, 0xc0, 0x38, 0x03,
    0xc0, 0x3f, 0xff, 0x00, 0x3f, 0xfc, 0x00, 0x38, 0x0c, 0x00, 0x38, 0x0e,
    0x00, 0x38, 0x07, 0x00, 0x38, 0x03, 0x00, 0x38, 0x03, 0x80, 0x38, 0x01,
    0x80, 0x38, 0x01, 0xc0, 0x38, 0x00, 0xe0, 0x00, 0x00, 0x00, 0x00, 0x00,
    0x00, 0x00, 0x00, 0x00, 0x00, 0x00, 0x00, 0x00, 0x00, 0x00, 0x00, 0x00,
    0x00, 0x00, 0x00, 0x00, 0x00, 0x00, 0x00, 0x00, 0x00, 0x00, 0x00, 0x00,
    0x00, 0x00, 0x00, 0x00, 0x00, 0x00, 0x00, 0x07, 0xf0, 0x00, 0x0f, 0xfe,
    0x00, 0x1c, 0x0f, 0x00, 0x30, 0x03, 0x00, 0x30, 0x03, 0x80, 0x30, 0x01,
    0x00, 0x30, 0x00, 0x00, 0x38, 0x00, 0x00, 0x1f, 0x80, 0x00, 0x07, 0xf0,
    0x00, 0x00, 0xfe, 0x00, 0x00, 0x1f, 0x00, 0x00, 0x03, 0x80, 0x00, 0x01,
    0x80, 0x60, 0x01, 0x80, 0x70, 0x01, 0x80, 0x38, 0x03, 0x80, 0x3c, 0x07,
    0x00, 0x0f, 0xfe, 0x00, 0x03, 0xf8, 0x00, 0x00, 0x00, 0x00, 0x00, 0x00,
    0x00, 0x00, 0x00, 0x00, 0x00, 0x00, 0x00, 0x00, 0x00, 0x00, 0x00, 0x00,
    0x00, 0x00, 0x00, 0x00, 0x00, 0x00, 0x00, 0x00, 0x00, 0x00, 0x00, 0x00,
    0x00, 0x00, 0x00, 0x00, 0x00, 0x00, 0x00, 0xff, 0xff, 0x80, 0xff, 0xff,
    0x80, 0x01, 0xc0, 0x00, 0x01, 0xc0, 0x00, 0x01, 0xc0, 0x00, 0x01, 0xc0,
    0x00, 0x01, 0xc0, 0x00, 0x01, 0xc0, 0x00, 0x01, 0xc0, 0x00, 0x01, 0xc0,
    0x00, 0x01, 0xc0, 0x00, 0x01, 0xc0, 0x00, 0x01, 0xc0, 0x00, 0x01, 0xc0,
    0x00, 0x01, 0xc0, 0x00, 0x01, 0xc0, 0x00, 0x01, 0xc0, 0x00, 0x01, 0xc0,
    0x00, 0x01, 0xc0, 0x00, 0x01, 0xc0, 0x00, 0x00, 0x00, 0x00, 0x00, 0x00,
    0x00, 0x00, 0x00, 0x00, 0x00, 0x00, 0x00, 0x00, 0x00, 0x00, 0x00, 0x00,
    0x00, 0x00, 0x00, 0x00, 0x00, 0x00, 0x00, 0x00, 0x00, 0x00, 0x00, 0x00,
    0x00, 0x00, 0x00, 0x00, 0x00, 0x00, 0x00, 0x30, 0x00, 0x60, 0x30, 0x00,
    0x60, 0x30, 0x00, 0x60, 0x30, 0x00, 0x60, 0x30, 0x00, 0x60, 0x30, 0x00,
    0x60, 0x30, 0x00, 0x60, 0x30, 0x00, 0x60, 0x30, 0x00, 0x60, 0x30, 0x00,
    0x60, 0x30, 0x00, 0x60, 0x30, 0x00, 0x60, 0x38, 0x00, 0x60, 0x38, 0x00,
    0x60, 0x18, 0x00, 0xe0, 0x1c, 0x00, 0xc0, 0x0c, 0x01, 0xc0, 0x07, 0x07,
    0x80, 0x03, 0xff, 0x00, 0x00, 0xfc, 0x00, 0x00, 0x00, 0x00, 0x00, 0x00,
    0x00, 0x00, 0x00, 0x00, 0x00, 0x00, 0x00, 0x00, 0x00, 0x00, 0x00, 0x00,
    0x00, 0x00, 0x00, 0x00, 0x00, 0x00, 0x00, 0x00, 0x00, 0x00, 0x00, 0x00,
    0x00, 0x00, 0x00, 0x00, 0x00, 0x00, 0x00, 0xe0, 0x00, 0xe0, 0x60, 0x00,
    0xc0, 0x70, 0x01, 0xc0, 0x70, 0x01, 0x80, 0x30, 0x01, 0x80, 0x38, 0x03,
    0x80, 0x18, 0x03, 0x00, 0x1c, 0x07, 0x00, 0x0c, 0x06, 0x00, 0x0c, 0x06,
    0x00, 0x0e, 0x0e, 0x00, 0x06, 0x0c, 0x00, 0x06, 0x1c, 0x00, 0x03, 0x18,
    0x00, 0x03, 0x18, 0x00, 0x03, 0xb8, 0x00, 0x01, 0xb0, 0x00, 0x01, 0xf0,
    0x00, 0x00, 0xe0, 0x00, 0x00, 0xe0, 0x00, 0x00, 0x00, 0x00, 0x00, 0x00,
    0x00, 0x00, 0x00, 0x00, 0x00, 0x00, 0x00, 0x00, 0x00, 0x00, 0x00, 0x00,
    0x00, 0x00, 0x00, 0x00, 0x00, 0x00, 0x00, 0x00, 0x00, 0x00, 0x00, 0x00,
    0x00, 0x00, 0x00, 0x00, 0x00, 0x00, 0x00, 0x00, 0x00, 0x00, 0x00, 0x00,
    0xe0, 0x07, 0x00, 0x30, 0x60, 0x07, 0x00, 0x30, 0x60, 0x0f, 0x00, 0x70,
    0x70, 0x0f, 0x80, 0x60, 0x30, 0x0d, 0x80, 0x60, 0x30, 0x1d, 0x80, 0xe0,
    0x38, 0x19, 0xc0, 0xc0, 0x18, 0x18, 0xc0, 0xc0, 0x18, 0x38, 0xc0, 0xc0,
    0x1c, 0x30, 0xe1, 0xc0, 0x0c, 0x30, 0x61, 0x80, 0x0c, 0x70, 0x61, 0x80,
    0x0c, 0x60, 0x73, 0x80, 0x0e, 0x60, 0x33, 0x00, 0x06, 0xe0, 0x33, 0x00,
    0x06, 0xc0, 0x3f, 0x00, 0x07, 0xc0, 0x1e, 0x00, 0x03, 0xc0, 0x1e, 0x00,
    0x03, 0x80, 0x1e, 0x00, 0x03, 0x80, 0x0c, 0x00, 0x00, 0x00, 0x00, 0x00,
    0x00, 0x00, 0x00, 0x00, 0x00, 0x00, 0x00, 0x00, 0x00, 0x00, 0x00, 0x00,
    0x00, 0x00, 0x00, 0x00, 0x00, 0x00, 0x00, 0x00, 0x00, 0x00, 0x00, 0x00,
    0x00, 0x00, 0x00, 0x00, 0x00, 0x00, 0x00, 0x00, 0x00, 0x00, 0x00, 0x00,
    0x00, 0x00, 0x00, 0x70, 0x01, 0xc0, 0x30, 0x03, 0x80, 0x38, 0x07, 0x00,
    0x1c, 0x0e, 0x00, 0x0e, 0x0e, 0x00, 0x06, 0x1c, 0x00, 0x07, 0x38, 0x00,
    0x03, 0xf0, 0x00, 0x01, 0xe0, 0x00, 0x00, 0xe0, 0x00, 0x01, 0xe0, 0x00,
    0x03, 0xf0, 0x00, 0x03, 0x38, 0x00, 0x07, 0x18, 0x00, 0x0e, 0x1c, 0x00,
    0x1c, 0x0e, 0x00, 0x18, 0x07, 0x00, 0x38, 0x03, 0x80, 0x70, 0x03, 0x80,
    0xe0, 0x01, 0xc0, 0x00, 0x00, 0x00, 0x00, 0x00, 0x00, 0x00, 0x00, 0x00,
    0x00, 0x00, 0x00, 0x00, 0x00, 0x00, 0x00, 0x00, 0x00, 0x00, 0x00, 0x00,
    0x00, 0x00, 0x00, 0x00, 0x00, 0x00, 0x00, 0x00, 0x00, 0x00, 0x00, 0x00,
    0x00, 0x00, 0x00, 0xe0, 0x00, 0xe0, 0x70, 0x01, 0xc0, 0x38, 0x01, 0x80,
    0x38, 0x03, 0x80, 0x1c, 0x07, 0x00, 0x0e, 0x0e, 0x00, 0x06, 0x0e, 0x00,
    0x07, 0x1c, 0x00, 0x03, 0xb8, 0x00, 0x01, 0xf0, 0x00, 0x01, 0xf0, 0x00,
    0x00, 0xe0, 0x00, 0x00, 0xe0, 0x00, 0x00, 0xe0, 0x00, 0x00, 0xe0, 0x00,
    0x00, 0xe0, 0x00, 0x00, 0xe0, 0x00, 0x00, 0xe0, 0x00, 0x00, 0xe0, 0x00,
    0x00, 0xe0, 0x00, 0x00, 0x00, 0x00, 0x00, 0x00, 0x00, 0x00, 0x00, 0x00,
    0x00, 0x00, 0x00, 0x00, 0x00, 0x00, 0x00, 0x00, 0x00, 0x00, 0x00, 0x00,
    0x00, 0x00, 0x00, 0x00, 0x00, 0x00, 0x00, 0x00, 0x00, 0x00, 0x00, 0x00,
    0x00, 0x00, 0x00, 0x7f, 0xff, 0x80, 0x7f, 0xff, 0x80, 0x00, 0x07, 0x00,
    0x00, 0x06, 0x00, 0x00, 0x0e, 0x00, 0x00, 0x1c, 0x00, 0x00, 0x38, 0x00,
    0x00, 0x70, 0x00, 0x00, 0x60, 0x00, 0x00, 0xe0, 0x00, 0x01, 0xc0, 0x00,
    0x03, 0x80, 0x00, 0x07, 0x00, 0x00, 0x0e, 0x00, 0x00, 0x0c, 0x00, 0x00,
    0x1c, 0x00, 0x00, 0x38, 0x00, 0x00, 0x70, 0x00, 0x00, 0x7f, 0xff, 0x80,
    0x7f, 0xff, 0x80, 0x00, 0x00, 0x00, 0x00, 0x00, 0x00, 0x00, 0x00, 0x00,
    0x00, 0x00, 0x00, 0x00, 0x00, 0x00, 0x00, 0x00, 0x00, 0x00, 0x00, 0x00,
    0x00, 0x00, 0x00, 0x00, 0x00, 0x3f, 0x3f, 0x30, 0x30, 0x30, 0x30, 0x30,
    0x30, 0x30, 0x30, 0x30, 0x30, 0x30, 0x30, 0x30, 0x30, 0x30, 0x30, 0x30,
    0x30, 0x30, 0x30, 0x3f, 0x3f, 0x00, 0x00, 0x00, 0x00, 0x00, 0x00, 0x00,
    0x00, 0x00, 0x00, 0x00, 0x00, 0x00, 0x60, 0x00, 0x30, 0x00, 0x30, 0x00,
    0x30, 0x00, 0x18, 0x00, 0x18, 0x00, 0x18, 0x00, 0x0c, 0x00, 0x0c, 0x00,
    0x0c, 0x00, 0x06, 0x00, 0x06, 0x00, 0x06, 0x00, 0x07, 0x00, 0x03, 0x00,
    0x03, 0x00, 0x03, 0x80, 0x01, 0x80, 0x01, 0x80, 0x01, 0xc0, 0x00, 0xc0,
    0x00, 0x00, 0x00, 0x00, 0x00, 0x00, 0x00, 0x00, 0x00, 0x00, 0x00, 0x00,
    0x00, 0x00, 0x00, 0x00, 0x00, 0x7c, 0x7c, 0x0c, 0x0c, 0x0c, 0x0c, 0x0c,
    0x0c, 0x0c, 0x0c, 0x0c, 0x0c, 0x0c, 0x0c, 0x0c, 0x0c, 0x0c, 0x0c, 0x0c,
    0x0c, 0x0c, 0x0c, 0x7c, 0x7c, 0x00, 0x00, 0x00, 0x00, 0x00, 0x00, 0x00,
    0x00, 0x00, 0x00, 0x00, 0x01, 0x00, 0x03, 0x80, 0x03, 0x80, 0x07, 0xc0,
    0x06, 0xc0, 0x0e, 0x60, 0x0c, 0x60, 0x1c, 0x30, 0x18, 0x30, 0x38, 0x18,
    0x00, 0x00, 0x00, 0x00, 0x00, 0x00, 0x00, 0x00, 0x00, 0x00, 0x00, 0x00,
    0x00, 0x00, 0x00, 0x00, 0x00, 0x00, 0x00, 0x00, 0x00, 0x00, 0x00, 0x00,
    0x00, 0x00, 0x00, 0x00, 0x00, 0x00, 0x00, 0x00, 0x00, 0x00, 0x00, 0x00,
    0x00, 0x00, 0x00, 0x00, 0x00, 0x00, 0x00, 0x00, 0x00, 0x00, 0x00, 0x00,
    0x00, 0x00, 0x00, 0x00, 0x00, 0x00, 0x00, 0x00, 0x00, 0x00, 0x00, 0x00,
    0x00, 0x00, 0x00, 0x00, 0x00, 0x00, 0x00, 0x00, 0x00, 0x00, 0x00, 0x00,
    0x00, 0x00, 0x00, 0x00, 0x00, 0x00, 0x00, 0x00, 0x00, 0x00, 0x00, 0x00,
    0x00, 0x00, 0x00, 0x00, 0x00, 0x00, 0x00, 0x00, 0x00, 0x00, 0x00, 0x00,
    0x00, 0x00, 0x00, 0x00, 0x00, 0x00, 0x00, 0x00, 0x00, 0x00, 0x00, 0x00,
    0x00, 0x00, 0x00, 0x00, 0x00, 0x00, 0x00, 0x00, 0x00, 0x7f, 0xff, 0x80,
    0x7f, 0xff, 0x80, 0x00, 0x00, 0x00, 0x00, 0x00, 0x00, 0x00, 0x00, 0x00,
    0x00, 0x00, 0x00, 0x00, 0x00, 0x00, 0x00, 0x00, 0x00, 0x00, 0x1c, 0x00,
    0x0e, 0x00, 0x07, 0x00, 0x00, 0x00, 0x00, 0x00, 0x00, 0x00, 0x00, 0x00,
    0x00, 0x00, 0x00, 0x00, 0x00, 0x00, 0x00, 0x00, 0x00, 0x00, 0x00, 0x00,
    0x00, 0x00, 0x00, 0x00, 0x00, 0x00, 0x00, 0x00, 0x00, 0x00, 0x00, 0x00,
    0x00, 0x00, 0x00, 0x00, 0x00, 0x00, 0x00, 0x00, 0x00, 0x00, 0x00, 0x00,
    0x00, 0x00, 0x00, 0x00, 0x00, 0x00, 0x00, 0x00, 0x00, 0x00, 0x00, 0x00,
    0x00, 0x00, 0x00, 0x00, 0x00, 0x00, 0x00, 0x00, 0x00, 0x00, 0x00, 0x00,
    0x00, 0x00, 0x00, 0x00, 0x00, 0x00, 0x00, 0x00, 0x00, 0x00, 0x03, 0xe3,
    0x00, 0x0f, 0xfb, 0x00, 0x1c, 0x1f, 0x00, 0x38, 0x0f, 0x00, 0x30, 0x07,
    0x00, 0x70, 0x07, 0x00, 0x60, 0x03, 0x00, 0x60, 0x03, 0x00, 0x60, 0x03,
    0x00, 0x70, 0x07, 0x00, 0x30, 0x07, 0x00, 0x38, 0x0f, 0x00, 0x1c, 0x1f,
    0x00, 0x0f, 0xfb, 0x00, 0x03, 0xe3, 0x00, 0x00, 0x00, 0x00, 0x00, 0x00,
    0x00, 0x00, 0x00, 0x00, 0x00, 0x00, 0x00, 0x00, 0x00, 0x00, 0x00, 0x00,
    0x00, 0x00, 0x00, 0x00, 0x00, 0x00, 0x00, 0x00, 0x00, 0x00, 0x00, 0x00,
    0x00, 0x00, 0x00, 0x00, 0x30, 0x00, 0x00, 0x30, 0x00, 0x00, 0x30, 0x00,
    0x00, 0x30, 0x00, 0x00, 0x30, 0x00, 0x00, 0x30, 0x00, 0x00, 0x31, 0xf0,
    0x00, 0x37, 0xfc, 0x00, 0x3e, 0x1e, 0x00, 0x3c, 0x07, 0x00, 0x38, 0x03,
    0x00, 0x30, 0x03, 0x80, 0x30, 0x03, 0x80, 0x30, 0x01, 0x80, 0x30, 0x03,
    0x80, 0x30, 0x03, 0x80, 0x38, 0x03, 0x00, 0x3c, 0x07, 0x00, 0x3e, 0x1e,
    0x00, 0x37, 0xfc, 0x00, 0x31, 0xf0, 0x00, 0x00, 0x00, 0x00, 0x00, 0x00,
    0x00, 0x00, 0x00, 0x00, 0x00, 0x00, 0x00, 0x00, 0x00, 0x00, 0x00, 0x00,
    0x00, 0x00, 0x00, 0x00, 0x00, 0x00, 0x00, 0x00, 0x00, 0x00, 0x00, 0x00,
    0x00, 0x00, 0x00, 0x00, 0x00, 0x00, 0x00, 0x00, 0x00, 0x00, 0x00, 0x00,
    0x03, 0xe0, 0x0f, 0xf8, 0x1c, 0x1c, 0x38, 0x0e, 0x30, 0x06, 0x70, 0x00,
    0x60, 0x00, 0x60, 0x00, 0x60, 0x00, 0x70, 0x00, 0x30, 0x06, 0x38, 0x0e,
    0x1c, 0x1c, 0x0f, 0xf8, 0x03, 0xe0, 0x00, 0x00, 0x00, 0x00, 0x00, 0x00,
    0x00, 0x00, 0x00, 0x00, 0x00, 0x00, 0x00, 0x00, 0x00, 0x00, 0x00, 0x00,
    0x00, 0x00, 0x00, 0x00, 0x00, 0x00, 0x00, 0x00, 0x00, 0x03, 0x00, 0x00,
    0x03, 0x00, 0x00, 0x03, 0x00, 0x00, 0x03, 0x00, 0x00, 0x03, 0x00, 0x00,
    0x03, 0x00, 0x03, 0xe3, 0x00, 0x0f, 0xfb, 0x00, 0x1c, 0x1f, 0x00, 0x38,
    0x0f, 0x00, 0x30, 0x07, 0x00, 0x70, 0x07, 0x00, 0x60, 0x03, 0x00, 0x60,
    0x03, 0x00, 0x60, 0x03, 0x00, 0x70, 0x07, 0x00, 0x30, 0x07, 0x00, 0x38,
    0x0f, 0x00, 0x1c, 0x1f, 0x00, 0x0f, 0xfb, 0x00, 0x03, 0xe3, 0x00, 0x00,
    0x00, 0x00, 0x00, 0x00, 0x00, 0x00, 0x00, 0x00, 0x00, 0x00, 0x00, 0x00,
    0x00, 0x00, 0x00, 0x00, 0x00, 0x00, 0x00, 0x00, 0x00, 0x00, 0x00, 0x00,
    0x00, 0x00, 0x00, 0x00, 0x00, 0x00, 0x00, 0x00, 0x00, 0x00, 0x00, 0x00,
    0x00, 0x00, 0x00, 0x00, 0x00, 0x00, 0x00, 0x00, 0x00, 0x00, 0x00, 0x00,
    0x00, 0x00, 0x03, 0xe0, 0x00, 0x0f, 0xf8, 0x00, 0x1c, 0x1c, 0x00, 0x38,
    0x0e, 0x00, 0x30, 0x06, 0x00, 0x70, 0x07, 0x00, 0x7f, 0xff, 0x00, 0x7f,
    0xff, 0x00, 0x60, 0x00, 0x00, 0x70, 0x00, 0x00, 0x30, 0x06, 0x00, 0x38,
    0x0e, 0x00, 0x1c, 0x1c, 0x00, 0x0f, 0xf8, 0x00, 0x03, 0xf0, 0x00, 0x00,
    0x00, 0x00, 0x00, 0x00, 0x00, 0x00, 0x00, 0x00, 0x00, 0x00, 0x00, 0x00,
    0x00, 0x00, 0x00, 0x00, 0x00, 0x00, 0x00, 0x00, 0x00, 0x00, 0x00, 0x00,
    0x00, 0x00, 0x00, 0x00, 0x03, 0x80, 0x0f, 0x80, 0x1c, 0x00, 0x1c, 0x00,
    0x18, 0x00, 0x18, 0x00, 0xff, 0x80, 0xff, 0x80, 0x18, 0x00, 0x18, 0x00,
    0x18, 0x00, 0x18, 0x00, 0x18, 0x00, 0x18, 0x00, 0x18, 0x00, 0x18, 0x00,
    0x18, 0x00, 0x18, 0x00, 0x18, 0x00, 0x18, 0x00, 0x18, 0x00, 0x00, 0x00,
    0x00, 0x00, 0x00, 0x00, 0x00, 0x00, 0x00, 0x00, 0x00, 0x00, 0x00, 0x00,
    0x00, 0x00, 0x00, 0x00, 0x00, 0x00, 0x00, 0x00, 0x00, 0x00, 0x00, 0x00,
    0x00, 0x00, 0x00, 0x00, 0x00, 0x00, 0x00, 0x00, 0x00, 0x00, 0x00, 0x00,
    0x00, 0x00, 0x00, 0x00, 0x00, 0x00, 0x03, 0xe3, 0x00, 0x0f, 0xfb, 0x00,
    0x1c, 0x1f, 0x00, 0x38, 0x0f, 0x00, 0x30, 0x07, 0x00, 0x70, 0x07, 0x00,
    0x60, 0x03, 0x00, 0x60, 0x03, 0x00, 0x60, 0x03, 0x00, 0x70, 0x07, 0x00,
    0x30, 0x07, 0x00, 0x38, 0x0f, 0x00, 0x1c, 0x1f, 0x00, 0x0f, 0xfb, 0x00,
    0x03, 0xe3, 0x00, 0x00, 0x03, 0x00, 0x00, 0x07, 0x00, 0x38, 0x06, 0x00,
    0x1c, 0x1e, 0x00, 0x0f, 0xfc, 0x00, 0x03, 0xf0, 0x00, 0x00, 0x00, 0x00,
    0x00, 0x00, 0x00, 0x00, 0x00, 0x00, 0x00, 0x00, 0x00, 0x00, 0x00, 0x00,
    0x30, 0x00, 0x00, 0x30, 0x00, 0x00, 0x30, 0x00, 0x00, 0x30, 0x00, 0x00,
    0x30, 0x00, 0x00, 0x30, 0x00, 0x00, 0x31, 0xe0, 0x00, 0x37, 0xf8, 0x00,
    0x3e, 0x1c, 0x00, 0x38, 0x0e, 0x00, 0x38, 0x06, 0x00, 0x30, 0x06, 0x00,
    0x30, 0x06, 0x00, 0x30, 0x06, 0x00, 0x30, 0x06, 0x00, 0x30, 0x06, 0x00,
    0x30, 0x06, 0x00, 0x30, 0x06, 0x00, 0x30, 0x06, 0x00, 0x30, 0x06, 0x00,
    0x30, 0x06, 0x00, 0x00, 0x00, 0x00, 0x00, 0x00, 0x00, 0x00, 0x00, 0x00,
    0x00, 0x00, 0x00, 0x00, 0x00, 0x00, 0x00, 0x00, 0x00, 0x00, 0x00, 0x00,
    0x00, 0x00, 0x00, 0x00, 0x00, 0x30, 0x30, 0x30, 0x00, 0x00, 0x30, 0x30,
    0x30, 0x30, 0x30, 0x30, 0x30, 0x30, 0x30, 0x30, 0x30, 0x30, 0x30, 0x30,
    0x30, 0x00, 0x00, 0x00, 0x00, 0x00, 0x00, 0x00, 0x00, 0x00, 0x00, 0x00,
    0x00, 0x30, 0x30, 0x30, 0x00, 0x00, 0x30, 0x30, 0x30, 0x30, 0x30, 0x30,
    0x30, 0x30, 0x30, 0x30, 0x30, 0x30, 0x30, 0x30, 0x30, 0x30, 0x30, 0x30,
    0x30, 0x30, 0x30, 0x00, 0x00, 0x00, 0x00, 0x00, 0x00, 0x00, 0x00, 0x00,
    0x30, 0x00, 0x30, 0x00, 0x30, 0x00, 0x30, 0x00, 0x30, 0x00, 0x30, 0x00,
    0x30, 0x1c, 0x30, 0x38, 0x30, 0x70, 0x30, 0xe0, 0x31, 0xc0, 0x33, 0x80,
    0x37, 0x80, 0x3f, 0xc0, 0x3c, 0xc0, 0x38, 0xe0, 0x30, 0x70, 0x30, 0x30,
    0x30, 0x38, 0x30, 0x1c, 0x30, 0x0e, 0x00, 0x00, 0x00, 0x00, 0x00, 0x00,
    0x00, 0x00, 0x00, 0x00, 0x00, 0x00, 0x00, 0x00, 0x00, 0x00, 0x00, 0x00,
    0x30, 0x30, 0x30, 0x30, 0x30, 0x30, 0x30, 0x30, 0x30, 0x30, 0x30, 0x30,
    0x30, 0x30, 0x30, 0x30, 0x30, 0x30, 0x30, 0x30, 0x30, 0x00, 0x00, 0x00,
    0x00, 0x00, 0x00, 0x00, 0x00, 0x00, 0x00, 0x00, 0x00, 0x00, 0x00, 0x00,
    0x00, 0x00, 0x00, 0x00, 0x00, 0x00, 0x00, 0x00, 0x00, 0x00, 0x00, 0x00,
    0x00, 0x00, 0x00, 0x00, 0x00, 0x00, 0x00, 0x00, 0x00, 0x00, 0x00, 0x00,
    0x00, 0x00, 0x00, 0x00, 0x00, 0x00, 0x00, 0x00, 0x31, 0xe0, 0xf8, 0x00,
    0x37, 0xf1, 0xfc, 0x00, 0x3c, 0x3b, 0x0e, 0x00, 0x38, 0x1e, 0x07, 0x00,
    0x38, 0x0e, 0x03, 0x00, 0x30, 0x0c, 0x03, 0x00, 0x30, 0x0c, 0x03, 0x00,
    0x30, 0x0c, 0x03, 0x00, 0x30, 0x0c, 0x03, 0x00, 0x30, 0x0c, 0x03, 0x00,
    0x30, 0x0c, 0x03, 0x00, 0x30, 0x0c, 0x03, 0x00, 0x30, 0x0c, 0x03, 0x00,
    0x30, 0x0c, 0x03, 0x00, 0x30, 0x0c, 0x03, 0x00, 0x00, 0x00, 0x00, 0x00,
    0x00, 0x00, 0x00, 0x00, 0x00, 0x00, 0x00, 0x00, 0x00, 0x00, 0x00, 0x00,
    0x00, 0x00, 0x00, 0x00, 0x00, 0x00, 0x00, 0x00, 0x00, 0x00, 0x00, 0x00,
    0x00, 0x00, 0x00, 0x00, 0x00, 0x00, 0x00, 0x00, 0x00, 0x00, 0x00, 0x00,
    0x00, 0x00, 0x00, 0x00, 0x00, 0x00, 0x00, 0x00, 0x00, 0x00, 0x00, 0x00,
    0x00, 0x00, 0x00, 0x00, 0x00, 0x00, 0x31, 0xe0, 0x00, 0x37, 0xf8, 0x00,
    0x3e, 0x1c, 0x00, 0x38, 0x0e, 0x00, 0x38, 0x06, 0x00, 0x30, 0x06, 0x00,
    0x30, 0x06, 0x00, 0x30, 0x06, 0x00, 0x30, 0x06, 0x00, 0x30, 0x06, 0x00,
    0x30, 0x06, 0x00, 0x30, 0x06, 0x00, 0x30, 0x06, 0x00, 0x30, 0x06, 0x00,
    0x30, 0x06, 0x00, 0x00, 0x00, 0x00, 0x00, 0x00, 0x00, 0x00, 0x00, 0x00,
    0x00, 0x00, 0x00, 0x00, 0x00, 0x00, 0x00, 0x00, 0x00, 0x00, 0x00, 0x00,
    0x00, 0x00, 0x00, 0x00, 0x00, 0x00, 0x00, 0x00, 0x00, 0x00, 0x00, 0x00,
    0x00, 0x00, 0x00, 0x00, 0x00, 0x00, 0x00, 0x00, 0x00, 0x00, 0x00, 0x00,
    0x00, 0x00, 0x00, 0x00, 0x00, 0x00, 0x03, 0xe0, 0x00, 0x0f, 0xf8, 0x00,
    0x1c, 0x1c, 0x00, 0x38, 0x0e, 0x00, 0x30, 0x06, 0x00, 0x70, 0x07, 0x00,
    0x60, 0x03, 0x00, 0x60, 0x03, 0x00, 0x60, 0x03, 0x00, 0x70, 0x07, 0x00,
    0x30, 0x06, 0x00, 0x38, 0x0e, 0x00, 0x1c, 0x1c, 0x00, 0x0f, 0xf8, 0x00,
    0x03, 0xe0, 0x00, 0x00, 0x00, 0x00, 0x00, 0x00, 0x00, 0x00, 0x00, 0x00,
    0x00, 0x00, 0x00, 0x00, 0x00, 0x00, 0x00, 0x00, 0x00, 0x00, 0x00, 0x00,
    0x00, 0x00, 0x00, 0x00, 0x00, 0x00, 0x00, 0x00, 0x00, 0x00, 0x00, 0x00,
    0x00, 0x00, 0x00, 0x00, 0x00, 0x00, 0x00, 0x00, 0x00, 0x00, 0x00, 0x00,
    0x00, 0x00, 0x00, 0x00, 0x00, 0x00, 0x31, 0xf0, 0x00, 0x37, 0xfc, 0x00,
    0x3e, 0x1e, 0x00, 0x3c, 0x07, 0x00, 0x38, 0x03, 0x00, 0x30, 0x03, 0x80,
    0x30, 0x03, 0x80, 0x30, 0x01, 0x80, 0x30, 0x03, 0x80, 0x30, 0x03, 0x80,
    0x38, 0x03, 0x00, 0x3c, 0x07, 0x00, 0x3e, 0x1e, 0x00, 0x37, 0xfc, 0x00,
    0x31, 0xf0, 0x00, 0x30, 0x00, 0x00, 0x30, 0x00, 0x00, 0x30, 0x00, 0x00,
    0x30, 0x00, 0x00, 0x30, 0x00, 0x00, 0x30, 0x00, 0x00, 0x00, 0x00, 0x00,
    0x00, 0x00, 0x00, 0x00, 0x00, 0x00, 0x00, 0x00, 0x00, 0x00, 0x00, 0x00,
    0x00, 0x00, 0x00, 0x00, 0x00, 0x00, 0x00, 0x00, 0x00, 0x00, 0x00, 0x00,
    0x00, 0x00, 0x00, 0x00, 0x00, 0x00, 0x03, 0xe3, 0x00, 0x0f, 0xfb, 0x00,
    0x1c, 0x1f, 0x00, 0x38, 0x0f, 0x00, 0x30, 0x07, 0x00, 0x70, 0x07, 0x00,
    0x60, 0x03, 0x00, 0x60, 0x03, 0x00, 0x60, 0x03, 0x00, 0x70, 0x07, 0x00,
    0x30, 0x07, 0x00, 0x38, 0x0f, 0x00, 0x1c, 0x1f, 0x00, 0x0f, 0xfb, 0x00,
    0x03, 0xe3, 0x00, 0x00, 0x03, 0x00, 0x00, 0x03, 0x00, 0x00, 0x03, 0x00,
    0x00, 0x03, 0x00, 0x00, 0x03, 0x00, 0x00, 0x03, 0x00, 0x00, 0x00, 0x00,
    0x00, 0x00, 0x00, 0x00, 0x00, 0x00, 0x00, 0x00, 0x00, 0x00, 0x00, 0x00,
    0x00, 0x00, 0x00, 0x00, 0x00, 0x00, 0x00, 0x00, 0x31, 0xc0, 0x33, 0xc0,
    0x37, 0x00, 0x3c, 0x00, 0x38, 0x00, 0x38, 0x00, 0x30, 0x00, 0x30, 0x00,
    0x30, 0x00, 0x30, 0x00, 0x30, 0x00, 0x30, 0x00, 0x30, 0x00, 0x30, 0x00,
    0x30, 0x00, 0x00, 0x00, 0x00, 0x00, 0x00, 0x00, 0x00, 0x00, 0x00, 0x00,
    0x00, 0x00, 0x00, 0x00, 0x00, 0x00, 0x00, 0x00, 0x00, 0x00, 0x00, 0x00,
    0x00, 0x00, 0x00, 0x00, 0x00, 0x00, 0x00, 0x00, 0x00, 0x00, 0x00, 0x00,
    0x0f, 0xc0, 0x3f, 0xf0, 0x38, 0x70, 0x70, 0x38, 0x70, 0x00, 0x30, 0x00,
    0x3f, 0x00, 0x0f, 0xe0, 0x00, 0xf8, 0x00, 0x18, 0x60, 0x18, 0x70, 0x18,
    0x38, 0x38, 0x1f, 0xf0, 0x0f, 0xe0, 0x00, 0x00, 0x00, 0x00, 0x00, 0x00,
    0x00, 0x00, 0x00, 0x00, 0x00, 0x00, 0x00, 0x00, 0x00, 0x00, 0x00, 0x00,
    0x00, 0x00, 0x00, 0x00, 0x00, 0x00, 0x0c, 0x00, 0x0c, 0x00, 0x0c, 0x00,
    0x0c, 0x00, 0x0c, 0x00, 0x7f, 0x80, 0x7f, 0x80, 0x0c, 0x00, 0x0c, 0x00,
    0x0c, 0x00, 0x0c, 0x00, 0x0c, 0x00, 0x0c, 0x00, 0x0c, 0x00, 0x0c, 0x00,
    0x0c, 0x00, 0x0c, 0x00, 0x0c, 0x00, 0x0c, 0x00, 0x0c, 0x00, 0x00, 0x00,
    0x00, 0x00, 0x00, 0x00, 0x00, 0x00, 0x00, 0x00, 0x00, 0x00, 0x00, 0x00,
    0x00, 0x00, 0x00, 0x00, 0x00, 0x00, 0x00, 0x00, 0x00, 0x00, 0x00, 0x00,
    0x00, 0x00, 0x00, 0x00, 0x00, 0x00, 0x00, 0x00, 0x00, 0x00, 0x00, 0x00,
    0x00, 0x00, 0x00, 0x00, 0x00, 0x00, 0x30, 0x06, 0x00, 0x30, 0x06, 0x00,
    0x30, 0x06, 0x00, 0x30, 0x06, 0x00, 0x30, 0x06, 0x00, 0x30, 0x06, 0x00,
    0x30, 0x06, 0x00, 0x30, 0x06, 0x00, 0x30, 0x06, 0x00, 0x30, 0x06, 0x00,
    0x30, 0x0e, 0x00, 0x38, 0x0e, 0x00, 0x1c, 0x3e, 0x00, 0x0f, 0xf6, 0x00,
    0x07, 0xc6, 0x00, 0x00, 0x00, 0x00, 0x00, 0x00, 0x00, 0x00, 0x00, 0x00,
    0x00, 0x00, 0x00, 0x00, 0x00, 0x00, 0x00, 0x00, 0x00, 0x00, 0x00, 0x00,
    0x00, 0x00, 0x00, 0x00, 0x00, 0x00, 0x00, 0x00, 0x00, 0x00, 0x00, 0x00,
    0x00, 0x00, 0x00, 0x00, 0x00, 0x00, 0x00, 0x00, 0xe0, 0x0c, 0x60, 0x1c,
    0x70, 0x1c, 0x30, 0x18, 0x30, 0x38, 0x38, 0x30, 0x18, 0x30, 0x18, 0x70,
    0x1c, 0x60, 0x0c, 0x60, 0x0e, 0xc0, 0x06, 0xc0, 0x07, 0xc0, 0x07, 0x80,
    0x03, 0x80, 0x00, 0x00, 0x00, 0x00, 0x00, 0x00, 0x00, 0x00, 0x00, 0x00,
    0x00, 0x00, 0x00, 0x00, 0x00, 0x00, 0x00, 0x00, 0x00, 0x00, 0x00, 0x00,
    0x00, 0x00, 0x00, 0x00, 0x00, 0x00, 0x00, 0x00, 0x00, 0x00, 0x00, 0x00,
    0x00, 0x00, 0x00, 0x00, 0x00, 0x00, 0x00, 0x00, 0x00, 0x00, 0xe0, 0x38,
    0x0c, 0x60, 0x78, 0x1c, 0x60, 0x78, 0x18, 0x70, 0x7c, 0x18, 0x30, 0x6c,
    0x18, 0x30, 0xcc, 0x38, 0x30, 0xcc, 0x30, 0x18, 0xc6, 0x30, 0x19, 0xc6,
    0x70, 0x19, 0x86, 0x60, 0x1d, 0x83, 0x60, 0x0f, 0x83, 0xe0, 0x0f, 0x03,
    0xc0, 0x0f, 0x03, 0xc0, 0x07, 0x01, 0xc0, 0x00, 0x00, 0x00, 0x00, 0x00,
    0x00, 0x00, 0x00, 0x00, 0x00, 0x00, 0x00, 0x00, 0x00, 0x00, 0x00, 0x00,
    0x00, 0x00, 0x00, 0x00, 0x00, 0x00, 0x00, 0x00, 0x00, 0x00, 0x00, 0x00,
    0x00, 0x00, 0x00, 0x00, 0x00, 0x00, 0x00, 0x00, 0x00, 0x00, 0x00, 0x00,
    0x70, 0x1c, 0x30, 0x38, 0x38, 0x70, 0x1c, 0x60, 0x0c, 0xe0, 0x07, 0xc0,
    0x07, 0x80, 0x03, 0x80, 0x07, 0x80, 0x0e, 0xc0, 0x0c, 0xe0, 0x18, 0x70,
    0x38, 0x30, 0x70, 0x38, 0x60, 0x1c, 0x00, 0x00, 0x00, 0x00, 0x00, 0x00,
    0x00, 0x00, 0x00, 0x00, 0x00, 0x00, 0x00, 0x00, 0x00, 0x00, 0x00, 0x00,
    0x00, 0x00, 0x00, 0x00, 0x00, 0x00, 0x00, 0x00, 0x00, 0x00, 0x00, 0x00,
    0x00, 0x00, 0x00, 0x00, 0xe0, 0x0e, 0x60, 0x0c, 0x70, 0x1c, 0x30, 0x18,
    0x30, 0x18, 0x38, 0x30, 0x18, 0x30, 0x1c, 0x70, 0x0c, 0x60, 0x0c, 0x60,
    0x0e, 0xc0, 0x06, 0xc0, 0x07, 0xc0, 0x03, 0x80, 0x03, 0x80, 0x03, 0x00,
    0x03, 0x00, 0x06, 0x00, 0x06, 0x00, 0x0e, 0x00, 0x0c, 0x00, 0x00, 0x00,
    0x00, 0x00, 0x00, 0x00, 0x00, 0x00, 0x00, 0x00, 0x00, 0x00, 0x00, 0x00,
    0x00, 0x00, 0x00, 0x00, 0x00, 0x00, 0x00, 0x00, 0x7f, 0xf8, 0x7f, 0xf8,
    0x00, 0x70, 0x00, 0x70, 0x00, 0xe0, 0x01, 0xc0, 0x03, 0x80, 0x07, 0x00,
    0x06, 0x00, 0x0e, 0x00, 0x1c, 0x00, 0x38, 0x00, 0x70, 0x00, 0x7f, 0xf8,
    0x7f, 0xf8, 0x00, 0x00, 0x00, 0x00, 0x00, 0x00, 0x00, 0x00, 0x00, 0x00,
    0x00, 0x00, 0x00, 0x00, 0x00, 0x00, 0x00, 0x00, 0x00, 0x00, 0x00, 0x00,
    0x00, 0x00, 0x07, 0x00, 0x0f, 0x00, 0x1c, 0x00, 0x18, 0x00, 0x18, 0x00,
    0x18, 0x00, 0x18, 0x00, 0x18, 0x00, 0x18, 0x00, 0x18, 0x00, 0x18, 0x00,
    0x30, 0x00, 0x60, 0x00, 0x30, 0x00, 0x18, 0x00, 0x18, 0x00, 0x18, 0x00,
    0x18, 0x00, 0x18, 0x00, 0x18, 0x00, 0x18, 0x00, 0x18, 0x00, 0x1c, 0x00,
    0x0f, 0x00, 0x07, 0x00, 0x00, 0x00, 0x00, 0x00, 0x00, 0x00, 0x20, 0x30,
    0x30, 0x30, 0x30, 0x30, 0x30, 0x30, 0x30, 0x30, 0x30, 0x30, 0x30, 0x30,
    0x30, 0x30, 0x30, 0x30, 0x30, 0x30, 0x30, 0x30, 0x30, 0x30, 0x30, 0x30,
    0x30, 0x30, 0x00, 0x00, 0x00, 0x00, 0x00, 0x00, 0x00, 0x00, 0x00, 0x00,
    0x00, 0x00, 0x70, 0x00, 0x78, 0x00, 0x1c, 0x00, 0x0c, 0x00, 0x0c, 0x00,
    0x0c, 0x00, 0x0c, 0x00, 0x0c, 0x00, 0x0c, 0x00, 0x0c, 0x00, 0x0c, 0x00,
    0x06, 0x00, 0x03, 0x00, 0x06, 0x00, 0x0c, 0x00, 0x0c, 0x00, 0x0c, 0x00,
    0x0c, 0x00, 0x0c, 0x00, 0x0c, 0x00, 0x0c, 0x00, 0x0c, 0x00, 0x1c, 0x00,
    0x78, 0x00, 0x70, 0x00, 0x00, 0x00, 0x00, 0x00, 0x00, 0x00, 0x00, 0x00,
    0x00, 0x00, 0x00, 0x00, 0x00, 0x00, 0x00, 0x00, 0x00, 0x00, 0x00, 0x00,
    0x00, 0x00, 0x00, 0x00, 0x00, 0x00, 0x00, 0x00, 0x00, 0x00, 0x00, 0x00,
    0x1e, 0x04, 0x3f, 0x8c, 0x23, 0xfc, 0x20, 0x78, 0x00, 0x00, 0x00, 0x00,
    0x00, 0x00, 0x00, 0x00, 0x00, 0x00, 0x00, 0x00, 0x00, 0x00, 0x00, 0x00,
    0x00, 0x00, 0x00, 0x00, 0x00, 0x00, 0x00, 0x00, 0x00, 0x00, 0x00, 0x00,
};

const struct gfx_font GFX_FONT_32 = {
    32, Q32_GLYPHS, Q32_BITMAP
};

static const struct gfx_glyph Q48_GLYPHS[] = {
    {0, 10, 10},
    {96, 10, 10},
    {192, 15, 15},
    {288, 27, 27},
    {480, 28, 28},
    {672, 39, 39},
    {912, 27, 27},
    {1104, 8, 8},
    {1152, 11, 11},
    {1248, 11, 11},
    {1344, 17, 17},
    {1488, 25, 25},
    {1680, 10, 10},
    {1776, 17, 17},
    {1920, 9, 9},
    {2016, 17, 17},
    {2160, 25, 25},
    {2352, 25, 25},
    {2544, 25, 25},
    {2736, 25, 25},
    {2928, 25, 25},
    {3120, 25, 25},
    {3312, 25, 25},
    {3504, 25, 25},
    {3696, 25, 25},
    {3888, 25, 25},
    {4080, 9, 9},
    {4176, 11, 11},
    {4272, 25, 25},
    {4464, 25, 25},
    {4656, 25, 25},
    {4848, 23, 23},
    {4992, 39, 39},
    {5232, 31, 30},
    {5424, 30, 30},
    {5616, 32, 32},
    {5808, 32, 32},
    {6000, 28, 28},
    {6192, 27, 27},
    {6384, 33, 33},
    {6624, 32, 32},
    {6816, 11, 11},
    {6912, 24, 24},
    {7056, 30, 29},
    {7248, 25, 25},
    {7440, 37, 37},
    {7680, 34, 34},
    {7920, 35, 35},
    {8160, 29, 29},
    {8352, 35, 35},
    {8592, 31, 31},
    {8784, 28, 28},
    {8976, 26, 26},
    {9168, 33, 33},
    {9408, 29, 29},
    {9600, 44, 44},
    {9888, 29, 28},
    {10080, 30, 29},
    {10272, 27, 27},
    {10464, 13, 13},
    {10560, 17, 17},
    {10704, 13, 13},
    {10800, 23, 23},
    {10944, 28, 28},
    {11136, 16, 16},
    {11232, 27, 27},
    {11424, 27, 27},
    {11616, 25, 25},
    {11808, 27, 27},
    {12000, 26, 26},
    {12192, 14, 14},
    {12288, 27, 27},
    {12480, 26, 26},
    {12672, 9, 9},
    {12768, 9, 9},
    {12864, 24, 23},
    {13008, 9, 9},
    {13104, 40, 40},
    {13344, 26, 26},
    {13536, 26, 26},
    {13728, 27, 27},
    {13920, 27, 27},
    {14112, 16, 16},
    {14208, 22, 22},
    {14352, 15, 15},
    {14448, 26, 26},
    {14640, 23, 23},
    {14784, 35, 34},
    {15024, 22, 22},
    {15168, 23, 23},
    {15312, 21, 21},
    {15456, 14, 14},
    {15552, 9, 9},
    {15648, 14, 14},
    {15744, 24, 24},
};

static const uint8_t Q48_BITMAP[] = {
    0x00, 0x00, 0x00, 0x00, 0x00, 0x00, 0x00, 0x00, 0x00, 0x00, 0x00, 0x00,
    0x00, 0x00, 0x00, 0x00, 0x00, 0x00, 0x00, 0x00, 0x00, 0x00, 0x00, 0x00,
    0x00, 0x00, 0x00, 0x00, 0x00, 0x00, 0x00, 0x00, 0x00, 0x00, 0x00, 0x00,
    0x00, 0x00, 0x00, 0x00, 0x00, 0x00, 0x00, 0x00, 0x00, 0x00, 0x00, 0x00,
    0x00, 0x00, 0x00, 0x00, 0x00, 0x00, 0x00, 0x00, 0x00, 0x00, 0x00, 0x00,
    0x00, 0x00, 0x00, 0x00, 0x00, 0x00, 0x00, 0x00, 0x00, 0x00, 0x00, 0x00,
    0x00, 0x00, 0x00, 0x00, 0x00, 0x00, 0x00, 0x00, 0x00, 0x00, 0x00, 0x00,
    0x00, 0x00, 0x00, 0x00, 0x00, 0x00, 0x00, 0x00, 0x00, 0x00, 0x00, 0x00,
    0x00, 0x00, 0x00, 0x00, 0x00, 0x00, 0x00, 0x00, 0x00, 0x00, 0x00, 0x00,
    0x00, 0x00, 0x1e, 0x00, 0x1e, 0x00, 0x1e, 0x00, 0x1e, 0x00, 0x1e, 0x00,
    0x1e, 0x00, 0x1e, 0x00, 0x1e, 0x00, 0x1e, 0x00, 0x1e, 0x00, 0x1e, 0x00,
    0x1e, 0x00, 0x1e, 0x00, 0x1e, 0x00, 0x1e, 0x00, 0x0e, 0x00, 0x0e, 0x00,
    0x0e, 0x00, 0x0e, 0x00, 0x0c, 0x00, 0x0c, 0x00, 0x0c, 0x00, 0x0c, 0x00,
    0x00, 0x00, 0x00, 0x00, 0x00, 0x00, 0x1e, 0x00, 0x1e, 0x00, 0x1e, 0x00,
    0x1e, 0x00, 0x1e, 0x00, 0x00, 0x00, 0x00, 0x00, 0x00, 0x00, 0x00, 0x00,
    0x00, 0x00, 0x00, 0x00, 0x00, 0x00, 0x00, 0x00, 0x00, 0x00, 0x00, 0x00,
    0x00, 0x00, 0x00, 0x00, 0x00, 0x00, 0x00, 0x00, 0x00, 0x00, 0x00, 0x00,
    0x00, 0x00, 0x3c, 0xf0, 0x3c, 0xf0, 0x3c, 0x70, 0x3c, 0x70, 0x1c, 0x70,
    0x1c, 0x70, 0x1c, 0x70, 0x1c, 0x70, 0x1c, 0x70, 0x18, 0x70, 0x00, 0x00,
    0x00, 0x00, 0x00, 0x00, 0x00, 0x00, 0x00, 0x00, 0x00, 0x00, 0x00, 0x00,
    0x00, 0x00, 0x00, 0x00, 0x00, 0x00, 0x00, 0x00, 0x00, 0x00, 0x00, 0x00,
    0x00, 0x00, 0x00, 0x00, 0x00, 0x00, 0x00, 0x00, 0x00, 0x00, 0x00, 0x00,
    0x00, 0x00, 0x00, 0x00, 0x00, 0x00, 0x00, 0x00, 0x00, 0x00, 0x00, 0x00,
    0x00, 0x00, 0x00, 0x00, 0x00, 0x00, 0x00, 0x00, 0x00, 0x00, 0x00, 0x00,
    0x00, 0x00, 0x00, 0x00, 0x00, 0x00, 0x00, 0x00, 0x00, 0x00, 0x00, 0x00,
    0x00, 0x00, 0x00, 0x00, 0x00, 0x00, 0x00, 0x00, 0x00, 0x00, 0x00, 0x00,
    0x00, 0x00, 0x00, 0x00, 0x00, 0x00, 0x00, 0x00, 0x00, 0x00, 0x00, 0x00,
    0x00, 0x00, 0x00, 0x00, 0x00, 0x30, 0x30, 0x00, 0x00, 0x70, 0x38, 0x00,
    0x00, 0x70, 0x38, 0x00, 0x00, 0x70, 0x70, 0x00, 0x00, 0x70, 0x70, 0x00,
    0x00, 0x70, 0x70, 0x00, 0x00, 0x70, 0x70, 0x00, 0x1f, 0xff, 0xff, 0x80,
    0x1f, 0xff, 0xff, 0x80, 0x1f, 0xff, 0xff, 0x80, 0x00, 0xe0, 0xf0, 0x00,
    0x00, 0xe0, 0xe0, 0x00, 0x00, 0xe0, 0xe0, 0x00, 0x00, 0xe0, 0xe0, 0x00,
    0x00, 0xe0, 0xe0, 0x00, 0x01, 0xc0, 0xe0, 0x00, 0x01, 0xc1, 0xe0, 0x00,
    0x3f, 0xff, 0xfe, 0x00, 0x3f, 0xff, 0xfe, 0x00, 0x3f, 0xff, 0xfe, 0x00,
    0x01, 0xc1, 0xc0, 0x00, 0x01, 0xc1, 0xc0, 0x00, 0x03, 0x81, 0xc0, 0x00,
    0x03, 0x81, 0xc0, 0x00, 0x03, 0x81, 0xc0, 0x00, 0x03, 0x83, 0x80, 0x00,
    0x03, 0x83, 0x80, 0x00, 0x00, 0x00, 0x00, 0x00, 0x00, 0x00, 0x00, 0x00,
    0x00, 0x00, 0x00, 0x00, 0x00, 0x00, 0x00, 0x00, 0x00, 0x00, 0x00, 0x00,
    0x00, 0x00, 0x00, 0x00, 0x00, 0x00, 0x00, 0x00, 0x00, 0x00, 0x00, 0x00,
    0x00, 0x00, 0x00, 0x00, 0x00, 0x00, 0x00, 0x00, 0x00, 0x00, 0x00, 0x00,
    0x00, 0x00, 0x00, 0x00, 0x00, 0x00, 0x00, 0x00, 0x00, 0x06, 0x00, 0x00,
    0x00, 0x07, 0x00, 0x00, 0x00, 0x07, 0x00, 0x00, 0x00, 0x07, 0x00, 0x00,
    0x00, 0x07, 0x00, 0x00, 0x00, 0x7f, 0xe0, 0x00, 0x03, 0xff, 0xf8, 0x00,
    0x07, 0xff, 0xfe, 0x00, 0x0f, 0xc7, 0x7f, 0x00, 0x1f, 0x07, 0x0f, 0x80,
    0x1e, 0x07, 0x07, 0x80, 0x1c, 0x07, 0x03, 0x80, 0x3c, 0x07, 0x03, 0xc0,
    0x3c, 0x07, 0x01, 0x80, 0x1c, 0x07, 0x00, 0x00, 0x1e, 0x07, 0x00, 0x00,
    0x1f, 0x07, 0x00, 0x00, 0x0f, 0xc7, 0x00, 0x00, 0x07, 0xff, 0x00, 0x00,
    0x01, 0xff, 0xc0, 0x00, 0x00, 0x7f, 0xf8, 0x00, 0x00, 0x0f, 0xfe, 0x00,
    0x00, 0x07, 0x7f, 0x00, 0x00, 0x07, 0x0f, 0x80, 0x00, 0x07, 0x07, 0xc0,
    0x00, 0x07, 0x01, 0xc0, 0x00, 0x07, 0x01, 0xe0, 0x38, 0x07, 0x01, 0xe0,
    0x38, 0x07, 0x01, 0xe0, 0x3c, 0x07, 0x01, 0xc0, 0x1e, 0x07, 0x03, 0xc0,
    0x1f, 0x07, 0x07, 0xc0, 0x0f, 0xe7, 0x1f, 0x80, 0x07, 0xff, 0xff, 0x00,
    0x03, 0xff, 0xfe, 0x00, 0x00, 0x7f, 0xf0, 0x00, 0x00, 0x07, 0x00, 0x00,
    0x00, 0x07, 0x00, 0x00, 0x00, 0x07, 0x00, 0x00, 0x00, 0x07, 0x00, 0x00,
    0x00, 0x00, 0x00, 0x00, 0x00, 0x00, 0x00, 0x00, 0x00, 0x00, 0x00, 0x00,
    0x00, 0x00, 0x00, 0x00, 0x00, 0x00, 0x00, 0x00, 0x00, 0x00, 0x00, 0x00,
    0x00, 0x00, 0x00, 0x00, 0x00, 0x00, 0x00, 0x00, 0x00, 0x00, 0x00, 0x00,
    0x00, 0x00, 0x00, 0x00, 0x00, 0x00, 0x00, 0x00, 0x00, 0x00, 0x00, 0x00,
    0x00, 0x00, 0x00, 0x00, 0x00, 0x00, 0x00, 0x00, 0x00, 0x00, 0x00, 0x03,
    0xf0, 0x00, 0x0e, 0x00, 0x07, 0xf8, 0x00, 0x1c, 0x00, 0x0f, 0xfc, 0x00,
    0x1c, 0x00, 0x1e, 0x3e, 0x00, 0x38, 0x00, 0x1c, 0x0e, 0x00, 0x70, 0x00,
    0x38, 0x0e, 0x00, 0x70, 0x00, 0x38, 0x07, 0x00, 0xe0, 0x00, 0x38, 0x07,
    0x01, 0xc0, 0x00, 0x38, 0x07, 0x01, 0xc0, 0x00, 0x38, 0x07, 0x03, 0x80,
    0x00, 0x38, 0x07, 0x07, 0x00, 0x00, 0x38, 0x0e, 0x07, 0x00, 0x00, 0x3c,
    0x0e, 0x0e, 0x00, 0x00, 0x1e, 0x1e, 0x1c, 0x1f, 0x80, 0x1f, 0xfc, 0x1c,
    0x3f, 0xc0, 0x0f, 0xf8, 0x38, 0x7f, 0xe0, 0x03, 0xf0, 0x70, 0xf0, 0xf0,
    0x00, 0x00, 0x60, 0xe0, 0x70, 0x00, 0x00, 0xe1, 0xc0, 0x30, 0x00, 0x01,
    0xc1, 0xc0, 0x38, 0x00, 0x01, 0x81, 0xc0, 0x38, 0x00, 0x03, 0x81, 0xc0,
    0x38, 0x00, 0x07, 0x01, 0xc0, 0x38, 0x00, 0x06, 0x01, 0xc0, 0x38, 0x00,
    0x0e, 0x01, 0xc0, 0x38, 0x00, 0x1c, 0x00, 0xe0, 0x78, 0x00, 0x38, 0x00,
    0xe0, 0x70, 0x00, 0x38, 0x00, 0xf9, 0xf0, 0x00, 0x70, 0x00, 0x7f, 0xe0,
    0x00, 0xe0, 0x00, 0x3f, 0xc0, 0x00, 0xe0, 0x00, 0x1f, 0x80, 0x00, 0x00,
    0x00, 0x00, 0x00, 0x00, 0x00, 0x00, 0x00, 0x00, 0x00, 0x00, 0x00, 0x00,
    0x00, 0x00, 0x00, 0x00, 0x00, 0x00, 0x00, 0x00, 0x00, 0x00, 0x00, 0x00,
    0x00, 0x00, 0x00, 0x00, 0x00, 0x00, 0x00, 0x00, 0x00, 0x00, 0x00, 0x00,
    0x00, 0x00, 0x00, 0x00, 0x00, 0x00, 0x00, 0x00, 0x00, 0x00, 0x00, 0x00,
    0x00, 0x00, 0x00, 0x00, 0x00, 0x00, 0x00, 0x00, 0x00, 0x00, 0x00, 0x00,
    0x00, 0x00, 0x00, 0x00, 0x00, 0x00, 0x00, 0x00, 0x00, 0x00, 0x00, 0x00,
    0x00, 0x00, 0x00, 0x00, 0x00, 0x7f, 0x80, 0x00, 0x03, 0xff, 0xe0, 0x00,
    0x07, 0xff, 0xf0, 0x00, 0x0f, 0xc1, 0xf8, 0x00, 0x0f, 0x00, 0x7c, 0x00,
    0x1e, 0x00, 0x3c, 0x00, 0x1c, 0x00, 0x00, 0x00, 0x1c, 0x00, 0x00, 0x00,
    0x1c, 0x00, 0x00, 0x00, 0x1c, 0x00, 0x00, 0x00, 0x1e, 0x00, 0x00, 0x00,
    0x0f, 0x00, 0x0e, 0x00, 0x07, 0xc0, 0x1e, 0x00, 0x03, 0xff, 0xff, 0xc0,
    0x01, 0xff, 0xff, 0xc0, 0x07, 0xff, 0xff, 0xc0, 0x0f, 0x80, 0x0e, 0x00,
    0x1e, 0x00, 0x0e, 0x00, 0x3c, 0x00, 0x0e, 0x00, 0x3c, 0x00, 0x0e, 0x00,
    0x38, 0x00, 0x0e, 0x00, 0x38, 0x00, 0x0e, 0x00, 0x38, 0x00, 0x0e, 0x00,
    0x38, 0x00, 0x1e, 0x00, 0x3c, 0x00, 0x1c, 0x00, 0x1e, 0x00, 0x3c, 0x00,
    0x1f, 0x00, 0x7c, 0x00, 0x0f, 0xc1, 0xf8, 0x00, 0x07, 0xff, 0xf0, 0x00,
    0x01, 0xff, 0xe0, 0x00, 0x00, 0x7f, 0x00, 0x00, 0x00, 0x00, 0x00, 0x00,
    0x00, 0x00, 0x00, 0x00, 0x00, 0x00, 0x00, 0x00, 0x00, 0x00, 0x00, 0x00,
    0x00, 0x00, 0x00, 0x00, 0x00, 0x00, 0x00, 0x00, 0x00, 0x00, 0x00, 0x00,
    0x00, 0x00, 0x00, 0x00, 0x00, 0x00, 0x00, 0x00, 0x00, 0x00, 0x00, 0x00,
    0x00, 0x00, 0x00, 0x00, 0x00, 0x00, 0x00, 0x3c, 0x3c, 0x3c, 0x3c, 0x1c,
    0x1c, 0x1c, 0x1c, 0x1c, 0x18, 0x00, 0x00, 0x00, 0x00, 0x00, 0x00, 0x00,
    0x00, 0x00, 0x00, 0x00, 0x00, 0x00, 0x00, 0x00, 0x00, 0x00, 0x00, 0x00,
    0x00, 0x00, 0x00, 0x00, 0x00, 0x00, 0x00, 0x00, 0x00, 0x00, 0x00, 0x00,
    0x00, 0x00, 0x00, 0x00, 0x00, 0x00, 0x00, 0x00, 0x00, 0x00, 0x01, 0xc0,
    0x01, 0xc0, 0x03, 0x80, 0x03, 0x80, 0x07, 0x00, 0x07, 0x00, 0x0e, 0x00,
    0x0e, 0x00, 0x1e, 0x00, 0x1e, 0x00, 0x1c, 0x00, 0x1c, 0x00, 0x3c, 0x00,
    0x3c, 0x00, 0x38, 0x00, 0x38, 0x00, 0x38, 0x00, 0x38, 0x00, 0x38, 0x00,
    0x38, 0x00, 0x38, 0x00, 0x38, 0x00, 0x38, 0x00, 0x38, 0x00, 0x38, 0x00,
    0x3c, 0x00, 0x3c, 0x00, 0x3c, 0x00, 0x1c, 0x00, 0x1c, 0x00, 0x1e, 0x00,
    0x0e, 0x00, 0x0e, 0x00, 0x0f, 0x00, 0x07, 0x00, 0x07, 0x80, 0x03, 0x80,
    0x03, 0x80, 0x01, 0xc0, 0x00, 0x00, 0x00, 0x00, 0x00, 0x00, 0x00, 0x00,
    0x00, 0x00, 0x00, 0x00, 0x00, 0x00, 0x00, 0x00, 0x00, 0x00, 0x70, 0x00,
    0x78, 0x00, 0x38, 0x00, 0x1c, 0x00, 0x1c, 0x00, 0x1e, 0x00, 0x0e, 0x00,
    0x0e, 0x00, 0x0f, 0x00, 0x07, 0x00, 0x07, 0x00, 0x07, 0x80, 0x07, 0x80,
    0x03, 0x80, 0x03, 0x80, 0x03, 0x80, 0x03, 0x80, 0x03, 0xc0, 0x03, 0xc0,
    0x03, 0xc0, 0x03, 0xc0, 0x03, 0xc0, 0x03, 0xc0, 0x03, 0x80, 0x03, 0x80,
    0x03, 0x80, 0x03, 0x80, 0x07, 0x80, 0x07, 0x80, 0x07, 0x00, 0x07, 0x00,
    0x0f, 0x00, 0x0e, 0x00, 0x0e, 0x00, 0x1c, 0x00, 0x1c, 0x00, 0x38, 0x00,
    0x38, 0x00, 0x70, 0x00, 0x00, 0x00, 0x00, 0x00, 0x00, 0x00, 0x00, 0x00,
    0x00, 0x00, 0x00, 0x00, 0x00, 0x00, 0x00, 0x00, 0x00, 0x00, 0x00, 0x00,
    0x00, 0x00, 0x00, 0x00, 0x00, 0x00, 0x00, 0x00, 0x00, 0x01, 0xc0, 0x00,
    0x01, 0xc0, 0x00, 0x01, 0xc0, 0x00, 0x10, 0xc4, 0x00, 0x1c, 0xde, 0x00,
    0x3f, 0xfe, 0x00, 0x07, 0xf0, 0x00, 0x01, 0xe0, 0x00, 0x03, 0xe0, 0x00,
    0x07, 0x70, 0x00, 0x0e, 0x38, 0x00, 0x06, 0x10, 0x00, 0x00, 0x00, 0x00,
    0x00, 0x00, 0x00, 0x00, 0x00, 0x00, 0x00, 0x00, 0x00, 0x00, 0x00, 0x00,
    0x00, 0x00, 0x00, 0x00, 0x00, 0x00, 0x00, 0x00, 0x00, 0x00, 0x00, 0x00,
    0x00, 0x00, 0x00, 0x00, 0x00, 0x00, 0x00, 0x00, 0x00, 0x00, 0x00, 0x00,
    0x00, 0x00, 0x00, 0x00, 0x00, 0x00, 0x00, 0x00, 0x00, 0x00, 0x00, 0x00,
    0x00, 0x00, 0x00, 0x00, 0x00, 0x00, 0x00, 0x00, 0x00, 0x00, 0x00, 0x00,
    0x00, 0x00, 0x00, 0x00, 0x00, 0x00, 0x00, 0x00, 0x00, 0x00, 0x00, 0x00,
    0x00, 0x00, 0x00, 0x00, 0x00, 0x00, 0x00, 0x00, 0x00, 0x00, 0x00, 0x00,
    0x00, 0x00, 0x00, 0x00, 0x00, 0x00, 0x00, 0x00, 0x00, 0x00, 0x00, 0x00,
    0x00, 0x00, 0x00, 0x00, 0x00, 0x00, 0x00, 0x00, 0x00, 0x00, 0x00, 0x00,
    0x00, 0x00, 0x00, 0x00, 0x00, 0x00, 0x00, 0x00, 0x00, 0x00, 0x00, 0x00,
    0x00, 0x00, 0x00, 0x00, 0x00, 0x00, 0x00, 0x00, 0x00, 0x00, 0x00, 0x00,
    0x00, 0x00, 0x00, 0x00, 0x00, 0x00, 0x00, 0x00, 0x00, 0x00, 0x00, 0x00,
    0x00, 0x00, 0x00, 0x00, 0x00, 0x1c, 0x00, 0x00, 0x00, 0x1c, 0x00, 0x00,
    0x00, 0x1c, 0x00, 0x00, 0x00, 0x1c, 0x00, 0x00, 0x00, 0x1c, 0x00, 0x00,
    0x00, 0x1c, 0x00, 0x00, 0x00, 0x1c, 0x00, 0x00, 0x00, 0x1c, 0x00, 0x00,
    0x00, 0x1c, 0x00, 0x00, 0x3f, 0xff, 0xfe, 0x00, 0x3f, 0xff, 0xfe, 0x00,
    0x3f, 0xff, 0xfe, 0x00, 0x00, 0x1c, 0x00, 0x00, 0x00, 0x1c, 0x00, 0x00,
    0x00, 0x1c, 0x00, 0x00, 0x00, 0x1c, 0x00, 0x00, 0x00, 0x1c, 0x00, 0x00,
    0x00, 0x1c, 0x00, 0x00, 0x00, 0x1c, 0x00, 0x00, 0x00, 0x1c, 0x00, 0x00,
    0x00, 0x1c, 0x00, 0x00, 0x00, 0x1c, 0x00, 0x00, 0x00, 0x00, 0x00, 0x00,
    0x00, 0x00, 0x00, 0x00, 0x00, 0x00, 0x00, 0x00, 0x00, 0x00, 0x00, 0x00,
    0x00, 0x00, 0x00, 0x00, 0x00, 0x00, 0x00, 0x00, 0x00, 0x00, 0x00, 0x00,
    0x00, 0x00, 0x00, 0x00, 0x00, 0x00, 0x00, 0x00, 0x00, 0x00, 0x00, 0x00,
    0x00, 0x00, 0x00, 0x00, 0x00, 0x00, 0x00, 0x00, 0x00, 0x00, 0x00, 0x00,
    0x00, 0x00, 0x00, 0x00, 0x00, 0x00, 0x00, 0x00, 0x00, 0x00, 0x00, 0x00,
    0x00, 0x00, 0x00, 0x00, 0x00, 0x00, 0x00, 0x00, 0x00, 0x00, 0x00, 0x00,
    0x00, 0x00, 0x00, 0x00, 0x00, 0x00, 0x00, 0x00, 0x00, 0x00, 0x00, 0x00,
    0x00, 0x00, 0x00, 0x00, 0x00, 0x00, 0x00, 0x00, 0x00, 0x00, 0x00, 0x00,
    0x00, 0x00, 0x00, 0x00, 0x00, 0x00, 0x1e, 0x00, 0x1e, 0x00, 0x1e, 0x00,
    0x3c, 0x00, 0x3c, 0x00, 0x38, 0x00, 0x78, 0x00, 0x78, 0x00, 0x70, 0x00,
    0x70, 0x00, 0x00, 0x00, 0x00, 0x00, 0x00, 0x00, 0x00, 0x00, 0x00, 0x00,
    0x00, 0x00, 0x00, 0x00, 0x00, 0x00, 0x00, 0x00, 0x00, 0x00, 0x00, 0x00,
    0x00, 0x00, 0x00, 0x00, 0x00, 0x00, 0x00, 0x00, 0x00, 0x00, 0x00, 0x00,
    0x00, 0x00, 0x00, 0x00, 0x00, 0x00, 0x00, 0x00, 0x00, 0x00, 0x00, 0x00,
    0x00, 0x00, 0x00, 0x00, 0x00, 0x00, 0x00, 0x00, 0x00, 0x00, 0x00, 0x00,
    0x00, 0x00, 0x00, 0x00, 0x00, 0x00, 0x00, 0x00, 0x00, 0x00, 0x00, 0x00,
    0x00, 0x00, 0x00, 0x00, 0x00, 0x00, 0x00, 0x00, 0x00, 0x1f, 0xfc, 0x00,
    0x1f, 0xfc, 0x00, 0x1f, 0xfc, 0x00, 0x00, 0x00, 0x00, 0x00, 0x00, 0x00,
    0x00, 0x00, 0x00, 0x00, 0x00, 0x00, 0x00, 0x00, 0x00, 0x00, 0x00, 0x00,
    0x00, 0x00, 0x00, 0x00, 0x00, 0x00, 0x00, 0x00, 0x00, 0x00, 0x00, 0x00,
    0x00, 0x00, 0x00, 0x00, 0x00, 0x00, 0x00, 0x00, 0x00, 0x00, 0x00, 0x00,
    0x00, 0x00, 0x00, 0x00, 0x00, 0x00, 0x00, 0x00, 0x00, 0x00, 0x00, 0x00,
    0x00, 0x00, 0x00, 0x00, 0x00, 0x00, 0x00, 0x00, 0x00, 0x00, 0x00, 0x00,
    0x00, 0x00, 0x00, 0x00, 0x00, 0x00, 0x00, 0x00, 0x00, 0x00, 0x00, 0x00,
    0x00, 0x00, 0x00, 0x00, 0x00, 0x00, 0x00, 0x00, 0x00, 0x00, 0x00, 0x00,
    0x00, 0x00, 0x00, 0x00, 0x00, 0x00, 0x00, 0x00, 0x00, 0x00, 0x00, 0x00,
    0x00, 0x00, 0x00, 0x00, 0x00, 0x00, 0x00, 0x00, 0x00, 0x00, 0x00, 0x00,
    0x00, 0x00, 0x00, 0x00, 0x00, 0x00, 0x00, 0x00, 0x00, 0x00, 0x00, 0x00,
    0x00, 0x00, 0x00, 0x00, 0x00, 0x00, 0x3e, 0x00, 0x3e, 0x00, 0x3e, 0x00,
    0x3e, 0x00, 0x3e, 0x00, 0x00, 0x00, 0x00, 0x00, 0x00, 0x00, 0x00, 0x00,
    0x00, 0x00, 0x00, 0x00, 0x00, 0x00, 0x00, 0x00, 0x00, 0x00, 0x00, 0x00,
    0x00, 0x00, 0x00, 0x00, 0x00, 0x00, 0x00, 0x00, 0x00, 0x00, 0x00, 0x00,
    0x00, 0x00, 0x00, 0x00, 0x06, 0x00, 0x00, 0x0e, 0x00, 0x00, 0x0e, 0x00,
    0x00, 0x1c, 0x00, 0x00, 0x1c, 0x00, 0x00, 0x1c, 0x00, 0x00, 0x3c, 0x00,
    0x00, 0x38, 0x00, 0x00, 0x38, 0x00, 0x00, 0x78, 0x00, 0x00, 0x70, 0x00,
    0x00, 0x70, 0x00, 0x00, 0xf0, 0x00, 0x00, 0xe0, 0x00, 0x00, 0xe0, 0x00,
    0x01, 0xe0, 0x00, 0x01, 0xc0, 0x00, 0x01, 0xc0, 0x00, 0x01, 0xc0, 0x00,
    0x03, 0x80, 0x00, 0x03, 0x80, 0x00, 0x03, 0x80, 0x00, 0x07, 0x00, 0x00,
    0x07, 0x00, 0x00, 0x07, 0x00, 0x00, 0x0f, 0x00, 0x00, 0x0e, 0x00, 0x00,
    0x0e, 0x00, 0x00, 0x1e, 0x00, 0x00, 0x1c, 0x00, 0x00, 0x1c, 0x00, 0x00,
    0x3c, 0x00, 0x00, 0x38, 0x00, 0x00, 0x38, 0x00, 0x00, 0x00, 0x00, 0x00,
    0x00, 0x00, 0x00, 0x00, 0x00, 0x00, 0x00, 0x00, 0x00, 0x00, 0x00, 0x00,
    0x00, 0x00, 0x00, 0x00, 0x00, 0x00, 0x00, 0x00, 0x00, 0x00, 0x00, 0x00,
    0x00, 0x00, 0x00, 0x00, 0x00, 0x00, 0x00, 0x00, 0x00, 0x00, 0x00, 0x00,
    0x00, 0x00, 0x00, 0x00, 0x00, 0x00, 0x00, 0x00, 0x00, 0x00, 0x00, 0x00,
    0x00, 0x00, 0x00, 0x00, 0x00, 0x7f, 0x00, 0x00, 0x01, 0xff, 0xc0, 0x00,
    0x03, 0xff, 0xe0, 0x00, 0x07, 0xe1, 0xf0, 0x00, 0x0f, 0x80, 0x78, 0x00,
    0x0f, 0x00, 0x38, 0x00, 0x1e, 0x00, 0x3c, 0x00, 0x1e, 0x00, 0x1c, 0x00,
    0x1c, 0x00, 0x1c, 0x00, 0x1c, 0x00, 0x1e, 0x00, 0x3c, 0x00, 0x1e, 0x00,
    0x3c, 0x00, 0x0e, 0x00, 0x3c, 0x00, 0x0e, 0x00, 0x38, 0x00, 0x0e, 0x00,
    0x38, 0x00, 0x0e, 0x00, 0x38, 0x00, 0x0e, 0x00, 0x38, 0x00, 0x0e, 0x00,
    0x38, 0x00, 0x0e, 0x00, 0x3c, 0x00, 0x0e, 0x00, 0x3c, 0x00, 0x0e, 0x00,
    0x3c, 0x00, 0x1e, 0x00, 0x1c, 0x00, 0x1e, 0x00, 0x1c, 0x00, 0x1e, 0x00,
    0x1e, 0x00, 0x1c, 0x00, 0x1e, 0x00, 0x3c, 0x00, 0x0f, 0x00, 0x38, 0x00,
    0x0f, 0x80, 0x78, 0x00, 0x07, 0xe1, 0xf0, 0x00, 0x03, 0xff, 0xe0, 0x00,
    0x01, 0xff, 0xc0, 0x00, 0x00, 0x7f, 0x00, 0x00, 0x00, 0x00, 0x00, 0x00,
    0x00, 0x00, 0x00, 0x00, 0x00, 0x00, 0x00, 0x00, 0x00, 0x00, 0x00, 0x00,
    0x00, 0x00, 0x00, 0x00, 0x00, 0x00, 0x00, 0x00, 0x00, 0x00, 0x00, 0x00,
    0x00, 0x00, 0x00, 0x00, 0x00, 0x00, 0x00, 0x00, 0x00, 0x00, 0x00, 0x00,
    0x00, 0x00, 0x00, 0x00, 0x00, 0x00, 0x00, 0x00, 0x00, 0x00, 0x00, 0x00,
    0x00, 0x00, 0x00, 0x00, 0x00, 0x00, 0x00, 0x00, 0x00, 0x00, 0x00, 0x00,
    0x00, 0x00, 0x00, 0x00, 0x03, 0xff, 0x00, 0x00, 0x03, 0xff, 0x00, 0x00,
    0x03, 0xff, 0x00, 0x00, 0x00, 0x07, 0x00, 0x00, 0x00, 0x07, 0x00, 0x00,
    0x00, 0x07, 0x00, 0x00, 0x00, 0x07, 0x00, 0x00, 0x00, 0x07, 0x00, 0x00,
    0x00, 0x07, 0x00, 0x00, 0x00, 0x07, 0x00, 0x00, 0x00, 0x07, 0x00, 0x00,
    0x00, 0x07, 0x00, 0x00, 0x00, 0x07, 0x00, 0x00, 0x00, 0x07, 0x00, 0x00,
    0x00, 0x07, 0x00, 0x00, 0x00, 0x07, 0x00, 0x00, 0x00, 0x07, 0x00, 0x00,
    0x00, 0x07, 0x00, 0x00, 0x00, 0x07, 0x00, 0x00, 0x00, 0x07, 0x00, 0x00,
    0x00, 0x07, 0x00, 0x00, 0x00, 0x07, 0x00, 0x00, 0x00, 0x07, 0x00, 0x00,
    0x00, 0x07, 0x00, 0x00, 0x00, 0x07, 0x00, 0x00, 0x00, 0x07, 0x00, 0x00,
    0x00, 0x07, 0x00, 0x00, 0x00, 0x07, 0x00, 0x00, 0x00, 0x07, 0x00, 0x00,
    0x00, 0x07, 0x00, 0x00, 0x00, 0x07, 0x00, 0x00, 0x00, 0x00, 0x00, 0x00,
    0x00, 0x00, 0x00, 0x00, 0x00, 0x00, 0x00, 0x00, 0x00, 0x00, 0x00, 0x00,
    0x00, 0x00, 0x00, 0x00, 0x00, 0x00, 0x00, 0x00, 0x00, 0x00, 0x00, 0x00,
    0x00, 0x00, 0x00, 0x00, 0x00, 0x00, 0x00, 0x00, 0x00, 0x00, 0x00, 0x00,
    0x00, 0x00, 0x00, 0x00, 0x00, 0x00, 0x00, 0x00, 0x00, 0x00, 0x00, 0x00,
    0x00, 0x00, 0x00, 0x00, 0x00, 0x00, 0x00, 0x00, 0x00, 0x00, 0x00, 0x00,
    0x00, 0x00, 0x00, 0x00, 0x00, 0x7f, 0x00, 0x00, 0x01, 0xff, 0xe0, 0x00,
    0x07, 0xff, 0xf0, 0x00, 0x0f, 0xc1, 0xf8, 0x00, 0x1f, 0x00, 0x7c, 0x00,
    0x1e, 0x00, 0x3c, 0x00, 0x3c, 0x00, 0x1e, 0x00, 0x3c, 0x00, 0x1e, 0x00,
    0x38, 0x00, 0x1e, 0x00, 0x00, 0x00, 0x1e, 0x00, 0x00, 0x00, 0x1e, 0x00,
    0x00, 0x00, 0x1e, 0x00, 0x00, 0x00, 0x3c, 0x00, 0x00, 0x00, 0x78, 0x00,
    0x00, 0x00, 0xf8, 0x00, 0x00, 0x01, 0xf0, 0x00, 0x00, 0x07, 0xe0, 0x00,
    0x00, 0x0f, 0xc0, 0x00, 0x00, 0x1f, 0x00, 0x00, 0x00, 0x7e, 0x00, 0x00,
    0x00, 0xfc, 0x00, 0x00, 0x01, 0xf0, 0x00, 0x00, 0x03, 0xe0, 0x00, 0x00,
    0x07, 0xc0, 0x00, 0x00, 0x0f, 0x80, 0x00, 0x00, 0x1f, 0x00, 0x00, 0x00,
    0x1e, 0x00, 0x00, 0x00, 0x1e, 0x00, 0x00, 0x00, 0x3f, 0xff, 0xfe, 0x00,
    0x3f, 0xff, 0xfe, 0x00, 0x3f, 0xff, 0xfe, 0x00, 0x00, 0x00, 0x00, 0x00,
    0x00, 0x00, 0x00, 0x00, 0x00, 0x00, 0x00, 0x00, 0x00, 0x00, 0x00, 0x00,
    0x00, 0x00, 0x00, 0x00, 0x00, 0x00, 0x00, 0x00, 0x00, 0x00, 0x00, 0x00,
    0x00, 0x00, 0x00, 0x00, 0x00, 0x00, 0x00, 0x00, 0x00, 0x00, 0x00, 0x00,
    0x00, 0x00, 0x00, 0x00, 0x00, 0x00, 0x00, 0x00, 0x00, 0x00, 0x00, 0x00,
    0x00, 0x00, 0x00, 0x00, 0x00, 0x00, 0x00, 0x00, 0x00, 0x00, 0x00, 0x00,
    0x00, 0x00, 0x00, 0x00, 0x00, 0x7f, 0x00, 0x00, 0x01, 0xff, 0xc0, 0x00,
    0x07, 0xff, 0xf0, 0x00, 0x0f, 0xc1, 0xf8, 0x00, 0x0f, 0x00, 0x78, 0x00,
    0x1e, 0x00, 0x3c, 0x00, 0x1c, 0x00, 0x3c, 0x00, 0x00, 0x00, 0x1c, 0x00,
    0x00, 0x00, 0x1c, 0x00, 0x00, 0x00, 0x3c, 0x00, 0x00, 0x00, 0x38, 0x00,
    0x00, 0x00, 0x78, 0x00, 0x00, 0x01, 0xf0, 0x00, 0x00, 0x3f, 0xe0, 0x00,
    0x00, 0x3f, 0xc0, 0x00, 0x00, 0x3f, 0xf0, 0x00, 0x00, 0x00, 0xf8, 0x00,
    0x00, 0x00, 0x7c, 0x00, 0x00, 0x00, 0x3c, 0x00, 0x00, 0x00, 0x1e, 0x00,
    0x00, 0x00, 0x1e, 0x00, 0x00, 0x00, 0x0e, 0x00, 0x00, 0x00, 0x0e, 0x00,
    0x3c, 0x00, 0x1e, 0x00, 0x3c, 0x00, 0x1e, 0x00, 0x1e, 0x00, 0x3c, 0x00,
    0x1f, 0x00, 0x7c, 0x00, 0x0f, 0xe1, 0xf8, 0x00, 0x07, 0xff, 0xf0, 0x00,
    0x01, 0xff, 0xe0, 0x00, 0x00, 0x7f, 0x00, 0x00, 0x00, 0x00, 0x00, 0x00,
    0x00, 0x00, 0x00, 0x00, 0x00, 0x00, 0x00, 0x00, 0x00, 0x00, 0x00, 0x00,
    0x00, 0x00, 0x00, 0x00, 0x00, 0x00, 0x00, 0x00, 0x00, 0x00, 0x00, 0x00,
    0x00, 0x00, 0x00, 0x00, 0x00, 0x00, 0x00, 0x00, 0x00, 0x00, 0x00, 0x00,
    0x00, 0x00, 0x00, 0x00, 0x00, 0x00, 0x00, 0x00, 0x00, 0x00, 0x00, 0x00,
    0x00, 0x00, 0x00, 0x00, 0x00, 0x00, 0x00, 0x00, 0x00, 0x00, 0x00, 0x00,
    0x00, 0x00, 0x00, 0x00, 0x00, 0x03, 0xe0, 0x00, 0x00, 0x07, 0xe0, 0x00,
    0x00, 0x07, 0xe0, 0x00, 0x00, 0x0f, 0xe0, 0x00, 0x00, 0x1e, 0xe0, 0x00,
    0x00, 0x1c, 0xe0, 0x00, 0x00, 0x3c, 0xe0, 0x00, 0x00, 0x78, 0xe0, 0x00,
    0x00, 0x70, 0xe0, 0x00, 0x00, 0xf0, 0xe0, 0x00, 0x01, 0xe0, 0xe0, 0x00,
    0x01, 0xc0, 0xe0, 0x00, 0x03, 0xc0, 0xe0, 0x00, 0x07, 0x80, 0xe0, 0x00,
    0x07, 0x00, 0xe0, 0x00, 0x0f, 0x00, 0xe0, 0x00, 0x1e, 0x00, 0xe0, 0x00,
    0x1c, 0x00, 0xe0, 0x00, 0x3c, 0x00, 0xe0, 0x00, 0x38, 0x00, 0xf0, 0x00,
    0x7f, 0xff, 0xff, 0x00, 0x7f, 0xff, 0xff, 0x00, 0x7f, 0xff, 0xff, 0x00,
    0x00, 0x00, 0xe0, 0x00, 0x00, 0x00, 0xe0, 0x00, 0x00, 0x00, 0xe0, 0x00,
    0x00, 0x00, 0xe0, 0x00, 0x00, 0x00, 0xe0, 0x00, 0x00, 0x00, 0xe0, 0x00,
    0x00, 0x00, 0xe0, 0x00, 0x00, 0x00, 0xe0, 0x00, 0x00, 0x00, 0x00, 0x00,
    0x00, 0x00, 0x00, 0x00, 0x00, 0x00, 0x00, 0x00, 0x00, 0x00, 0x00, 0x00,
    0x00, 0x00, 0x00, 0x00, 0x00, 0x00, 0x00, 0x00, 0x00, 0x00, 0x00, 0x00,
    0x00, 0x00, 0x00, 0x00, 0x00, 0x00, 0x00, 0x00, 0x00, 0x00, 0x00, 0x00,
    0x00, 0x00, 0x00, 0x00, 0x00, 0x00, 0x00, 0x00, 0x00, 0x00, 0x00, 0x00,
    0x00, 0x00, 0x00, 0x00, 0x00, 0x00, 0x00, 0x00, 0x00, 0x00, 0x00, 0x00,
    0x00, 0x00, 0x00, 0x00, 0x03, 0xff, 0xfc, 0x00, 0x07, 0xff, 0xfc, 0x00,
    0x07, 0xff, 0xfc, 0x00, 0x07, 0x80, 0x00, 0x00, 0x07, 0x80, 0x00, 0x00,
    0x07, 0x00, 0x00, 0x00, 0x07, 0x00, 0x00, 0x00, 0x07, 0x00, 0x00, 0x00,
    0x0f, 0x00, 0x00, 0x00, 0x0f, 0x00, 0x00, 0x00, 0x0f, 0x00, 0x00, 0x00,
    0x0f, 0x7f, 0x80, 0x00, 0x0f, 0xff, 0xe0, 0x00, 0x0f, 0xff, 0xf0, 0x00,
    0x0f, 0xc0, 0xf8, 0x00, 0x07, 0x00, 0x7c, 0x00, 0x00, 0x00, 0x3c, 0x00,
    0x00, 0x00, 0x1e, 0x00, 0x00, 0x00, 0x1e, 0x00, 0x00, 0x00, 0x0e, 0x00,
    0x00, 0x00, 0x0e, 0x00, 0x00, 0x00, 0x0e, 0x00, 0x00, 0x00, 0x1e, 0x00,
    0x3c, 0x00, 0x1e, 0x00, 0x3c, 0x00, 0x1c, 0x00, 0x1e, 0x00, 0x3c, 0x00,
    0x1f, 0x00, 0x78, 0x00, 0x0f, 0xc1, 0xf8, 0x00, 0x07, 0xff, 0xf0, 0x00,
    0x01, 0xff, 0xc0, 0x00, 0x00, 0x7f, 0x00, 0x00, 0x00, 0x00, 0x00, 0x00,
    0x00, 0x00, 0x00, 0x00, 0x00, 0x00, 0x00, 0x00, 0x00, 0x00, 0x00, 0x00,
    0x00, 0x00, 0x00, 0x00, 0x00, 0x00, 0x00, 0x00, 0x00, 0x00, 0x00, 0x00,
    0x00, 0x00, 0x00, 0x00, 0x00, 0x00, 0x00, 0x00, 0x00, 0x00, 0x00, 0x00,
    0x00, 0x00, 0x00, 0x00, 0x00, 0x00, 0x00, 0x00, 0x00, 0x00, 0x00, 0x00,
    0x00, 0x00, 0x00, 0x00, 0x00, 0x00, 0x00, 0x00, 0x00, 0x00, 0x00, 0x00,
    0x00, 0x00, 0x00, 0x00, 0x00, 0x3f, 0x80, 0x00, 0x00, 0xff, 0xe0, 0x00,
    0x03, 0xff, 0xf0, 0x00, 0x07, 0xe0, 0xf8, 0x00, 0x07, 0x80, 0x7c, 0x00,
    0x0f, 0x00, 0x3c, 0x00, 0x0f, 0x00, 0x1e, 0x00, 0x1e, 0x00, 0x00, 0x00,
    0x1e, 0x00, 0x00, 0x00, 0x1c, 0x00, 0x00, 0x00, 0x3c, 0x00, 0x00, 0x00,
    0x3c, 0x3f, 0x80, 0x00, 0x3c, 0xff, 0xe0, 0x00, 0x3d, 0xff, 0xf8, 0x00,
    0x3f, 0xe0, 0xf8, 0x00, 0x3f, 0x80, 0x3c, 0x00, 0x3f, 0x00, 0x1e, 0x00,
    0x3e, 0x00, 0x1e, 0x00, 0x3e, 0x00, 0x0e, 0x00, 0x3c, 0x00, 0x0f, 0x00,
    0x3c, 0x00, 0x0f, 0x00, 0x1c, 0x00, 0x0f, 0x00, 0x1c, 0x00, 0x0f, 0x00,
    0x1e, 0x00, 0x0e, 0x00, 0x0e, 0x00, 0x1e, 0x00, 0x0f, 0x00, 0x1e, 0x00,
    0x07, 0x80, 0x7c, 0x00, 0x07, 0xe1, 0xf8, 0x00, 0x03, 0xff, 0xf0, 0x00,
    0x00, 0xff, 0xe0, 0x00, 0x00, 0x3f, 0x80, 0x00, 0x00, 0x00, 0x00, 0x00,
    0x00, 0x00, 0x00, 0x00, 0x00, 0x00, 0x00, 0x00, 0x00, 0x00, 0x00, 0x00,
    0x00, 0x00, 0x00, 0x00, 0x00, 0x00, 0x00, 0x00, 0x00, 0x00, 0x00, 0x00,
    0x00, 0x00, 0x00, 0x00, 0x00, 0x00, 0x00, 0x00, 0x00, 0x00, 0x00, 0x00,
    0x00, 0x00, 0x00, 0x00, 0x00, 0x00, 0x00, 0x00, 0x00, 0x00, 0x00, 0x00,
    0x00, 0x00, 0x00, 0x00, 0x00, 0x00, 0x00, 0x00, 0x00, 0x00, 0x00, 0x00,
    0x00, 0x00, 0x00, 0x00, 0x3f, 0xff, 0xfe, 0x00, 0x3f, 0xff, 0xfe, 0x00,
    0x3f, 0xff, 0xfe, 0x00, 0x00, 0x00, 0x1e, 0x00, 0x00, 0x00, 0x1e, 0x00,
    0x00, 0x00, 0x1e, 0x00, 0x00, 0x00, 0x3c, 0x00, 0x00, 0x00, 0x3c, 0x00,
    0x00, 0x00, 0x78, 0x00, 0x00, 0x00, 0x78, 0x00, 0x00, 0x00, 0xf0, 0x00,
    0x00, 0x00, 0xf0, 0x00, 0x00, 0x01, 0xe0, 0x00, 0x00, 0x01, 0xe0, 0x00,
    0x00, 0x03, 0xc0, 0x00, 0x00, 0x03, 0xc0, 0x00, 0x00, 0x07, 0x80, 0x00,
    0x00, 0x07, 0x80, 0x00, 0x00, 0x0f, 0x00, 0x00, 0x00, 0x0f, 0x00, 0x00,
    0x00, 0x0f, 0x00, 0x00, 0x00, 0x1e, 0x00, 0x00, 0x00, 0x1e, 0x00, 0x00,
    0x00, 0x3c, 0x00, 0x00, 0x00, 0x3c, 0x00, 0x00, 0x00, 0x78, 0x00, 0x00,
    0x00, 0x78, 0x00, 0x00, 0x00, 0xf0, 0x00, 0x00, 0x00, 0xf0, 0x00, 0x00,
    0x01, 0xe0, 0x00, 0x00, 0x01, 0xe0, 0x00, 0x00, 0x00, 0x00, 0x00, 0x00,
    0x00, 0x00, 0x00, 0x00, 0x00, 0x00, 0x00, 0x00, 0x00, 0x00, 0x00, 0x00,
    0x00, 0x00, 0x00, 0x00, 0x00, 0x00, 0x00, 0x00, 0x00, 0x00, 0x00, 0x00,
    0x00, 0x00, 0x00, 0x00, 0x00, 0x00, 0x00, 0x00, 0x00, 0x00, 0x00, 0x00,
    0x00, 0x00, 0x00, 0x00, 0x00, 0x00, 0x00, 0x00, 0x00, 0x00, 0x00, 0x00,
    0x00, 0x00, 0x00, 0x00, 0x00, 0x00, 0x00, 0x00, 0x00, 0x00, 0x00, 0x00,
    0x00, 0x00, 0x00, 0x00, 0x00, 0x7f, 0x80, 0x00, 0x03, 0xff, 0xe0, 0x00,
    0x07, 0xff, 0xf0, 0x00, 0x0f, 0xc1, 0xf8, 0x00, 0x0f, 0x00, 0x7c, 0x00,
    0x1e, 0x00, 0x3c, 0x00, 0x1e, 0x00, 0x1c, 0x00, 0x1c, 0x00, 0x1c, 0x00,
    0x1e, 0x00, 0x1c, 0x00, 0x1e, 0x00, 0x3c, 0x00, 0x0f, 0x00, 0x7c, 0x00,
    0x07, 0xc0, 0xf8, 0x00, 0x03, 0xff, 0xf0, 0x00, 0x01, 0xff, 0xc0, 0x00,
    0x03, 0xff, 0xf0, 0x00, 0x0f, 0xc1, 0xf8, 0x00, 0x0f, 0x00, 0x7c, 0x00,
    0x1e, 0x00, 0x3c, 0x00, 0x3c, 0x00, 0x1e, 0x00, 0x3c, 0x00, 0x0e, 0x00,
    0x38, 0x00, 0x0e, 0x00, 0x38, 0x00, 0x0f, 0x00, 0x38, 0x00, 0x0e, 0x00,
    0x38, 0x00, 0x0e, 0x00, 0x3c, 0x00, 0x1e, 0x00, 0x1e, 0x00, 0x1e, 0x00,
    0x1f, 0x00, 0x3c, 0x00, 0x0f, 0xc1, 0xfc, 0x00, 0x07, 0xff, 0xf8, 0x00,
    0x03, 0xff, 0xe0, 0x00, 0x00, 0x7f, 0x80, 0x00, 0x00, 0x00, 0x00, 0x00,
    0x00, 0x00, 0x00, 0x00, 0x00, 0x00, 0x00, 0x00, 0x00, 0x00, 0x00, 0x00,
    0x00, 0x00, 0x00, 0x00, 0x00, 0x00, 0x00, 0x00, 0x00, 0x00, 0x00, 0x00,
    0x00, 0x00, 0x00, 0x00, 0x00, 0x00, 0x00, 0x00, 0x00, 0x00, 0x00, 0x00,
    0x00, 0x00, 0x00, 0x00, 0x00, 0x00, 0x00, 0x00, 0x00, 0x00, 0x00, 0x00,
    0x00, 0x00, 0x00, 0x00, 0x00, 0x00, 0x00, 0x00, 0x00, 0x00, 0x00, 0x00,
    0x00, 0x00, 0x00, 0x00, 0x00, 0x7e, 0x00, 0x00, 0x03, 0xff, 0xc0, 0x00,
    0x07, 0xff, 0xe0, 0x00, 0x0f, 0xc3, 0xf0, 0x00, 0x1f, 0x00, 0xf8, 0x00,
    0x1e, 0x00, 0x78, 0x00, 0x3c, 0x00, 0x3c, 0x00, 0x38, 0x00, 0x1c, 0x00,
    0x38, 0x00, 0x1c, 0x00, 0x38, 0x00, 0x1e, 0x00, 0x38, 0x00, 0x1e, 0x00,
    0x38, 0x00, 0x1e, 0x00, 0x3c, 0x00, 0x3e, 0x00, 0x3e, 0x00, 0x3e, 0x00,
    0x1f, 0x00, 0x7e, 0x00, 0x0f, 0x81, 0xfe, 0x00, 0x07, 0xff, 0xee, 0x00,
    0x03, 0xff, 0x8e, 0x00, 0x00, 0xff, 0x0e, 0x00, 0x00, 0x00, 0x1e, 0x00,
    0x00, 0x00, 0x1e, 0x00, 0x00, 0x00, 0x1e, 0x00, 0x00, 0x00, 0x1c, 0x00,
    0x1c, 0x00, 0x3c, 0x00, 0x1e, 0x00, 0x3c, 0x00, 0x1e, 0x00, 0x78, 0x00,
    0x0f, 0x00, 0xf8, 0x00, 0x0f, 0xc3, 0xf0, 0x00, 0x07, 0xff, 0xe0, 0x00,
    0x03, 0xff, 0xc0, 0x00, 0x00, 0xfe, 0x00, 0x00, 0x00, 0x00, 0x00, 0x00,
    0x00, 0x00, 0x00, 0x00, 0x00, 0x00, 0x00, 0x00, 0x00, 0x00, 0x00, 0x00,
    0x00, 0x00, 0x00, 0x00, 0x00, 0x00, 0x00, 0x00, 0x00, 0x00, 0x00, 0x00,
    0x00, 0x00, 0x00, 0x00, 0x00, 0x00, 0x00, 0x00, 0x00, 0x00, 0x00, 0x00,
    0x00, 0x00, 0x00, 0x00, 0x00, 0x00, 0x00, 0x00, 0x00, 0x00, 0x00, 0x00,
    0x00, 0x00, 0x00, 0x00, 0x00, 0x00, 0x00, 0x00, 0x00, 0x00, 0x00, 0x00,
    0x00, 0x00, 0x00, 0x00, 0x3e, 0x00, 0x3e, 0x00, 0x3e, 0x00, 0x3e, 0x00,
    0x3e, 0x00, 0x00, 0x00, 0x00, 0x00, 0x00, 0x00, 0x00, 0x00, 0x00, 0x00,
    0x00, 0x00, 0x00, 0x00, 0x00, 0x00, 0x00, 0x00, 0x00, 0x00, 0x00, 0x00,
    0x00, 0x00, 0x00, 0x00, 0x00, 0x00, 0x3e, 0x00, 0x3e, 0x00, 0x3e, 0x00,
    0x3e, 0x00, 0x3e, 0x00, 0x00, 0x00, 0x00, 0x00, 0x00, 0x00, 0x00, 0x00,
    0x00, 0x00, 0x00, 0x00, 0x00, 0x00, 0x00, 0x00, 0x00, 0x00, 0x00, 0x00,
    0x00, 0x00, 0x00, 0x00, 0x00, 0x00, 0x00, 0x00, 0x00, 0x00, 0x00, 0x00,
    0x00, 0x00, 0x00, 0x00, 0x00, 0x00, 0x00, 0x00, 0x00, 0x00, 0x00, 0x00,
    0x00, 0x00, 0x00, 0x00, 0x0f, 0x00, 0x0f, 0x00, 0x0f, 0x00, 0x0f, 0x00,
    0x0f, 0x00, 0x00, 0x00, 0x00, 0x00, 0x00, 0x00, 0x00, 0x00, 0x00, 0x00,
    0x00, 0x00, 0x00, 0x00, 0x00, 0x00, 0x00, 0x00, 0x00, 0x00, 0x00, 0x00,
    0x00, 0x00, 0x00, 0x00, 0x00, 0x00, 0x00, 0x00, 0x0f, 0x00, 0x1f, 0x00,
    0x1e, 0x00, 0x1e, 0x00, 0x1e, 0x00, 0x3c, 0x00, 0x3c, 0x00, 0x38, 0x00,
    0x38, 0x00, 0x70, 0x00, 0x00, 0x00, 0x00, 0x00, 0x00, 0x00, 0x00, 0x00,
    0x00, 0x00, 0x00, 0x00, 0x00, 0x00, 0x00, 0x00, 0x00, 0x00, 0x00, 0x00,
    0x00, 0x00, 0x00, 0x00, 0x00, 0x00, 0x00, 0x00, 0x00, 0x00, 0x00, 0x00,
    0x00, 0x00, 0x00, 0x00, 0x00, 0x00, 0x00, 0x00, 0x00, 0x00, 0x00, 0x00,
    0x00, 0x00, 0x00, 0x00, 0x00, 0x00, 0x00, 0x00, 0x00, 0x00, 0x00, 0x00,
    0x00, 0x00, 0x00, 0x00, 0x00, 0x00, 0x00, 0x00, 0x00, 0x00, 0x00, 0x00,
    0x00, 0x00, 0x00, 0x00, 0x00, 0x00, 0x0e, 0x00, 0x00, 0x00, 0x3e, 0x00,
    0x00, 0x00, 0xfe, 0x00, 0x00, 0x03, 0xfc, 0x00, 0x00, 0x1f, 0xe0, 0x00,
    0x00, 0x7f, 0x80, 0x00, 0x01, 0xfc, 0x00, 0x00, 0x07, 0xf0, 0x00, 0x00,
    0x3f, 0x80, 0x00, 0x00, 0x7e, 0x00, 0x00, 0x00, 0x78, 0x00, 0x00, 0x00,
    0x7e, 0x00, 0x00, 0x00, 0x1f, 0xc0, 0x00, 0x00, 0x07, 0xf0, 0x00, 0x00,
    0x01, 0xfe, 0x00, 0x00, 0x00, 0x7f, 0x80, 0x00, 0x00, 0x0f, 0xf0, 0x00,
    0x00, 0x03, 0xfc, 0x00, 0x00, 0x00, 0xfe, 0x00, 0x00, 0x00, 0x1e, 0x00,
    0x00, 0x00, 0x06, 0x00, 0x00, 0x00, 0x00, 0x00, 0x00, 0x00, 0x00, 0x00,
    0x00, 0x00, 0x00, 0x00, 0x00, 0x00, 0x00, 0x00, 0x00, 0x00, 0x00, 0x00,
    0x00, 0x00, 0x00, 0x00, 0x00, 0x00, 0x00, 0x00, 0x00, 0x00, 0x00, 0x00,
    0x00, 0x00, 0x00, 0x00, 0x00, 0x00, 0x00, 0x00, 0x00, 0x00, 0x00, 0x00,
    0x00, 0x00, 0x00, 0x00, 0x00, 0x00, 0x00, 0x00, 0x00, 0x00, 0x00, 0x00,
    0x00, 0x00, 0x00, 0x00, 0x00, 0x00, 0x00, 0x00, 0x00, 0x00, 0x00, 0x00,
    0x00, 0x00, 0x00, 0x00, 0x00, 0x00, 0x00, 0x00, 0x00, 0x00, 0x00, 0x00,
    0x00, 0x00, 0x00, 0x00, 0x00, 0x00, 0x00, 0x00, 0x00, 0x00, 0x00, 0x00,
    0x00, 0x00, 0x00, 0x00, 0x00, 0x00, 0x00, 0x00, 0x00, 0x00, 0x00, 0x00,
    0x00, 0x00, 0x00, 0x00, 0x00, 0x00, 0x00, 0x00, 0x00, 0x00, 0x00, 0x00,
    0x00, 0x00, 0x00, 0x00, 0x00, 0x00, 0x00, 0x00, 0x00, 0x00, 0x00, 0x00,
    0x1f, 0xff, 0xfe, 0x00, 0x1f, 0xff, 0xfe, 0x00, 0x1f, 0xff, 0xfe, 0x00,
    0x00, 0x00, 0x00, 0x00, 0x00, 0x00, 0x00, 0x00, 0x00, 0x00, 0x00, 0x00,
    0x00, 0x00, 0x00, 0x00, 0x00, 0x00, 0x00, 0x00, 0x00, 0x00, 0x00, 0x00,
    0x1f, 0xff, 0xfe, 0x00, 0x1f, 0xff, 0xfe, 0x00, 0x1f, 0xff, 0xfe, 0x00,
    0x00, 0x00, 0x00, 0x00, 0x00, 0x00, 0x00, 0x00, 0x00, 0x00, 0x00, 0x00,
    0x00, 0x00, 0x00, 0x00, 0x00, 0x00, 0x00, 0x00, 0x00, 0x00, 0x00, 0x00,
    0x00, 0x00, 0x00, 0x00, 0x00, 0x00, 0x00, 0x00, 0x00, 0x00, 0x00, 0x00,
    0x00, 0x00, 0x00, 0x00, 0x00, 0x00, 0x00, 0x00, 0x00, 0x00, 0x00, 0x00,
    0x00, 0x00, 0x00, 0x00, 0x00, 0x00, 0x00, 0x00, 0x00, 0x00, 0x00, 0x00,
    0x00, 0x00, 0x00, 0x00, 0x00, 0x00, 0x00, 0x00, 0x00, 0x00, 0x00, 0x00,
    0x00, 0x00, 0x00, 0x00, 0x00, 0x00, 0x00, 0x00, 0x00, 0x00, 0x00, 0x00,
    0x00, 0x00, 0x00, 0x00, 0x00, 0x00, 0x00, 0x00, 0x00, 0x00, 0x00, 0x00,
    0x00, 0x00, 0x00, 0x00, 0x00, 0x00, 0x00, 0x00, 0x00, 0x00, 0x00, 0x00,
    0x00, 0x00, 0x00, 0x00, 0x00, 0x00, 0x00, 0x00, 0x00, 0x00, 0x00, 0x00,
    0x20, 0x00, 0x00, 0x00, 0x38, 0x00, 0x00, 0x00, 0x3e, 0x00, 0x00, 0x00,
    0x3f, 0x80, 0x00, 0x00, 0x0f, 0xf0, 0x00, 0x00, 0x03, 0xfc, 0x00, 0x00,
    0x00, 0x7f, 0x00, 0x00, 0x00, 0x1f, 0xc0, 0x00, 0x00, 0x07, 0xf8, 0x00,
    0x00, 0x00, 0xfe, 0x00, 0x00, 0x00, 0x3f, 0x00, 0x00, 0x00, 0x0f, 0x00,
    0x00, 0x00, 0x3f, 0x00, 0x00, 0x01, 0xfe, 0x00, 0x00, 0x07, 0xf0, 0x00,
    0x00, 0x1f, 0xc0, 0x00, 0x00, 0xff, 0x00, 0x00, 0x03, 0xfc, 0x00, 0x00,
    0x1f, 0xe0, 0x00, 0x00, 0x3f, 0x80, 0x00, 0x00, 0x3e, 0x00, 0x00, 0x00,
    0x30, 0x00, 0x00, 0x00, 0x00, 0x00, 0x00, 0x00, 0x00, 0x00, 0x00, 0x00,
    0x00, 0x00, 0x00, 0x00, 0x00, 0x00, 0x00, 0x00, 0x00, 0x00, 0x00, 0x00,
    0x00, 0x00, 0x00, 0x00, 0x00, 0x00, 0x00, 0x00, 0x00, 0x00, 0x00, 0x00,
    0x00, 0x00, 0x00, 0x00, 0x00, 0x00, 0x00, 0x00, 0x00, 0x00, 0x00, 0x00,
    0x00, 0x00, 0x00, 0x00, 0x00, 0x00, 0x00, 0x00, 0x00, 0x00, 0x00, 0x00,
    0x00, 0x00, 0x00, 0x00, 0x00, 0x00, 0x00, 0x00, 0x00, 0x00, 0x7f, 0x00,
    0x03, 0xff, 0xc0, 0x07, 0xff, 0xe0, 0x0f, 0xc3, 0xf0, 0x1f, 0x00, 0xf0,
    0x1e, 0x00, 0x78, 0x3c, 0x00, 0x38, 0x3c, 0x00, 0x38, 0x38, 0x00, 0x38,
    0x00, 0x00, 0x38, 0x00, 0x00, 0x38, 0x00, 0x00, 0x78, 0x00, 0x00, 0xf0,
    0x00, 0x01, 0xf0, 0x00, 0x03, 0xe0, 0x00, 0x07, 0xc0, 0x00, 0x07, 0x80,
    0x00, 0x0f, 0x00, 0x00, 0x1e, 0x00, 0x00, 0x1c, 0x00, 0x00, 0x1c, 0x00,
    0x00, 0x1c, 0x00, 0x00, 0x00, 0x00, 0x00, 0x00, 0x00, 0x00, 0x00, 0x00,
    0x00, 0x00, 0x00, 0x00, 0x3c, 0x00, 0x00, 0x3c, 0x00, 0x00, 0x3c, 0x00,
    0x00, 0x3c, 0x00, 0x00, 0x3c, 0x00, 0x00, 0x00, 0x00, 0x00, 0x00, 0x00,
    0x00, 0x00, 0x00, 0x00, 0x00, 0x00, 0x00, 0x00, 0x00, 0x00, 0x00, 0x00,
    0x00, 0x00, 0x00, 0x00, 0x00, 0x00, 0x00, 0x00, 0x00, 0x00, 0x00, 0x00,
    0x00, 0x00, 0x00, 0x00, 0x00, 0x00, 0x00, 0x00, 0x00, 0x00, 0x00, 0x00,
    0x00, 0x00, 0x00, 0x00, 0x00, 0x00, 0x00, 0x00, 0x00, 0x00, 0x00, 0x00,
    0x00, 0x00, 0x00, 0x00, 0x00, 0x00, 0x00, 0x00, 0x00, 0x00, 0x00, 0x00,
    0x00, 0x7f, 0x80, 0x00, 0x00, 0x03, 0xff, 0xf0, 0x00, 0x00, 0x07, 0x80,
    0x3c, 0x00, 0x00, 0x1c, 0x00, 0x0e, 0x00, 0x00, 0x38, 0x00, 0x03, 0x00,
    0x00, 0x60, 0x00, 0x01, 0x80, 0x00, 0xc0, 0x00, 0x00, 0xc0, 0x01, 0x80,
    0x00, 0x00, 0x60, 0x03, 0x00, 0x3e, 0x18, 0x60, 0x06, 0x01, 0xff, 0x18,
    0x30, 0x06, 0x03, 0xff, 0xd8, 0x30, 0x0c, 0x07, 0xc1, 0xf8, 0x18, 0x0c,
    0x0f, 0x00, 0xf8, 0x18, 0x18, 0x1e, 0x00, 0x78, 0x18, 0x18, 0x1c, 0x00,
    0x78, 0x18, 0x18, 0x1c, 0x00, 0x38, 0x08, 0x10, 0x38, 0x00, 0x30, 0x08,
    0x30, 0x38, 0x00, 0x30, 0x08, 0x30, 0x38, 0x00, 0x70, 0x18, 0x30, 0x38,
    0x00, 0x70, 0x18, 0x30, 0x38, 0x00, 0x70, 0x18, 0x30, 0x38, 0x00, 0xf0,
    0x18, 0x10, 0x38, 0x00, 0xe0, 0x10, 0x10, 0x1c, 0x01, 0xe0, 0x30, 0x18,
    0x1e, 0x07, 0xf0, 0x60, 0x18, 0x0f, 0xff, 0x78, 0xc0, 0x0c, 0x07, 0xfe,
    0x7f, 0x80, 0x0c, 0x01, 0xf8, 0x3e, 0x00, 0x06, 0x00, 0x00, 0x00, 0x00,
    0x07, 0x00, 0x00, 0x00, 0x00, 0x03, 0x80, 0x00, 0x00, 0x00, 0x01, 0xc0,
    0x00, 0x18, 0x00, 0x00, 0xf0, 0x00, 0x78, 0x00, 0x00, 0x3c, 0x03, 0xe0,
    0x00, 0x00, 0x0f, 0xff, 0x80, 0x00, 0x00, 0x01, 0xf8, 0x00, 0x00, 0x00,
    0x00, 0x00, 0x00, 0x00, 0x00, 0x00, 0x00, 0x00, 0x00, 0x00, 0x00, 0x00,
    0x00, 0x00, 0x00, 0x00, 0x00, 0x00, 0x00, 0x00, 0x00, 0x00, 0x00, 0x00,
    0x00, 0x00, 0x00, 0x00, 0x00, 0x00, 0x00, 0x00, 0x00, 0x00, 0x00, 0x00,
    0x00, 0x00, 0x00, 0x00, 0x00, 0x00, 0x00, 0x00, 0x00, 0x00, 0x00, 0x00,
    0x00, 0x00, 0x00, 0x00, 0x00, 0x07, 0xc0, 0x00, 0x00, 0x0f, 0xc0, 0x00,
    0x00, 0x0f, 0xc0, 0x00, 0x00, 0x0f, 0xe0, 0x00, 0x00, 0x1f, 0xe0, 0x00,
    0x00, 0x1e, 0xf0, 0x00, 0x00, 0x3c, 0xf0, 0x00, 0x00, 0x3c, 0x78, 0x00,
    0x00, 0x38, 0x78, 0x00, 0x00, 0x78, 0x38, 0x00, 0x00, 0x70, 0x3c, 0x00,
    0x00, 0xf0, 0x3c, 0x00, 0x00, 0xf0, 0x1e, 0x00, 0x01, 0xe0, 0x1e, 0x00,
    0x01, 0xe0, 0x0e, 0x00, 0x01, 0xc0, 0x0f, 0x00, 0x03, 0xc0, 0x0f, 0x00,
    0x03, 0xc0, 0x07, 0x80, 0x07, 0x80, 0x07, 0x80, 0x07, 0xff, 0xff, 0xc0,
    0x07, 0xff, 0xff, 0xc0, 0x0f, 0xff, 0xff, 0xc0, 0x0e, 0x00, 0x01, 0xe0,
    0x1e, 0x00, 0x01, 0xe0, 0x1e, 0x00, 0x00, 0xf0, 0x3c, 0x00, 0x00, 0xf0,
    0x3c, 0x00, 0x00, 0x70, 0x38, 0x00, 0x00, 0x78, 0x78, 0x00, 0x00, 0x78,
    0x78, 0x00, 0x00, 0x3c, 0xf0, 0x00, 0x00, 0x3c, 0x00, 0x00, 0x00, 0x00,
    0x00, 0x00, 0x00, 0x00, 0x00, 0x00, 0x00, 0x00, 0x00, 0x00, 0x00, 0x00,
    0x00, 0x00, 0x00, 0x00, 0x00, 0x00, 0x00, 0x00, 0x00, 0x00, 0x00, 0x00,
    0x00, 0x00, 0x00, 0x00, 0x00, 0x00, 0x00, 0x00, 0x00, 0x00, 0x00, 0x00,
    0x00, 0x00, 0x00, 0x00, 0x00, 0x00, 0x00, 0x00, 0x00, 0x00, 0x00, 0x00,
    0x00, 0x00, 0x00, 0x00, 0x00, 0x00, 0x00, 0x00, 0x00, 0x00, 0x00, 0x00,
    0x00, 0x00, 0x00, 0x00, 0x0f, 0xff, 0xf8, 0x00, 0x0f, 0xff, 0xfe, 0x00,
    0x0f, 0xff, 0xff, 0x80, 0x0e, 0x00, 0x0f, 0xc0, 0x0e, 0x00, 0x03, 0xc0,
    0x0e, 0x00, 0x01, 0xc0, 0x0e, 0x00, 0x01, 0xe0, 0x0e, 0x00, 0x01, 0xe0,
    0x0e, 0x00, 0x00, 0xe0, 0x0e, 0x00, 0x01, 0xe0, 0x0e, 0x00, 0x01, 0xe0,
    0x0e, 0x00, 0x01, 0xc0, 0x0e, 0x00, 0x03, 0xc0, 0x0e, 0x00, 0x1f, 0x80,
    0x0f, 0xff, 0xff, 0x00, 0x0f, 0xff, 0xff, 0x00, 0x0f, 0xff, 0xff, 0x80,
    0x0e, 0x00, 0x07, 0xe0, 0x0e, 0x00, 0x01, 0xe0, 0x0e, 0x00, 0x00, 0xf0,
    0x0e, 0x00, 0x00, 0x70, 0x0e, 0x00, 0x00, 0x70, 0x0e, 0x00, 0x00, 0x78,
    0x0e, 0x00, 0x00, 0x70, 0x0e, 0x00, 0x00, 0x70, 0x0e, 0x00, 0x00, 0xf0,
    0x0e, 0x00, 0x01, 0xf0, 0x0e, 0x00, 0x07, 0xe0, 0x0f, 0xff, 0xff, 0xc0,
    0x0f, 0xff, 0xff, 0x80, 0x0f, 0xff, 0xfc, 0x00, 0x00, 0x00, 0x00, 0x00,
    0x00, 0x00, 0x00, 0x00, 0x00, 0x00, 0x00, 0x00, 0x00, 0x00, 0x00, 0x00,
    0x00, 0x00, 0x00, 0x00, 0x00, 0x00, 0x00, 0x00, 0x00, 0x00, 0x00, 0x00,
    0x00, 0x00, 0x00, 0x00, 0x00, 0x00, 0x00, 0x00, 0x00, 0x00, 0x00, 0x00,
    0x00, 0x00, 0x00, 0x00, 0x00, 0x00, 0x00, 0x00, 0x00, 0x00, 0x00, 0x00,
    0x00, 0x00, 0x00, 0x00, 0x00, 0x00, 0x00, 0x00, 0x00, 0x00, 0x00, 0x00,
    0x00, 0x00, 0x00, 0x00, 0x00, 0x0f, 0xf8, 0x00, 0x00, 0x3f, 0xfe, 0x00,
    0x00, 0xff, 0xff, 0x80, 0x01, 0xfc, 0x0f, 0xc0, 0x03, 0xe0, 0x03, 0xe0,
    0x07, 0xc0, 0x00, 0xf0, 0x0f, 0x80, 0x00, 0x78, 0x0f, 0x00, 0x00, 0x38,
    0x1e, 0x00, 0x00, 0x3c, 0x1c, 0x00, 0x00, 0x00, 0x3c, 0x00, 0x00, 0x00,
    0x3c, 0x00, 0x00, 0x00, 0x3c, 0x00, 0x00, 0x00, 0x38, 0x00, 0x00, 0x00,
    0x38, 0x00, 0x00, 0x00, 0x38, 0x00, 0x00, 0x00, 0x38, 0x00, 0x00, 0x00,
    0x38, 0x00, 0x00, 0x00, 0x3c, 0x00, 0x00, 0x00, 0x3c, 0x00, 0x00, 0x00,
    0x3c, 0x00, 0x00, 0x00, 0x1c, 0x00, 0x00, 0x00, 0x1e, 0x00, 0x00, 0x3c,
    0x0f, 0x00, 0x00, 0x38, 0x0f, 0x80, 0x00, 0x78, 0x07, 0xc0, 0x00, 0xf0,
    0x03, 0xe0, 0x03, 0xe0, 0x01, 0xfc, 0x0f, 0xc0, 0x00, 0xff, 0xff, 0x80,
    0x00, 0x3f, 0xfe, 0x00, 0x00, 0x0f, 0xf8, 0x00, 0x00, 0x00, 0x00, 0x00,
    0x00, 0x00, 0x00, 0x00, 0x00, 0x00, 0x00, 0x00, 0x00, 0x00, 0x00, 0x00,
    0x00, 0x00, 0x00, 0x00, 0x00, 0x00, 0x00, 0x00, 0x00, 0x00, 0x00, 0x00,
    0x00, 0x00, 0x00, 0x00, 0x00, 0x00, 0x00, 0x00, 0x00, 0x00, 0x00, 0x00,
    0x00, 0x00, 0x00, 0x00, 0x00, 0x00, 0x00, 0x00, 0x00, 0x00, 0x00, 0x00,
    0x00, 0x00, 0x00, 0x00, 0x00, 0x00, 0x00, 0x00, 0x00, 0x00, 0x00, 0x00,
    0x00, 0x00, 0x00, 0x00, 0x0f, 0xff, 0xf0, 0x00, 0x0f, 0xff, 0xfe, 0x00,
    0x0f, 0xff, 0xff, 0x00, 0x0e, 0x00, 0x1f, 0xc0, 0x0e, 0x00, 0x07, 0xe0,
    0x0e, 0x00, 0x01, 0xe0, 0x0e, 0x00, 0x00, 0xf0, 0x0e, 0x00, 0x00, 0x78,
    0x0e, 0x00, 0x00, 0x78, 0x0e, 0x00, 0x00, 0x3c, 0x0e, 0x00, 0x00, 0x3c,
    0x0e, 0x00, 0x00, 0x1c, 0x0e, 0x00, 0x00, 0x1c, 0x0e, 0x00, 0x00, 0x1c,
    0x0e, 0x00, 0x00, 0x1e, 0x0e, 0x00, 0x00, 0x1e, 0x0e, 0x00, 0x00, 0x1e,
    0x0e, 0x00, 0x00, 0x1c, 0x0e, 0x00, 0x00, 0x1c, 0x0e, 0x00, 0x00, 0x1c,
    0x0e, 0x00, 0x00, 0x3c, 0x0e, 0x00, 0x00, 0x3c, 0x0e, 0x00, 0x00, 0x78,
    0x0e, 0x00, 0x00, 0x78, 0x0e, 0x00, 0x00, 0xf0, 0x0e, 0x00, 0x01, 0xe0,
    0x0e, 0x00, 0x07, 0xe0, 0x0e, 0x00, 0x1f, 0xc0, 0x0f, 0xff, 0xff, 0x00,
    0x0f, 0xff, 0xfe, 0x00, 0x0f, 0xff, 0xf0, 0x00, 0x00, 0x00, 0x00, 0x00,
    0x00, 0x00, 0x00, 0x00, 0x00, 0x00, 0x00, 0x00, 0x00, 0x00, 0x00, 0x00,
    0x00, 0x00, 0x00, 0x00, 0x00, 0x00, 0x00, 0x00, 0x00, 0x00, 0x00, 0x00,
    0x00, 0x00, 0x00, 0x00, 0x00, 0x00, 0x00, 0x00, 0x00, 0x00, 0x00, 0x00,
    0x00, 0x00, 0x00, 0x00, 0x00, 0x00, 0x00, 0x00, 0x00, 0x00, 0x00, 0x00,
    0x00, 0x00, 0x00, 0x00, 0x00, 0x00, 0x00, 0x00, 0x00, 0x00, 0x00, 0x00,
    0x00, 0x00, 0x00, 0x00, 0x0f, 0xff, 0xff, 0xc0, 0x0f, 0xff, 0xff, 0xc0,
    0x0f, 0xff, 0xff, 0xc0, 0x0e, 0x00, 0x00, 0x00, 0x0e, 0x00, 0x00, 0x00,
    0x0e, 0x00, 0x00, 0x00, 0x0e, 0x00, 0x00, 0x00, 0x0e, 0x00, 0x00, 0x00,
    0x0e, 0x00, 0x00, 0x00, 0x0e, 0x00, 0x00, 0x00, 0x0e, 0x00, 0x00, 0x00,
    0x0e, 0x00, 0x00, 0x00, 0x0e, 0x00, 0x00, 0x00, 0x0e, 0x00, 0x00, 0x00,
    0x0f, 0xff, 0xff, 0x00, 0x0f, 0xff, 0xff, 0x00, 0x0f, 0xff, 0xff, 0x00,
    0x0e, 0x00, 0x00, 0x00, 0x0e, 0x00, 0x00, 0x00, 0x0e, 0x00, 0x00, 0x00,
    0x0e, 0x00, 0x00, 0x00, 0x0e, 0x00, 0x00, 0x00, 0x0e, 0x00, 0x00, 0x00,
    0x0e, 0x00, 0x00, 0x00, 0x0e, 0x00, 0x00, 0x00, 0x0e, 0x00, 0x00, 0x00,
    0x0e, 0x00, 0x00, 0x00, 0x0e, 0x00, 0x00, 0x00, 0x0f, 0xff, 0xff, 0xc0,
    0x0f, 0xff, 0xff, 0xc0, 0x0f, 0xff, 0xff, 0xc0, 0x00, 0x00, 0x00, 0x00,
    0x00, 0x00, 0x00, 0x00, 0x00, 0x00, 0x00, 0x00, 0x00, 0x00, 0x00, 0x00,
    0x00, 0x00, 0x00, 0x00, 0x00, 0x00, 0x00, 0x00, 0x00, 0x00, 0x00, 0x00,
    0x00, 0x00, 0x00, 0x00, 0x00, 0x00, 0x00, 0x00, 0x00, 0x00, 0x00, 0x00,
    0x00, 0x00, 0x00, 0x00, 0x00, 0x00, 0x00, 0x00, 0x00, 0x00, 0x00, 0x00,
    0x00, 0x00, 0x00, 0x00, 0x00, 0x00, 0x00, 0x00, 0x00, 0x00, 0x00, 0x00,
    0x00, 0x00, 0x00, 0x00, 0x0f, 0xff, 0xff, 0xc0, 0x0f, 0xff, 0xff, 0xc0,
    0x0f, 0xff, 0xff, 0xc0, 0x0e, 0x00, 0x00, 0x00, 0x0e, 0x00, 0x00, 0x00,
    0x0e, 0x00, 0x00, 0x00, 0x0e, 0x00, 0x00, 0x00, 0x0e, 0x00, 0x00, 0x00,
    0x0e, 0x00, 0x00, 0x00, 0x0e, 0x00, 0x00, 0x00, 0x0e, 0x00, 0x00, 0x00,
    0x0e, 0x00, 0x00, 0x00, 0x0e, 0x00, 0x00, 0x00, 0x0e, 0x00, 0x00, 0x00,
    0x0f, 0xff, 0xff, 0x00, 0x0f, 0xff, 0xff, 0x00, 0x0f, 0xff, 0xff, 0x00,
    0x0e, 0x00, 0x00, 0x00, 0x0e, 0x00, 0x00, 0x00, 0x0e, 0x00, 0x00, 0x00,
    0x0e, 0x00, 0x00, 0x00, 0x0e, 0x00, 0x00, 0x00, 0x0e, 0x00, 0x00, 0x00,
    0x0e, 0x00, 0x00, 0x00, 0x0e, 0x00, 0x00, 0x00, 0x0e, 0x00, 0x00, 0x00,
    0x0e, 0x00, 0x00, 0x00, 0x0e, 0x00, 0x00, 0x00, 0x0e, 0x00, 0x00, 0x00,
    0x0e, 0x00, 0x00, 0x00, 0x0e, 0x00, 0x00, 0x00, 0x00, 0x00, 0x00, 0x00,
    0x00, 0x00, 0x00, 0x00, 0x00, 0x00, 0x00, 0x00, 0x00, 0x00, 0x00, 0x00,
    0x00, 0x00, 0x00, 0x00, 0x00, 0x00, 0x00, 0x00, 0x00, 0x00, 0x00, 0x00,
    0x00, 0x00, 0x00, 0x00, 0x00, 0x00, 0x00, 0x00, 0x00, 0x00, 0x00, 0x00,
    0x00, 0x00, 0x00, 0x00, 0x00, 0x00, 0x00, 0x00, 0x00, 0x00, 0x00, 0x00,
    0x00, 0x00, 0x00, 0x00, 0x00, 0x00, 0x00, 0x00, 0x00, 0x00, 0x00, 0x00,
    0x00, 0x00, 0x00, 0x00, 0x00, 0x00, 0x00, 0x00, 0x00, 0x00, 0x00, 0x00,
    0x07, 0xf8, 0x00, 0x00, 0x00, 0x3f, 0xff, 0x00, 0x00, 0x00, 0xff, 0xff,
    0xc0, 0x00, 0x01, 0xfc, 0x0f, 0xe0, 0x00, 0x03, 0xe0, 0x01, 0xf0, 0x00,
    0x07, 0xc0, 0x00, 0xf8, 0x00, 0x0f, 0x80, 0x00, 0x7c, 0x00, 0x0f, 0x00,
    0x00, 0x3c, 0x00, 0x1e, 0x00, 0x00, 0x00, 0x00, 0x1e, 0x00, 0x00, 0x00,
    0x00, 0x1c, 0x00, 0x00, 0x00, 0x00, 0x3c, 0x00, 0x00, 0x00, 0x00, 0x3c,
    0x00, 0x00, 0x00, 0x00, 0x38, 0x00, 0x00, 0x00, 0x00, 0x38, 0x00, 0x7f,
    0xfe, 0x00, 0x38, 0x00, 0x7f, 0xfe, 0x00, 0x38, 0x00, 0x7f, 0xfe, 0x00,
    0x38, 0x00, 0x00, 0x0e, 0x00, 0x3c, 0x00, 0x00, 0x0e, 0x00, 0x3c, 0x00,
    0x00, 0x0e, 0x00, 0x3c, 0x00, 0x00, 0x1e, 0x00, 0x1e, 0x00, 0x00, 0x1e,
    0x00, 0x1e, 0x00, 0x00, 0x3e, 0x00, 0x0f, 0x00, 0x00, 0x3e, 0x00, 0x0f,
    0x80, 0x00, 0x7e, 0x00, 0x07, 0xc0, 0x00, 0xfe, 0x00, 0x03, 0xe0, 0x03,
    0xee, 0x00, 0x01, 0xfc, 0x0f, 0xce, 0x00, 0x00, 0xff, 0xff, 0x8e, 0x00,
    0x00, 0x3f, 0xfe, 0x0e, 0x00, 0x00, 0x07, 0xf0, 0x0e, 0x00, 0x00, 0x00,
    0x00, 0x00, 0x00, 0x00, 0x00, 0x00, 0x00, 0x00, 0x00, 0x00, 0x00, 0x00,
    0x00, 0x00, 0x00, 0x00, 0x00, 0x00, 0x00, 0x00, 0x00, 0x00, 0x00, 0x00,
    0x00, 0x00, 0x00, 0x00, 0x00, 0x00, 0x00, 0x00, 0x00, 0x00, 0x00, 0x00,
    0x00, 0x00, 0x00, 0x00, 0x00, 0x00, 0x00, 0x00, 0x00, 0x00, 0x00, 0x00,
    0x00, 0x00, 0x00, 0x00, 0x00, 0x00, 0x00, 0x00, 0x00, 0x00, 0x00, 0x00,
    0x00, 0x00, 0x00, 0x00, 0x00, 0x00, 0x00, 0x00, 0x00, 0x00, 0x00, 0x00,
    0x00, 0x00, 0x00, 0x00, 0x0e, 0x00, 0x00, 0x70, 0x0e, 0x00, 0x00, 0x70,
    0x0e, 0x00, 0x00, 0x70, 0x0e, 0x00, 0x00, 0x70, 0x0e, 0x00, 0x00, 0x70,
    0x0e, 0x00, 0x00, 0x70, 0x0e, 0x00, 0x00, 0x70, 0x0e, 0x00, 0x00, 0x70,
    0x0e, 0x00, 0x00, 0x70, 0x0e, 0x00, 0x00, 0x70, 0x0e, 0x00, 0x00, 0x70,
    0x0e, 0x00, 0x00, 0x70, 0x0e, 0x00, 0x00, 0x70, 0x0e, 0x00, 0x00, 0x70,
    0x0f, 0xff, 0xff, 0xf0, 0x0f, 0xff, 0xff, 0xf0, 0x0f, 0xff, 0xff, 0xf0,
    0x0e, 0x00, 0x00, 0x70, 0x0e, 0x00, 0x00, 0x70, 0x0e, 0x00, 0x00, 0x70,
    0x0e, 0x00, 0x00, 0x70, 0x0e, 0x00, 0x00, 0x70, 0x0e, 0x00, 0x00, 0x70,
    0x0e, 0x00, 0x00, 0x70, 0x0e, 0x00, 0x00, 0x70, 0x0e, 0x00, 0x00, 0x70,
    0x0e, 0x00, 0x00, 0x70, 0x0e, 0x00, 0x00, 0x70, 0x0e, 0x00, 0x00, 0x70,
    0x0e, 0x00, 0x00, 0x70, 0x0e, 0x00, 0x00, 0x70, 0x00, 0x00, 0x00, 0x00,
    0x00, 0x00, 0x00, 0x00, 0x00, 0x00, 0x00, 0x00, 0x00, 0x00, 0x00, 0x00,
    0x00, 0x00, 0x00, 0x00, 0x00, 0x00, 0x00, 0x00, 0x00, 0x00, 0x00, 0x00,
    0x00, 0x00, 0x00, 0x00, 0x00, 0x00, 0x00, 0x00, 0x00, 0x00, 0x00, 0x00,
    0x00, 0x00, 0x00, 0x00, 0x00, 0x00, 0x00, 0x00, 0x00, 0x00, 0x00, 0x00,
    0x00, 0x00, 0x0e, 0x00, 0x0e, 0x00, 0x0e, 0x00, 0x0e, 0x00, 0x0e, 0x00,
    0x0e, 0x00, 0x0e, 0x00, 0x0e, 0x00, 0x0e, 0x00, 0x0e, 0x00, 0x0e, 0x00,
    0x0e, 0x00, 0x0e, 0x00, 0x0e, 0x00, 0x0e, 0x00, 0x0e, 0x00, 0x0e, 0x00,
    0x0e, 0x00, 0x0e, 0x00, 0x0e, 0x00, 0x0e, 0x00, 0x0e, 0x00, 0x0e, 0x00,
    0x0e, 0x00, 0x0e, 0x00, 0x0e, 0x00, 0x0e, 0x00, 0x0e, 0x00, 0x0e, 0x00,
    0x0e, 0x00, 0x0e, 0x00, 0x00, 0x00, 0x00, 0x00, 0x00, 0x00, 0x00, 0x00,
    0x00, 0x00, 0x00, 0x00, 0x00, 0x00, 0x00, 0x00, 0x00, 0x00, 0x00, 0x00,
    0x00, 0x00, 0x00, 0x00, 0x00, 0x00, 0x00, 0x00, 0x00, 0x00, 0x00, 0x00,
    0x00, 0x00, 0x00, 0x00, 0x00, 0x00, 0x00, 0x00, 0x00, 0x00, 0x00, 0x78,
    0x00, 0x00, 0x78, 0x00, 0x00, 0x78, 0x00, 0x00, 0x78, 0x00, 0x00, 0x78,
    0x00, 0x00, 0x78, 0x00, 0x00, 0x78, 0x00, 0x00, 0x78, 0x00, 0x00, 0x78,
    0x00, 0x00, 0x78, 0x00, 0x00, 0x78, 0x00, 0x00, 0x78, 0x00, 0x00, 0x78,
    0x00, 0x00, 0x78, 0x00, 0x00, 0x78, 0x00, 0x00, 0x78, 0x00, 0x00, 0x78,
    0x00, 0x00, 0x78, 0x00, 0x00, 0x78, 0x00, 0x00, 0x78, 0x00, 0x00, 0x78,
    0x00, 0x00, 0x78, 0x00, 0x00, 0x78, 0x78, 0x00, 0x70, 0x78, 0x00, 0x70,
    0x3c, 0x00, 0xf0, 0x3e, 0x01, 0xe0, 0x1f, 0x87, 0xe0, 0x0f, 0xff, 0xc0,
    0x07, 0xff, 0x80, 0x01, 0xfe, 0x00, 0x00, 0x00, 0x00, 0x00, 0x00, 0x00,
    0x00, 0x00, 0x00, 0x00, 0x00, 0x00, 0x00, 0x00, 0x00, 0x00, 0x00, 0x00,
    0x00, 0x00, 0x00, 0x00, 0x00, 0x00, 0x00, 0x00, 0x00, 0x00, 0x00, 0x00,
    0x00, 0x00, 0x00, 0x00, 0x00, 0x00, 0x00, 0x00, 0x00, 0x00, 0x00, 0x00,
    0x00, 0x00, 0x00, 0x00, 0x00, 0x00, 0x00, 0x00, 0x00, 0x00, 0x00, 0x00,
    0x00, 0x00, 0x00, 0x00, 0x0e, 0x00, 0x00, 0xf0, 0x0e, 0x00, 0x01, 0xe0,
    0x0e, 0x00, 0x03, 0xc0, 0x0e, 0x00, 0x0f, 0x80, 0x0e, 0x00, 0x1f, 0x00,
    0x0e, 0x00, 0x3e, 0x00, 0x0e, 0x00, 0x7c, 0x00, 0x0e, 0x00, 0xf8, 0x00,
    0x0e, 0x01, 0xf0, 0x00, 0x0e, 0x03, 0xe0, 0x00, 0x0e, 0x07, 0xc0, 0x00,
    0x0e, 0x0f, 0x80, 0x00, 0x0e, 0x1f, 0x00, 0x00, 0x0e, 0x3f, 0x80, 0x00,
    0x0e, 0x7f, 0x80, 0x00, 0x0e, 0xfb, 0xc0, 0x00, 0x0f, 0xf1, 0xe0, 0x00,
    0x0f, 0xe1, 0xf0, 0x00, 0x0f, 0xc0, 0xf0, 0x00, 0x0f, 0x80, 0x78, 0x00,
    0x0f, 0x00, 0x3c, 0x00, 0x0e, 0x00, 0x3e, 0x00, 0x0e, 0x00, 0x1e, 0x00,
    0x0e, 0x00, 0x0f, 0x00, 0x0e, 0x00, 0x07, 0x80, 0x0e, 0x00, 0x07, 0xc0,
    0x0e, 0x00, 0x03, 0xc0, 0x0e, 0x00, 0x01, 0xe0, 0x0e, 0x00, 0x00, 0xf0,
    0x0e, 0x00, 0x00, 0xf8, 0x0e, 0x00, 0x00, 0x78, 0x00, 0x00, 0x00, 0x00,
    0x00, 0x00, 0x00, 0x00, 0x00, 0x00, 0x00, 0x00, 0x00, 0x00, 0x00, 0x00,
    0x00, 0x00, 0x00, 0x00, 0x00, 0x00, 0x00, 0x00, 0x00, 0x00, 0x00, 0x00,
    0x00, 0x00, 0x00, 0x00, 0x00, 0x00, 0x00, 0x00, 0x00, 0x00, 0x00, 0x00,
    0x00, 0x00, 0x00, 0x00, 0x00, 0x00, 0x00, 0x00, 0x00, 0x00, 0x00, 0x00,
    0x00, 0x00, 0x00, 0x00, 0x00, 0x00, 0x00, 0x00, 0x00, 0x00, 0x00, 0x00,
    0x00, 0x00, 0x00, 0x00, 0x0e, 0x00, 0x00, 0x00, 0x0e, 0x00, 0x00, 0x00,
    0x0e, 0x00, 0x00, 0x00, 0x0e, 0x00, 0x00, 0x00, 0x0e, 0x00, 0x00, 0x00,
    0x0e, 0x00, 0x00, 0x00, 0x0e, 0x00, 0x00, 0x00, 0x0e, 0x00, 0x00, 0x00,
    0x0e, 0x00, 0x00, 0x00, 0x0e, 0x00, 0x00, 0x00, 0x0e, 0x00, 0x00, 0x00,
    0x0e, 0x00, 0x00, 0x00, 0x0e, 0x00, 0x00, 0x00, 0x0e, 0x00, 0x00, 0x00,
    0x0e, 0x00, 0x00, 0x00, 0x0e, 0x00, 0x00, 0x00, 0x0e, 0x00, 0x00, 0x00,
    0x0e, 0x00, 0x00, 0x00, 0x0e, 0x00, 0x00, 0x00, 0x0e, 0x00, 0x00, 0x00,
    0x0e, 0x00, 0x00, 0x00, 0x0e, 0x00, 0x00, 0x00, 0x0e, 0x00, 0x00, 0x00,
    0x0e, 0x00, 0x00, 0x00, 0x0e, 0x00, 0x00, 0x00, 0x0e, 0x00, 0x00, 0x00,
    0x0e, 0x00, 0x00, 0x00, 0x0e, 0x00, 0x00, 0x00, 0x0f, 0xff, 0xff, 0x00,
    0x0f, 0xff, 0xff, 0x00, 0x0f, 0xff, 0xff, 0x00, 0x00, 0x00, 0x00, 0x00,
    0x00, 0x00, 0x00, 0x00, 0x00, 0x00, 0x00, 0x00, 0x00, 0x00, 0x00, 0x00,
    0x00, 0x00, 0x00, 0x00, 0x00, 0x00, 0x00, 0x00, 0x00, 0x00, 0x00, 0x00,
    0x00, 0x00, 0x00, 0x00, 0x00, 0x00, 0x00, 0x00, 0x00, 0x00, 0x00, 0x00,
    0x00, 0x00, 0x00, 0x00, 0x00, 0x00, 0x00, 0x00, 0x00, 0x00, 0x00, 0x00,
    0x00, 0x00, 0x00, 0x00, 0x00, 0x00, 0x00, 0x00, 0x00, 0x00, 0x00, 0x00,
    0x00, 0x00, 0x00, 0x00, 0x00, 0x00, 0x00, 0x00, 0x00, 0x00, 0x00, 0x0f,
    0x00, 0x00, 0x07, 0x80, 0x0f, 0x80, 0x00, 0x0f, 0x80, 0x0f, 0xc0, 0x00,
    0x0f, 0x80, 0x0f, 0xc0, 0x00, 0x1f, 0x80, 0x0f, 0xe0, 0x00, 0x3f, 0x80,
    0x0f, 0xf0, 0x00, 0x7f, 0x80, 0x0e, 0xf8, 0x00, 0x7b, 0x80, 0x0e, 0x78,
    0x00, 0xf3, 0x80, 0x0e, 0x7c, 0x01, 0xf3, 0x80, 0x0e, 0x3e, 0x03, 0xe3,
    0x80, 0x0e, 0x1e, 0x03, 0xc3, 0x80, 0x0e, 0x0f, 0x07, 0x83, 0x80, 0x0e,
    0x07, 0x8f, 0x83, 0x80, 0x0e, 0x07, 0xcf, 0x03, 0x80, 0x0e, 0x03, 0xfe,
    0x03, 0x80, 0x0e, 0x01, 0xfc, 0x03, 0x80, 0x0e, 0x00, 0xf8, 0x03, 0x80,
    0x0e, 0x00, 0x78, 0x03, 0x80, 0x0e, 0x00, 0x70, 0x03, 0x80, 0x0e, 0x00,
    0x20, 0x03, 0x80, 0x0e, 0x00, 0x00, 0x03, 0x80, 0x0e, 0x00, 0x00, 0x03,
    0x80, 0x0e, 0x00, 0x00, 0x03, 0x80, 0x0e, 0x00, 0x00, 0x03, 0x80, 0x0e,
    0x00, 0x00, 0x03, 0x80, 0x0e, 0x00, 0x00, 0x03, 0x80, 0x0e, 0x00, 0x00,
    0x03, 0x80, 0x0e, 0x00, 0x00, 0x03, 0x80, 0x0e, 0x00, 0x00, 0x03, 0x80,
    0x0e, 0x00, 0x00, 0x03, 0x80, 0x0e, 0x00, 0x00, 0x03, 0x80, 0x00, 0x00,
    0x00, 0x00, 0x00, 0x00, 0x00, 0x00, 0x00, 0x00, 0x00, 0x00, 0x00, 0x00,
    0x00, 0x00, 0x00, 0x00, 0x00, 0x00, 0x00, 0x00, 0x00, 0x00, 0x00, 0x00,
    0x00, 0x00, 0x00, 0x00, 0x00, 0x00, 0x00, 0x00, 0x00, 0x00, 0x00, 0x00,
    0x00, 0x00, 0x00, 0x00, 0x00, 0x00, 0x00, 0x00, 0x00, 0x00, 0x00, 0x00,
    0x00, 0x00, 0x00, 0x00, 0x00, 0x00, 0x00, 0x00, 0x00, 0x00, 0x00, 0x00,
    0x00, 0x00, 0x00, 0x00, 0x00, 0x00, 0x00, 0x00, 0x00, 0x00, 0x00, 0x00,
    0x00, 0x00, 0x00, 0x00, 0x00, 0x00, 0x00, 0x00, 0x00, 0x00, 0x00, 0x0f,
    0x00, 0x00, 0x1c, 0x00, 0x0f, 0x80, 0x00, 0x1c, 0x00, 0x0f, 0xc0, 0x00,
    0x1c, 0x00, 0x0f, 0xc0, 0x00, 0x1c, 0x00, 0x0f, 0xe0, 0x00, 0x1c, 0x00,
    0x0f, 0xf0, 0x00, 0x1c, 0x00, 0x0e, 0xf0, 0x00, 0x1c, 0x00, 0x0e, 0x78,
    0x00, 0x1c, 0x00, 0x0e, 0x3c, 0x00, 0x1c, 0x00, 0x0e, 0x3e, 0x00, 0x1c,
    0x00, 0x0e, 0x1e, 0x00, 0x1c, 0x00, 0x0e, 0x0f, 0x00, 0x1c, 0x00, 0x0e,
    0x07, 0x80, 0x1c, 0x00, 0x0e, 0x07, 0x80, 0x1c, 0x00, 0x0e, 0x03, 0xc0,
    0x1c, 0x00, 0x0e, 0x01, 0xe0, 0x1c, 0x00, 0x0e, 0x01, 0xf0, 0x1c, 0x00,
    0x0e, 0x00, 0xf0, 0x1c, 0x00, 0x0e, 0x00, 0x78, 0x1c, 0x00, 0x0e, 0x00,
    0x3c, 0x1c, 0x00, 0x0e, 0x00, 0x3c, 0x1c, 0x00, 0x0e, 0x00, 0x1e, 0x1c,
    0x00, 0x0e, 0x00, 0x0f, 0x1c, 0x00, 0x0e, 0x00, 0x07, 0x9c, 0x00, 0x0e,
    0x00, 0x07, 0x9c, 0x00, 0x0e, 0x00, 0x03, 0xfc, 0x00, 0x0e, 0x00, 0x01,
    0xfc, 0x00, 0x0e, 0x00, 0x01, 0xfc, 0x00, 0x0e, 0x00, 0x00, 0xfc, 0x00,
    0x0e, 0x00, 0x00, 0x7c, 0x00, 0x0e, 0x00, 0x00, 0x3c, 0x00, 0x00, 0x00,
    0x00, 0x00, 0x00, 0x00, 0x00, 0x00, 0x00, 0x00, 0x00, 0x00, 0x00, 0x00,
    0x00, 0x00, 0x00, 0x00, 0x00, 0x00, 0x00, 0x00, 0x00, 0x00, 0x00, 0x00,
    0x00, 0x00, 0x00, 0x00, 0x00, 0x00, 0x00, 0x00, 0x00, 0x00, 0x00, 0x00,
    0x00, 0x00, 0x00, 0x00, 0x00, 0x00, 0x00, 0x00, 0x00, 0x00, 0x00, 0x00,
    0x00, 0x00, 0x00, 0x00, 0x00, 0x00, 0x00, 0x00, 0x00, 0x00, 0x00, 0x00,
    0x00, 0x00, 0x00, 0x00, 0x00, 0x00, 0x00, 0x00, 0x00, 0x00, 0x00, 0x00,
    0x00, 0x00, 0x00, 0x00, 0x00, 0x00, 0x00, 0x00, 0x00, 0x00, 0x00, 0x00,
    0x07, 0xf8, 0x00, 0x00, 0x00, 0x3f, 0xff, 0x00, 0x00, 0x00, 0x7f, 0xff,
    0xc0, 0x00, 0x01, 0xfc, 0x0f, 0xe0, 0x00, 0x03, 0xf0, 0x01, 0xf0, 0x00,
    0x07, 0xc0, 0x00, 0x78, 0x00, 0x07, 0x80, 0x00, 0x3c, 0x00, 0x0f, 0x00,
    0x00, 0x1e, 0x00, 0x1e, 0x00, 0x00, 0x1e, 0x00, 0x1e, 0x00, 0x00, 0x0f,
    0x00, 0x1c, 0x00, 0x00, 0x0f, 0x00, 0x3c, 0x00, 0x00, 0x07, 0x00, 0x3c,
    0x00, 0x00, 0x07, 0x00, 0x38, 0x00, 0x00, 0x07, 0x80, 0x38, 0x00, 0x00,
    0x07, 0x80, 0x38, 0x00, 0x00, 0x07, 0x80, 0x38, 0x00, 0x00, 0x07, 0x80,
    0x38, 0x00, 0x00, 0x07, 0x80, 0x3c, 0x00, 0x00, 0x07, 0x00, 0x3c, 0x00,
    0x00, 0x07, 0x00, 0x1c, 0x00, 0x00, 0x0f, 0x00, 0x1e, 0x00, 0x00, 0x0f,
    0x00, 0x1e, 0x00, 0x00, 0x1e, 0x00, 0x0f, 0x00, 0x00, 0x1e, 0x00, 0x0f,
    0x80, 0x00, 0x3c, 0x00, 0x07, 0xc0, 0x00, 0x78, 0x00, 0x03, 0xf0, 0x01,
    0xf0, 0x00, 0x01, 0xfc, 0x0f, 0xe0, 0x00, 0x00, 0x7f, 0xff, 0xc0, 0x00,
    0x00, 0x3f, 0xff, 0x00, 0x00, 0x00, 0x07, 0xf8, 0x00, 0x00, 0x00, 0x00,
    0x00, 0x00, 0x00, 0x00, 0x00, 0x00, 0x00, 0x00, 0x00, 0x00, 0x00, 0x00,
    0x00, 0x00, 0x00, 0x00, 0x00, 0x00, 0x00, 0x00, 0x00, 0x00, 0x00, 0x00,
    0x00, 0x00, 0x00, 0x00, 0x00, 0x00, 0x00, 0x00, 0x00, 0x00, 0x00, 0x00,
    0x00, 0x00, 0x00, 0x00, 0x00, 0x00, 0x00, 0x00, 0x00, 0x00, 0x00, 0x00,
    0x00, 0x00, 0x00, 0x00, 0x00, 0x00, 0x00, 0x00, 0x00, 0x00, 0x00, 0x00,
    0x00, 0x00, 0x00, 0x00, 0x00, 0x00, 0x00, 0x00, 0x00, 0x00, 0x00, 0x00,
    0x00, 0x00, 0x00, 0x00, 0x0f, 0xff, 0xf8, 0x00, 0x0f, 0xff, 0xfe, 0x00,
    0x0f, 0xff, 0xff, 0x80, 0x0e, 0x00, 0x0f, 0xc0, 0x0e, 0x00, 0x03, 0xe0,
    0x0e, 0x00, 0x01, 0xe0, 0x0e, 0x00, 0x00, 0xe0, 0x0e, 0x00, 0x00, 0xf0,
    0x0e, 0x00, 0x00, 0xf0, 0x0e, 0x00, 0x00, 0xf0, 0x0e, 0x00, 0x00, 0xf0,
    0x0e, 0x00, 0x00, 0xf0, 0x0e, 0x00, 0x00, 0xf0, 0x0e, 0x00, 0x00, 0xe0,
    0x0e, 0x00, 0x01, 0xe0, 0x0e, 0x00, 0x03, 0xe0, 0x0e, 0x00, 0x0f, 0xc0,
    0x0f, 0xff, 0xff, 0x80, 0x0f, 0xff, 0xfe, 0x00, 0x0f, 0xff, 0xf8, 0x00,
    0x0e, 0x00, 0x00, 0x00, 0x0e, 0x00, 0x00, 0x00, 0x0e, 0x00, 0x00, 0x00,
    0x0e, 0x00, 0x00, 0x00, 0x0e, 0x00, 0x00, 0x00, 0x0e, 0x00, 0x00, 0x00,
    0x0e, 0x00, 0x00, 0x00, 0x0e, 0x00, 0x00, 0x00, 0x0e, 0x00, 0x00, 0x00,
    0x0e, 0x00, 0x00, 0x00, 0x0e, 0x00, 0x00, 0x00, 0x00, 0x00, 0x00, 0x00,
    0x00, 0x00, 0x00, 0x00, 0x00, 0x00, 0x00, 0x00, 0x00, 0x00, 0x00, 0x00,
    0x00, 0x00, 0x00, 0x00, 0x00, 0x00, 0x00, 0x00, 0x00, 0x00, 0x00, 0x00,
    0x00, 0x00, 0x00, 0x00, 0x00, 0x00, 0x00, 0x00, 0x00, 0x00, 0x00, 0x00,
    0x00, 0x00, 0x00, 0x00, 0x00, 0x00, 0x00, 0x00, 0x00, 0x00, 0x00, 0x00,
    0x00, 0x00, 0x00, 0x00, 0x00, 0x00, 0x00, 0x00, 0x00, 0x00, 0x00, 0x00,
    0x00, 0x00, 0x00, 0x00, 0x00, 0x00, 0x00, 0x00, 0x00, 0x00, 0x00, 0x00,
    0x07, 0xf8, 0x00, 0x00, 0x00, 0x3f, 0xff, 0x00, 0x00, 0x00, 0x7f, 0xff,
    0xc0, 0x00, 0x01, 0xfc, 0x0f, 0xe0, 0x00, 0x03, 0xf0, 0x01, 0xf0, 0x00,
    0x07, 0xc0, 0x00, 0x78, 0x00, 0x07, 0x80, 0x00, 0x3c, 0x00, 0x0f, 0x00,
    0x00, 0x1e, 0x00, 0x1e, 0x00, 0x00, 0x1e, 0x00, 0x1e, 0x00, 0x00, 0x0f,
    0x00, 0x1c, 0x00, 0x00, 0x0f, 0x00, 0x3c, 0x00, 0x00, 0x07, 0x00, 0x3c,
    0x00, 0x00, 0x07, 0x00, 0x38, 0x00, 0x00, 0x07, 0x80, 0x38, 0x00, 0x00,
    0x07, 0x80, 0x38, 0x00, 0x00, 0x07, 0x80, 0x38, 0x00, 0x00, 0x07, 0x80,
    0x38, 0x00, 0x00, 0x07, 0x80, 0x3c, 0x00, 0x00, 0x07, 0x00, 0x3c, 0x00,
    0x00, 0x07, 0x00, 0x1c, 0x00, 0x00, 0x0f, 0x00, 0x1e, 0x00, 0x00, 0x0f,
    0x00, 0x1e, 0x00, 0x00, 0x1e, 0x00, 0x0f, 0x00, 0x00, 0x1e, 0x00, 0x0f,
    0x80, 0x00, 0x3c, 0x00, 0x07, 0xc0, 0x00, 0x78, 0x00, 0x03, 0xf0, 0x01,
    0xf0, 0x00, 0x01, 0xfc, 0x0f, 0xe0, 0x00, 0x00, 0xff, 0xff, 0xc0, 0x00,
    0x00, 0x3f, 0xff, 0x00, 0x00, 0x00, 0x07, 0xfc, 0x00, 0x00, 0x00, 0x00,
    0x78, 0x00, 0x00, 0x00, 0x00, 0x78, 0x00, 0x00, 0x00, 0x00, 0x3e, 0x00,
    0x80, 0x00, 0x00, 0x1f, 0x03, 0xc0, 0x00, 0x00, 0x0f, 0xff, 0xe0, 0x00,
    0x00, 0x03, 0xff, 0x80, 0x00, 0x00, 0x00, 0xfe, 0x00, 0x00, 0x00, 0x00,
    0x00, 0x00, 0x00, 0x00, 0x00, 0x00, 0x00, 0x00, 0x00, 0x00, 0x00, 0x00,
    0x00, 0x00, 0x00, 0x00, 0x00, 0x00, 0x00, 0x00, 0x00, 0x00, 0x00, 0x00,
    0x00, 0x00, 0x00, 0x00, 0x00, 0x00, 0x00, 0x00, 0x00, 0x00, 0x00, 0x00,
    0x00, 0x00, 0x00, 0x00, 0x0f, 0xff, 0xfc, 0x00, 0x0f, 0xff, 0xff, 0x00,
    0x0f, 0xff, 0xff, 0xc0, 0x0e, 0x00, 0x0f, 0xe0, 0x0e, 0x00, 0x01, 0xe0,
    0x0e, 0x00, 0x00, 0xf0, 0x0e, 0x00, 0x00, 0xf0, 0x0e, 0x00, 0x00, 0x70,
    0x0e, 0x00, 0x00, 0x70, 0x0e, 0x00, 0x00, 0x78, 0x0e, 0x00, 0x00, 0x78,
    0x0e, 0x00, 0x00, 0x70, 0x0e, 0x00, 0x00, 0x70, 0x0e, 0x00, 0x00, 0xf0,
    0x0e, 0x00, 0x01, 0xe0, 0x0e, 0x00, 0x0f, 0xe0, 0x0f, 0xff, 0xff, 0x80,
    0x0f, 0xff, 0xff, 0x00, 0x0f, 0xff, 0xfc, 0x00, 0x0e, 0x00, 0x3c, 0x00,
    0x0e, 0x00, 0x1e, 0x00, 0x0e, 0x00, 0x1e, 0x00, 0x0e, 0x00, 0x0f, 0x00,
    0x0e, 0x00, 0x07, 0x00, 0x0e, 0x00, 0x07, 0x80, 0x0e, 0x00, 0x03, 0xc0,
    0x0e, 0x00, 0x03, 0xc0, 0x0e, 0x00, 0x01, 0xe0, 0x0e, 0x00, 0x00, 0xf0,
    0x0e, 0x00, 0x00, 0xf0, 0x0e, 0x00, 0x00, 0x78, 0x00, 0x00, 0x00, 0x00,
    0x00, 0x00, 0x00, 0x00, 0x00, 0x00, 0x00, 0x00, 0x00, 0x00, 0x00, 0x00,
    0x00, 0x00, 0x00, 0x00, 0x00, 0x00, 0x00, 0x00, 0x00, 0x00, 0x00, 0x00,
    0x00, 0x00, 0x00, 0x00, 0x00, 0x00, 0x00, 0x00, 0x00, 0x00, 0x00, 0x00,
    0x00, 0x00, 0x00, 0x00, 0x00, 0x00, 0x00, 0x00, 0x00, 0x00, 0x00, 0x00,
    0x00, 0x00, 0x00, 0x00, 0x00, 0x00, 0x00, 0x00, 0x00, 0x00, 0x00, 0x00,
    0x00, 0x00, 0x00, 0x00, 0x00, 0x7f, 0xc0, 0x00, 0x01, 0xff, 0xf8, 0x00,
    0x07, 0xff, 0xfe, 0x00, 0x0f, 0xe0, 0x7f, 0x00, 0x1f, 0x00, 0x0f, 0x00,
    0x1e, 0x00, 0x07, 0x80, 0x1c, 0x00, 0x03, 0x80, 0x3c, 0x00, 0x03, 0xc0,
    0x3c, 0x00, 0x01, 0xc0, 0x3c, 0x00, 0x00, 0x00, 0x1e, 0x00, 0x00, 0x00,
    0x1f, 0x00, 0x00, 0x00, 0x0f, 0xc0, 0x00, 0x00, 0x07, 0xfc, 0x00, 0x00,
    0x01, 0xff, 0xc0, 0x00, 0x00, 0x7f, 0xf8, 0x00, 0x00, 0x07, 0xfe, 0x00,
    0x00, 0x00, 0x7f, 0x80, 0x00, 0x00, 0x0f, 0x80, 0x00, 0x00, 0x03, 0xc0,
    0x00, 0x00, 0x01, 0xc0, 0x00, 0x00, 0x01, 0xe0, 0x38, 0x00, 0x01, 0xe0,
    0x38, 0x00, 0x01, 0xe0, 0x3c, 0x00, 0x01, 0xc0, 0x1e, 0x00, 0x03, 0xc0,
    0x1f, 0x00, 0x07, 0xc0, 0x0f, 0xf0, 0x3f, 0x80, 0x07, 0xff, 0xff, 0x00,
    0x01, 0xff, 0xfc, 0x00, 0x00, 0x3f, 0xe0, 0x00, 0x00, 0x00, 0x00, 0x00,
    0x00, 0x00, 0x00, 0x00, 0x00, 0x00, 0x00, 0x00, 0x00, 0x00, 0x00, 0x00,
    0x00, 0x00, 0x00, 0x00, 0x00, 0x00, 0x00, 0x00, 0x00, 0x00, 0x00, 0x00,
    0x00, 0x00, 0x00, 0x00, 0x00, 0x00, 0x00, 0x00, 0x00, 0x00, 0x00, 0x00,
    0x00, 0x00, 0x00, 0x00, 0x00, 0x00, 0x00, 0x00, 0x00, 0x00, 0x00, 0x00,
    0x00, 0x00, 0x00, 0x00, 0x00, 0x00, 0x00, 0x00, 0x00, 0x00, 0x00, 0x00,
    0x00, 0x00, 0x00, 0x00, 0x7f, 0xff, 0xff, 0x80, 0x7f, 0xff, 0xff, 0x80,
    0x7f, 0xff, 0xff, 0x80, 0x00, 0x1e, 0x00, 0x00, 0x00, 0x1e, 0x00, 0x00,
    0x00, 0x1e, 0x00, 0x00, 0x00, 0x1e, 0x00, 0x00, 0x00, 0x1e, 0x00, 0x00,
    0x00, 0x1e, 0x00, 0x00, 0x00, 0x1e, 0x00, 0x00, 0x00, 0x1e, 0x00, 0x00,
    0x00, 0x1e, 0x00, 0x00, 0x00, 0x1e, 0x00, 0x00, 0x00, 0x1e, 0x00, 0x00,
    0x00, 0x1e, 0x00, 0x00, 0x00, 0x1e, 0x00, 0x00, 0x00, 0x1e, 0x00, 0x00,
    0x00, 0x1e, 0x00, 0x00, 0x00, 0x1e, 0x00, 0x00, 0x00, 0x1e, 0x00, 0x00,
    0x00, 0x1e, 0x00, 0x00, 0x00, 0x1e, 0x00, 0x00, 0x00, 0x1e, 0x00, 0x00,
    0x00, 0x1e, 0x00, 0x00, 0x00, 0x1e, 0x00, 0x00, 0x00, 0x1e, 0x00, 0x00,
    0x00, 0x1e, 0x00, 0x00, 0x00, 0x1e, 0x00, 0x00, 0x00, 0x1e, 0x00, 0x00,
    0x00, 0x1e, 0x00, 0x00, 0x00, 0x1e, 0x00, 0x00, 0x00, 0x00, 0x00, 0x00,
    0x00, 0x00, 0x00, 0x00, 0x00, 0x00, 0x00, 0x00, 0x00, 0x00, 0x00, 0x00,
    0x00, 0x00, 0x00, 0x00, 0x00, 0x00, 0x00, 0x00, 0x00, 0x00, 0x00, 0x00,
    0x00, 0x00, 0x00, 0x00, 0x00, 0x00, 0x00, 0x00, 0x00, 0x00, 0x00, 0x00,
    0x00, 0x00, 0x00, 0x00, 0x00, 0x00, 0x00, 0x00, 0x00, 0x00, 0x00, 0x00,
    0x00, 0x00, 0x00, 0x00, 0x00, 0x00, 0x00, 0x00, 0x00, 0x00, 0x00, 0x00,
    0x00, 0x00, 0x00, 0x00, 0x00, 0x00, 0x00, 0x00, 0x00, 0x00, 0x00, 0x1e,
    0x00, 0x00, 0x38, 0x00, 0x1e, 0x00, 0x00, 0x38, 0x00, 0x1e, 0x00, 0x00,
    0x38, 0x00, 0x1e, 0x00, 0x00, 0x38, 0x00, 0x1e, 0x00, 0x00, 0x38, 0x00,
    0x1e, 0x00, 0x00, 0x38, 0x00, 0x1e, 0x00, 0x00, 0x38, 0x00, 0x1e, 0x00,
    0x00, 0x38, 0x00, 0x1e, 0x00, 0x00, 0x38, 0x00, 0x1e, 0x00, 0x00, 0x38,
    0x00, 0x1e, 0x00, 0x00, 0x38, 0x00, 0x1e, 0x00, 0x00, 0x38, 0x00, 0x1e,
    0x00, 0x00, 0x38, 0x00, 0x1e, 0x00, 0x00, 0x38, 0x00, 0x1e, 0x00, 0x00,
    0x38, 0x00, 0x1e, 0x00, 0x00, 0x38, 0x00, 0x1e, 0x00, 0x00, 0x38, 0x00,
    0x1e, 0x00, 0x00, 0x38, 0x00, 0x1e, 0x00, 0x00, 0x38, 0x00, 0x1e, 0x00,
    0x00, 0x38, 0x00, 0x0e, 0x00, 0x00, 0x38, 0x00, 0x0e, 0x00, 0x00, 0x78,
    0x00, 0x0f, 0x00, 0x00, 0x70, 0x00, 0x07, 0x00, 0x00, 0xf0, 0x00, 0x07,
    0x80, 0x00, 0xf0, 0x00, 0x03, 0xc0, 0x01, 0xe0, 0x00, 0x03, 0xe0, 0x07,
    0xc0, 0x00, 0x01, 0xfc, 0x1f, 0x80, 0x00, 0x00, 0xff, 0xff, 0x00, 0x00,
    0x00, 0x3f, 0xfe, 0x00, 0x00, 0x00, 0x07, 0xf0, 0x00, 0x00, 0x00, 0x00,
    0x00, 0x00, 0x00, 0x00, 0x00, 0x00, 0x00, 0x00, 0x00, 0x00, 0x00, 0x00,
    0x00, 0x00, 0x00, 0x00, 0x00, 0x00, 0x00, 0x00, 0x00, 0x00, 0x00, 0x00,
    0x00, 0x00, 0x00, 0x00, 0x00, 0x00, 0x00, 0x00, 0x00, 0x00, 0x00, 0x00,
    0x00, 0x00, 0x00, 0x00, 0x00, 0x00, 0x00, 0x00, 0x00, 0x00, 0x00, 0x00,
    0x00, 0x00, 0x00, 0x00, 0x00, 0x00, 0x00, 0x00, 0x00, 0x00, 0x00, 0x00,
    0x00, 0x00, 0x00, 0x00, 0x00, 0x00, 0x00, 0x00, 0x00, 0x00, 0x00, 0x00,
    0x00, 0x00, 0x00, 0x00, 0xf0, 0x00, 0x00, 0x78, 0x70, 0x00, 0x00, 0xf0,
    0x78, 0x00, 0x00, 0xf0, 0x38, 0x00, 0x00, 0xe0, 0x3c, 0x00, 0x01, 0xe0,
    0x3c, 0x00, 0x01, 0xe0, 0x1c, 0x00, 0x03, 0xc0, 0x1e, 0x00, 0x03, 0xc0,
    0x0e, 0x00, 0x03, 0x80, 0x0f, 0x00, 0x07, 0x80, 0x0f, 0x00, 0x07, 0x80,
    0x07, 0x00, 0x0f, 0x00, 0x07, 0x80, 0x0f, 0x00, 0x03, 0x80, 0x0e, 0x00,
    0x03, 0xc0, 0x1e, 0x00, 0x03, 0xc0, 0x1e, 0x00, 0x01, 0xc0, 0x1c, 0x00,
    0x01, 0xe0, 0x3c, 0x00, 0x01, 0xe0, 0x38, 0x00, 0x00, 0xe0, 0x78, 0x00,
    0x00, 0xf0, 0x78, 0x00, 0x00, 0x70, 0x70, 0x00, 0x00, 0x78, 0xf0, 0x00,
    0x00, 0x78, 0xe0, 0x00, 0x00, 0x39, 0xe0, 0x00, 0x00, 0x3d, 0xe0, 0x00,
    0x00, 0x1f, 0xc0, 0x00, 0x00, 0x1f, 0xc0, 0x00, 0x00, 0x1f, 0x80, 0x00,
    0x00, 0x0f, 0x80, 0x00, 0x00, 0x0f, 0x80, 0x00, 0x00, 0x00, 0x00, 0x00,
    0x00, 0x00, 0x00, 0x00, 0x00, 0x00, 0x00, 0x00, 0x00, 0x00, 0x00, 0x00,
    0x00, 0x00, 0x00, 0x00, 0x00, 0x00, 0x00, 0x00, 0x00, 0x00, 0x00, 0x00,
    0x00, 0x00, 0x00, 0x00, 0x00, 0x00, 0x00, 0x00, 0x00, 0x00, 0x00, 0x00,
    0x00, 0x00, 0x00, 0x00, 0x00, 0x00, 0x00, 0x00, 0x00, 0x00, 0x00, 0x00,
    0x00, 0x00, 0x00, 0x00, 0x00, 0x00, 0x00, 0x00, 0x00, 0x00, 0x00, 0x00,
    0x00, 0x00, 0x00, 0x00, 0x00, 0x00, 0x00, 0x00, 0x00, 0x00, 0x00, 0x00,
    0x00, 0x00, 0x00, 0x00, 0x00, 0x00, 0x70, 0x00, 0x0f, 0x00, 0x00, 0xf0,
    0x70, 0x00, 0x0f, 0x00, 0x00, 0xe0, 0x78, 0x00, 0x1f, 0x80, 0x01, 0xe0,
    0x78, 0x00, 0x1f, 0x80, 0x01, 0xe0, 0x38, 0x00, 0x1f, 0x80, 0x01, 0xc0,
    0x3c, 0x00, 0x3f, 0xc0, 0x03, 0xc0, 0x3c, 0x00, 0x3f, 0xc0, 0x03, 0xc0,
    0x1c, 0x00, 0x39, 0xc0, 0x03, 0x80, 0x1e, 0x00, 0x79, 0xe0, 0x07, 0x80,
    0x1e, 0x00, 0x79, 0xe0, 0x07, 0x80, 0x0e, 0x00, 0x70, 0xe0, 0x07, 0x00,
    0x0e, 0x00, 0xf0, 0xf0, 0x07, 0x00, 0x0f, 0x00, 0xf0, 0xf0, 0x0f, 0x00,
    0x07, 0x00, 0xe0, 0x70, 0x0f, 0x00, 0x07, 0x00, 0xe0, 0x78, 0x0e, 0x00,
    0x07, 0x81, 0xe0, 0x78, 0x1e, 0x00, 0x07, 0x81, 0xc0, 0x38, 0x1e, 0x00,
    0x03, 0x81, 0xc0, 0x3c, 0x1c, 0x00, 0x03, 0xc3, 0xc0, 0x3c, 0x3c, 0x00,
    0x03, 0xc3, 0x80, 0x1c, 0x3c, 0x00, 0x01, 0xc3, 0x80, 0x1c, 0x38, 0x00,
    0x01, 0xc7, 0x80, 0x1e, 0x38, 0x00, 0x01, 0xe7, 0x80, 0x0e, 0x78, 0x00,
    0x00, 0xe7, 0x00, 0x0e, 0x70, 0x00, 0x00, 0xef, 0x00, 0x0f, 0x70, 0x00,
    0x00, 0xff, 0x00, 0x07, 0xf0, 0x00, 0x00, 0x7e, 0x00, 0x07, 0xf0, 0x00,
    0x00, 0x7e, 0x00, 0x07, 0xe0, 0x00, 0x00, 0x7e, 0x00, 0x07, 0xe0, 0x00,
    0x00, 0x7c, 0x00, 0x03, 0xe0, 0x00, 0x00, 0x3c, 0x00, 0x03, 0xc0, 0x00,
    0x00, 0x00, 0x00, 0x00, 0x00, 0x00, 0x00, 0x00, 0x00, 0x00, 0x00, 0x00,
    0x00, 0x00, 0x00, 0x00, 0x00, 0x00, 0x00, 0x00, 0x00, 0x00, 0x00, 0x00,
    0x00, 0x00, 0x00, 0x00, 0x00, 0x00, 0x00, 0x00, 0x00, 0x00, 0x00, 0x00,
    0x00, 0x00, 0x00, 0x00, 0x00, 0x00, 0x00, 0x00, 0x00, 0x00, 0x00, 0x00,
    0x00, 0x00, 0x00, 0x00, 0x00, 0x00, 0x00, 0x00, 0x00, 0x00, 0x00, 0x00,
    0x00, 0x00, 0x00, 0x00, 0x00, 0x00, 0x00, 0x00, 0x00, 0x00, 0x00, 0x00,
    0x00, 0x00, 0x00, 0x00, 0x00, 0x00, 0x00, 0x00, 0x00, 0x00, 0x00, 0x00,
    0x00, 0x00, 0x00, 0x00, 0x78, 0x00, 0x01, 0xe0, 0x3c, 0x00, 0x03, 0xc0,
    0x1e, 0x00, 0x07, 0xc0, 0x1f, 0x00, 0x07, 0x80, 0x0f, 0x00, 0x0f, 0x00,
    0x07, 0x80, 0x1e, 0x00, 0x03, 0xc0, 0x3e, 0x00, 0x03, 0xe0, 0x3c, 0x00,
    0x01, 0xe0, 0x78, 0x00, 0x00, 0xf0, 0xf0, 0x00, 0x00, 0x79, 0xf0, 0x00,
    0x00, 0x79, 0xe0, 0x00, 0x00, 0x3f, 0xc0, 0x00, 0x00, 0x1f, 0x80, 0x00,
    0x00, 0x0f, 0x80, 0x00, 0x00, 0x0f, 0x00, 0x00, 0x00, 0x1f, 0x80, 0x00,
    0x00, 0x3f, 0xc0, 0x00, 0x00, 0x7d, 0xe0, 0x00, 0x00, 0x79, 0xf0, 0x00,
    0x00, 0xf0, 0xf0, 0x00, 0x01, 0xe0, 0x78, 0x00, 0x03, 0xe0, 0x3c, 0x00,
    0x03, 0xc0, 0x3e, 0x00, 0x07, 0x80, 0x1e, 0x00, 0x0f, 0x00, 0x0f, 0x00,
    0x1f, 0x00, 0x07, 0x80, 0x1e, 0x00, 0x07, 0xc0, 0x3c, 0x00, 0x03, 0xc0,
    0x78, 0x00, 0x01, 0xe0, 0xf8, 0x00, 0x00, 0xf0, 0x00, 0x00, 0x00, 0x00,
    0x00, 0x00, 0x00, 0x00, 0x00, 0x00, 0x00, 0x00, 0x00, 0x00, 0x00, 0x00,
    0x00, 0x00, 0x00, 0x00, 0x00, 0x00, 0x00, 0x00, 0x00, 0x00, 0x00, 0x00,
    0x00, 0x00, 0x00, 0x00, 0x00, 0x00, 0x00, 0x00, 0x00, 0x00, 0x00, 0x00,
    0x00, 0x00, 0x00, 0x00, 0x00, 0x00, 0x00, 0x00, 0x00, 0x00, 0x00, 0x00,
    0x00, 0x00, 0x00, 0x00, 0x00, 0x00, 0x00, 0x00, 0x00, 0x00, 0x00, 0x00,
    0x00, 0x00, 0x00, 0x00, 0xf8, 0x00, 0x00, 0x78, 0x78, 0x00, 0x00, 0xf0,
    0x3c, 0x00, 0x01, 0xe0, 0x1e, 0x00, 0x01, 0xe0, 0x1e, 0x00, 0x03, 0xc0,
    0x0f, 0x00, 0x07, 0x80, 0x07, 0x80, 0x07, 0x80, 0x07, 0x80, 0x0f, 0x00,
    0x03, 0xc0, 0x1e, 0x00, 0x01, 0xe0, 0x3e, 0x00, 0x01, 0xe0, 0x3c, 0x00,
    0x00, 0xf0, 0x78, 0x00, 0x00, 0x78, 0xf8, 0x00, 0x00, 0x78, 0xf0, 0x00,
    0x00, 0x3d, 0xe0, 0x00, 0x00, 0x1f, 0xe0, 0x00, 0x00, 0x1f, 0xc0, 0x00,
    0x00, 0x0f, 0x80, 0x00, 0x00, 0x07, 0x80, 0x00, 0x00, 0x07, 0x00, 0x00,
    0x00, 0x07, 0x00, 0x00, 0x00, 0x07, 0x00, 0x00, 0x00, 0x07, 0x00, 0x00,
    0x00, 0x07, 0x00, 0x00, 0x00, 0x07, 0x00, 0x00, 0x00, 0x07, 0x00, 0x00,
    0x00, 0x07, 0x00, 0x00, 0x00, 0x07, 0x00, 0x00, 0x00, 0x07, 0x00, 0x00,
    0x00, 0x07, 0x00, 0x00, 0x00, 0x07, 0x00, 0x00, 0x00, 0x00, 0x00, 0x00,
    0x00, 0x00, 0x00, 0x00, 0x00, 0x00, 0x00, 0x00, 0x00, 0x00, 0x00, 0x00,
    0x00, 0x00, 0x00, 0x00, 0x00, 0x00, 0x00, 0x00, 0x00, 0x00, 0x00, 0x00,
    0x00, 0x00, 0x00, 0x00, 0x00, 0x00, 0x00, 0x00, 0x00, 0x00, 0x00, 0x00,
    0x00, 0x00, 0x00, 0x00, 0x00, 0x00, 0x00, 0x00, 0x00, 0x00, 0x00, 0x00,
    0x00, 0x00, 0x00, 0x00, 0x00, 0x00, 0x00, 0x00, 0x00, 0x00, 0x00, 0x00,
    0x00, 0x00, 0x00, 0x00, 0x3f, 0xff, 0xff, 0x80, 0x3f, 0xff, 0xff, 0x80,
    0x3f, 0xff, 0xff, 0x80, 0x00, 0x00, 0x07, 0x80, 0x00, 0x00, 0x0f, 0x80,
    0x00, 0x00, 0x1f, 0x00, 0x00, 0x00, 0x1e, 0x00, 0x00, 0x00, 0x3c, 0x00,
    0x00, 0x00, 0x78, 0x00, 0x00, 0x00, 0xf8, 0x00, 0x00, 0x01, 0xf0, 0x00,
    0x00, 0x03, 0xe0, 0x00, 0x00, 0x03, 0xc0, 0x00, 0x00, 0x07, 0x80, 0x00,
    0x00, 0x0f, 0x00, 0x00, 0x00, 0x1f, 0x00, 0x00, 0x00, 0x3e, 0x00, 0x00,
    0x00, 0x3c, 0x00, 0x00, 0x00, 0x78, 0x00, 0x00, 0x00, 0xf0, 0x00, 0x00,
    0x01, 0xf0, 0x00, 0x00, 0x03, 0xe0, 0x00, 0x00, 0x03, 0xc0, 0x00, 0x00,
    0x07, 0x80, 0x00, 0x00, 0x0f, 0x00, 0x00, 0x00, 0x1e, 0x00, 0x00, 0x00,
    0x3e, 0x00, 0x00, 0x00, 0x3c, 0x00, 0x00, 0x00, 0x7f, 0xff, 0xff, 0x80,
    0x7f, 0xff, 0xff, 0x80, 0x7f, 0xff, 0xff, 0x80, 0x00, 0x00, 0x00, 0x00,
    0x00, 0x00, 0x00, 0x00, 0x00, 0x00, 0x00, 0x00, 0x00, 0x00, 0x00, 0x00,
    0x00, 0x00, 0x00, 0x00, 0x00, 0x00, 0x00, 0x00, 0x00, 0x00, 0x00, 0x00,
    0x00, 0x00, 0x00, 0x00, 0x00, 0x00, 0x00, 0x00, 0x00, 0x00, 0x00, 0x00,
    0x00, 0x00, 0x00, 0x00, 0x00, 0x00, 0x00, 0x00, 0x00, 0x00, 0x00, 0x00,
    0x1f, 0xf0, 0x1f, 0xf0, 0x1f, 0xf0, 0x1c, 0x00, 0x1c, 0x00, 0x1c, 0x00,
    0x1c, 0x00, 0x1c, 0x00, 0x1c, 0x00, 0x1c, 0x00, 0x1c, 0x00, 0x1c, 0x00,
    0x1c, 0x00, 0x1c, 0x00, 0x1c, 0x00, 0x1c, 0x00, 0x1c, 0x00, 0x1c, 0x00,
    0x1c, 0x00, 0x1c, 0x00, 0x1c, 0x00, 0x1c, 0x00, 0x1c, 0x00, 0x1c, 0x00,
    0x1c, 0x00, 0x1c, 0x00, 0x1c, 0x00, 0x1c, 0x00, 0x1c, 0x00, 0x1c, 0x00,
    0x1c, 0x00, 0x1c, 0x00, 0x1c, 0x00, 0x1c, 0x00, 0x1c, 0x00, 0x1f, 0xf0,
    0x1f, 0xf0, 0x1f, 0xf0, 0x00, 0x00, 0x00, 0x00, 0x00, 0x00, 0x00, 0x00,
    0x00, 0x00, 0x00, 0x00, 0x00, 0x00, 0x00, 0x00, 0x00, 0x00, 0x00, 0x00,
    0x00, 0x00, 0x00, 0x30, 0x00, 0x00, 0x38, 0x00, 0x00, 0x3c, 0x00, 0x00,
    0x1c, 0x00, 0x00, 0x1c, 0x00, 0x00, 0x1c, 0x00, 0x00, 0x0e, 0x00, 0x00,
    0x0e, 0x00, 0x00, 0x0e, 0x00, 0x00, 0x0f, 0x00, 0x00, 0x07, 0x00, 0x00,
    0x07, 0x00, 0x00, 0x07, 0x80, 0x00, 0x03, 0x80, 0x00, 0x03, 0x80, 0x00,
    0x03, 0xc0, 0x00, 0x01, 0xc0, 0x00, 0x01, 0xc0, 0x00, 0x01, 0xe0, 0x00,
    0x00, 0xe0, 0x00, 0x00, 0xe0, 0x00, 0x00, 0xe0, 0x00, 0x00, 0x70, 0x00,
    0x00, 0x70, 0x00, 0x00, 0x70, 0x00, 0x00, 0x38, 0x00, 0x00, 0x38, 0x00,
    0x00, 0x38, 0x00, 0x00, 0x3c, 0x00, 0x00, 0x1c, 0x00, 0x00, 0x1c, 0x00,
    0x00, 0x1e, 0x00, 0x00, 0x0e, 0x00, 0x00, 0x0e, 0x00, 0x00, 0x00, 0x00,
    0x00, 0x00, 0x00, 0x00, 0x00, 0x00, 0x00, 0x00, 0x00, 0x00, 0x00, 0x00,
    0x00, 0x00, 0x00, 0x00, 0x00, 0x00, 0x00, 0x00, 0x00, 0x00, 0x00, 0x00,
    0x00, 0x00, 0x00, 0x00, 0x00, 0x00, 0x00, 0x00, 0x00, 0x00, 0x00, 0x00,
    0x7f, 0xc0, 0x7f, 0xc0, 0x7f, 0xc0, 0x01, 0xc0, 0x01, 0xc0, 0x01, 0xc0,
    0x01, 0xc0, 0x01, 0xc0, 0x01, 0xc0, 0x01, 0xc0, 0x01, 0xc0, 0x01, 0xc0,
    0x01, 0xc0, 0x01, 0xc0, 0x01, 0xc0, 0x01, 0xc0, 0x01, 0xc0, 0x01, 0xc0,
    0x01, 0xc0, 0x01, 0xc0, 0x01, 0xc0, 0x01, 0xc0, 0x01, 0xc0, 0x01, 0xc0,
    0x01, 0xc0, 0x01, 0xc0, 0x01, 0xc0, 0x01, 0xc0, 0x01, 0xc0, 0x01, 0xc0,
    0x01, 0xc0, 0x01, 0xc0, 0x01, 0xc0, 0x01, 0xc0, 0x01, 0xc0, 0x7f, 0xc0,
    0x7f, 0xc0, 0x7f, 0xc0, 0x00, 0x00, 0x00, 0x00, 0x00, 0x00, 0x00, 0x00,
    0x00, 0x00, 0x00, 0x00, 0x00, 0x00, 0x00, 0x00, 0x00, 0x00, 0x00, 0x00,
    0x00, 0x00, 0x00, 0x00, 0x00, 0x00, 0x00, 0x38, 0x00, 0x00, 0x3c, 0x00,
    0x00, 0x7c, 0x00, 0x00, 0x7e, 0x00, 0x00, 0xfe, 0x00, 0x00, 0xef, 0x00,
    0x01, 0xe7, 0x00, 0x01, 0xc7, 0x80, 0x03, 0xc3, 0x80, 0x03, 0x83, 0x80,
    0x03, 0x81, 0xc0, 0x07, 0x01, 0xc0, 0x07, 0x00, 0xe0, 0x0e, 0x00, 0xe0,
    0x0e, 0x00, 0x70, 0x00, 0x00, 0x00, 0x00, 0x00, 0x00, 0x00, 0x00, 0x00,
    0x00, 0x00, 0x00, 0x00, 0x00, 0x00, 0x00, 0x00, 0x00, 0x00, 0x00, 0x00,
    0x00, 0x00, 0x00, 0x00, 0x00, 0x00, 0x00, 0x00, 0x00, 0x00, 0x00, 0x00,
    0x00, 0x00, 0x00, 0x00, 0x00, 0x00, 0x00, 0x00, 0x00, 0x00, 0x00, 0x00,
    0x00, 0x00, 0x00, 0x00, 0x00, 0x00, 0x00, 0x00, 0x00, 0x00, 0x00, 0x00,
    0x00, 0x00, 0x00, 0x00, 0x00, 0x00, 0x00, 0x00, 0x00, 0x00, 0x00, 0x00,
    0x00, 0x00, 0x00, 0x00, 0x00, 0x00, 0x00, 0x00, 0x00, 0x00, 0x00, 0x00,
    0x00, 0x00, 0x00, 0x00, 0x00, 0x00, 0x00, 0x00, 0x00, 0x00, 0x00, 0x00,
    0x00, 0x00, 0x00, 0x00, 0x00, 0x00, 0x00, 0x00, 0x00, 0x00, 0x00, 0x00,
    0x00, 0x00, 0x00, 0x00, 0x00, 0x00, 0x00, 0x00, 0x00, 0x00, 0x00, 0x00,
    0x00, 0x00, 0x00, 0x00, 0x00, 0x00, 0x00, 0x00, 0x00, 0x00, 0x00, 0x00,
    0x00, 0x00, 0x00, 0x00, 0x00, 0x00, 0x00, 0x00, 0x00, 0x00, 0x00, 0x00,
    0x00, 0x00, 0x00, 0x00, 0x00, 0x00, 0x00, 0x00, 0x00, 0x00, 0x00, 0x00,
    0x00, 0x00, 0x00, 0x00, 0x00, 0x00, 0x00, 0x00, 0x00, 0x00, 0x00, 0x00,
    0x00, 0x00, 0x00, 0x00, 0x00, 0x00, 0x00, 0x00, 0x00, 0x00, 0x00, 0x00,
    0x00, 0x00, 0x00, 0x00, 0x00, 0x00, 0x00, 0x00, 0x00, 0x00, 0x00, 0x00,
    0x00, 0x00, 0x00, 0x00, 0x00, 0x00, 0x00, 0x00, 0x00, 0x00, 0x00, 0x00,
    0x00, 0x00, 0x00, 0x00, 0x00, 0x00, 0x00, 0x00, 0x00, 0x00, 0x00, 0x00,
    0x00, 0x00, 0x00, 0x00, 0x00, 0x00, 0x00, 0x00, 0x00, 0x00, 0x00, 0x00,
    0x00, 0x00, 0x00, 0x00, 0x00, 0x00, 0x00, 0x00, 0x00, 0x00, 0x00, 0x00,
    0x00, 0x00, 0x00, 0x00, 0x00, 0x00, 0x00, 0x00, 0x3f, 0xff, 0xff, 0x80,
    0x3f, 0xff, 0xff, 0x80, 0x3f, 0xff, 0xff, 0x80, 0x00, 0x00, 0x00, 0x00,
    0x00, 0x00, 0x00, 0x00, 0x00, 0x00, 0x00, 0x00, 0x00, 0x00, 0x00, 0x00,
    0x00, 0x00, 0x00, 0x00, 0x00, 0x00, 0x00, 0x00, 0x00, 0x00, 0x00, 0x00,
    0x07, 0x80, 0x03, 0xc0, 0x01, 0xe0, 0x00, 0xe0, 0x00, 0x70, 0x00, 0x00,
    0x00, 0x00, 0x00, 0x00, 0x00, 0x00, 0x00, 0x00, 0x00, 0x00, 0x00, 0x00,
    0x00, 0x00, 0x00, 0x00, 0x00, 0x00, 0x00, 0x00, 0x00, 0x00, 0x00, 0x00,
    0x00, 0x00, 0x00, 0x00, 0x00, 0x00, 0x00, 0x00, 0x00, 0x00, 0x00, 0x00,
    0x00, 0x00, 0x00, 0x00, 0x00, 0x00, 0x00, 0x00, 0x00, 0x00, 0x00, 0x00,
    0x00, 0x00, 0x00, 0x00, 0x00, 0x00, 0x00, 0x00, 0x00, 0x00, 0x00, 0x00,
    0x00, 0x00, 0x00, 0x00, 0x00, 0x00, 0x00, 0x00, 0x00, 0x00, 0x00, 0x00,
    0x00, 0x00, 0x00, 0x00, 0x00, 0x00, 0x00, 0x00, 0x00, 0x00, 0x00, 0x00,
    0x00, 0x00, 0x00, 0x00, 0x00, 0x00, 0x00, 0x00, 0x00, 0x00, 0x00, 0x00,
    0x00, 0x00, 0x00, 0x00, 0x00, 0x00, 0x00, 0x00, 0x00, 0x00, 0x00, 0x00,
    0x00, 0x00, 0x00, 0x00, 0x00, 0x00, 0x00, 0x00, 0x00, 0x00, 0x00, 0x00,
    0x00, 0x00, 0x00, 0x00, 0x00, 0x00, 0x00, 0x00, 0x00, 0x7f, 0x07, 0x00,
    0x01, 0xff, 0xc7, 0x00, 0x03, 0xff, 0xe7, 0x00, 0x07, 0xe1, 0xf7, 0x00,
    0x0f, 0x80, 0x3f, 0x00, 0x1f, 0x00, 0x1f, 0x00, 0x1e, 0x00, 0x1f, 0x00,
    0x3c, 0x00, 0x0f, 0x00, 0x3c, 0x00, 0x0f, 0x00, 0x38, 0x00, 0x07, 0x00,
    0x38, 0x00, 0x07, 0x00, 0x38, 0x00, 0x07, 0x00, 0x38, 0x00, 0x07, 0x00,
    0x38, 0x00, 0x07, 0x00, 0x38, 0x00, 0x07, 0x00, 0x3c, 0x00, 0x0f, 0x00,
    0x3c, 0x00, 0x0f, 0x00, 0x1e, 0x00, 0x1f, 0x00, 0x1f, 0x00, 0x1f, 0x00,
    0x0f, 0x80, 0x3f, 0x00, 0x07, 0xe1, 0xf7, 0x00, 0x03, 0xff, 0xe7, 0x00,
    0x01, 0xff, 0xc7, 0x00, 0x00, 0x7f, 0x07, 0x00, 0x00, 0x00, 0x00, 0x00,
    0x00, 0x00, 0x00, 0x00, 0x00, 0x00, 0x00, 0x00, 0x00, 0x00, 0x00, 0x00,
    0x00, 0x00, 0x00, 0x00, 0x00, 0x00, 0x00, 0x00, 0x00, 0x00, 0x00, 0x00,
    0x00, 0x00, 0x00, 0x00, 0x00, 0x00, 0x00, 0x00, 0x00, 0x00, 0x00, 0x00,
    0x00, 0x00, 0x00, 0x00, 0x00, 0x00, 0x00, 0x00, 0x00, 0x00, 0x00, 0x00,
    0x00, 0x00, 0x00, 0x00, 0x00, 0x00, 0x00, 0x00, 0x1c, 0x00, 0x00, 0x00,
    0x1c, 0x00, 0x00, 0x00, 0x1c, 0x00, 0x00, 0x00, 0x1c, 0x00, 0x00, 0x00,
    0x1c, 0x00, 0x00, 0x00, 0x1c, 0x00, 0x00, 0x00, 0x1c, 0x00, 0x00, 0x00,
    0x1c, 0x00, 0x00, 0x00, 0x1c, 0x00, 0x00, 0x00, 0x1c, 0x1f, 0xc0, 0x00,
    0x1c, 0x7f, 0xf0, 0x00, 0x1c, 0xff, 0xfc, 0x00, 0x1d, 0xf0, 0x7e, 0x00,
    0x1f, 0xc0, 0x1f, 0x00, 0x1f, 0x80, 0x0f, 0x00, 0x1f, 0x00, 0x07, 0x80,
    0x1e, 0x00, 0x07, 0x80, 0x1e, 0x00, 0x03, 0x80, 0x1e, 0x00, 0x03, 0xc0,
    0x1c, 0x00, 0x03, 0xc0, 0x1c, 0x00, 0x03, 0xc0, 0x1c, 0x00, 0x03, 0xc0,
    0x1c, 0x00, 0x03, 0xc0, 0x1e, 0x00, 0x03, 0xc0, 0x1e, 0x00, 0x03, 0x80,
    0x1e, 0x00, 0x07, 0x80, 0x1f, 0x00, 0x07, 0x80, 0x1f, 0x80, 0x0f, 0x00,
    0x1f, 0xc0, 0x1f, 0x00, 0x1f, 0xf0, 0x7e, 0x00, 0x1c, 0xff, 0xfc, 0x00,
    0x1c, 0x7f, 0xf0, 0x00, 0x1c, 0x1f, 0xc0, 0x00, 0x00, 0x00, 0x00, 0x00,
    0x00, 0x00, 0x00, 0x00, 0x00, 0x00, 0x00, 0x00, 0x00, 0x00, 0x00, 0x00,
    0x00, 0x00, 0x00, 0x00, 0x00, 0x00, 0x00, 0x00, 0x00, 0x00, 0x00, 0x00,
    0x00, 0x00, 0x00, 0x00, 0x00, 0x00, 0x00, 0x00, 0x00, 0x00, 0x00, 0x00,
    0x00, 0x00, 0x00, 0x00, 0x00, 0x00, 0x00, 0x00, 0x00, 0x00, 0x00, 0x00,
    0x00, 0x00, 0x00, 0x00, 0x00, 0x00, 0x00, 0x00, 0x00, 0x00, 0x00, 0x00,
    0x00, 0x00, 0x00, 0x00, 0x00, 0x00, 0x00, 0x00, 0x00, 0x00, 0x00, 0x00,
    0x00, 0x00, 0x00, 0x00, 0x00, 0x00, 0x00, 0x00, 0x00, 0x00, 0x00, 0x00,
    0x00, 0x00, 0x00, 0x00, 0x00, 0x00, 0x00, 0x00, 0x00, 0x7f, 0x00, 0x00,
    0x01, 0xff, 0xe0, 0x00, 0x03, 0xff, 0xf0, 0x00, 0x07, 0xe1, 0xf8, 0x00,
    0x0f, 0x80, 0x3c, 0x00, 0x1f, 0x00, 0x1e, 0x00, 0x1e, 0x00, 0x1e, 0x00,
    0x3c, 0x00, 0x0e, 0x00, 0x3c, 0x00, 0x00, 0x00, 0x38, 0x00, 0x00, 0x00,
    0x38, 0x00, 0x00, 0x00, 0x38, 0x00, 0x00, 0x00, 0x38, 0x00, 0x00, 0x00,
    0x38, 0x00, 0x00, 0x00, 0x38, 0x00, 0x00, 0x00, 0x3c, 0x00, 0x00, 0x00,
    0x3c, 0x00, 0x0e, 0x00, 0x1e, 0x00, 0x1e, 0x00, 0x1f, 0x00, 0x1e, 0x00,
    0x0f, 0x80, 0x3c, 0x00, 0x07, 0xe1, 0xf8, 0x00, 0x03, 0xff, 0xf0, 0x00,
    0x01, 0xff, 0xe0, 0x00, 0x00, 0x7f, 0x00, 0x00, 0x00, 0x00, 0x00, 0x00,
    0x00, 0x00, 0x00, 0x00, 0x00, 0x00, 0x00, 0x00, 0x00, 0x00, 0x00, 0x00,
    0x00, 0x00, 0x00, 0x00, 0x00, 0x00, 0x00, 0x00, 0x00, 0x00, 0x00, 0x00,
    0x00, 0x00, 0x00, 0x00, 0x00, 0x00, 0x00, 0x00, 0x00, 0x00, 0x00, 0x00,
    0x00, 0x00, 0x00, 0x00, 0x00, 0x00, 0x00, 0x00, 0x00, 0x00, 0x00, 0x00,
    0x00, 0x00, 0x00, 0x00, 0x00, 0x00, 0x00, 0x00, 0x00, 0x00, 0x07, 0x00,
    0x00, 0x00, 0x07, 0x00, 0x00, 0x00, 0x07, 0x00, 0x00, 0x00, 0x07, 0x00,
    0x00, 0x00, 0x07, 0x00, 0x00, 0x00, 0x07, 0x00, 0x00, 0x00, 0x07, 0x00,
    0x00, 0x00, 0x07, 0x00, 0x00, 0x00, 0x07, 0x00, 0x00, 0x7f, 0x07, 0x00,
    0x01, 0xff, 0xc7, 0x00, 0x03, 0xff, 0xe7, 0x00, 0x07, 0xe1, 0xf7, 0x00,
    0x0f, 0x80, 0x3f, 0x00, 0x1f, 0x00, 0x1f, 0x00, 0x1e, 0x00, 0x1f, 0x00,
    0x3c, 0x00, 0x0f, 0x00, 0x3c, 0x00, 0x0f, 0x00, 0x38, 0x00, 0x07, 0x00,
    0x38, 0x00, 0x07, 0x00, 0x38, 0x00, 0x07, 0x00, 0x38, 0x00, 0x07, 0x00,
    0x38, 0x00, 0x07, 0x00, 0x38, 0x00, 0x07, 0x00, 0x3c, 0x00, 0x0f, 0x00,
    0x3c, 0x00, 0x0f, 0x00, 0x1e, 0x00, 0x1f, 0x00, 0x1f, 0x00, 0x1f, 0x00,
    0x0f, 0x80, 0x3f, 0x00, 0x07, 0xe1, 0xf7, 0x00, 0x03, 0xff, 0xe7, 0x00,
    0x01, 0xff, 0xc7, 0x00, 0x00, 0x7f, 0x07, 0x00, 0x00, 0x00, 0x00, 0x00,
    0x00, 0x00, 0x00, 0x00, 0x00, 0x00, 0x00, 0x00, 0x00, 0x00, 0x00, 0x00,
    0x00, 0x00, 0x00, 0x00, 0x00, 0x00, 0x00, 0x00, 0x00, 0x00, 0x00, 0x00,
    0x00, 0x00, 0x00, 0x00, 0x00, 0x00, 0x00, 0x00, 0x00, 0x00, 0x00, 0x00,
    0x00, 0x00, 0x00, 0x00, 0x00, 0x00, 0x00, 0x00, 0x00, 0x00, 0x00, 0x00,
    0x00, 0x00, 0x00, 0x00, 0x00, 0x00, 0x00, 0x00, 0x00, 0x00, 0x00, 0x00,
    0x00, 0x00, 0x00, 0x00, 0x00, 0x00, 0x00, 0x00, 0x00, 0x00, 0x00, 0x00,
    0x00, 0x00, 0x00, 0x00, 0x00, 0x00, 0x00, 0x00, 0x00, 0x00, 0x00, 0x00,
    0x00, 0x00, 0x00, 0x00, 0x00, 0x00, 0x00, 0x00, 0x00, 0x7f, 0x80, 0x00,
    0x01, 0xff, 0xe0, 0x00, 0x03, 0xff, 0xf0, 0x00, 0x07, 0xe1, 0xf8, 0x00,
    0x0f, 0x80, 0x7c, 0x00, 0x1e, 0x00, 0x1e, 0x00, 0x1e, 0x00, 0x1e, 0x00,
    0x3c, 0x00, 0x0f, 0x00, 0x3c, 0x00, 0x0f, 0x00, 0x38, 0x00, 0x07, 0x00,
    0x3f, 0xff, 0xff, 0x00, 0x3f, 0xff, 0xff, 0x00, 0x3f, 0xff, 0xff, 0x00,
    0x38, 0x00, 0x00, 0x00, 0x38, 0x00, 0x00, 0x00, 0x3c, 0x00, 0x00, 0x00,
    0x3c, 0x00, 0x00, 0x00, 0x1e, 0x00, 0x1e, 0x00, 0x1f, 0x00, 0x1e, 0x00,
    0x0f, 0x80, 0x3c, 0x00, 0x07, 0xe1, 0xf8, 0x00, 0x03, 0xff, 0xf0, 0x00,
    0x01, 0xff, 0xe0, 0x00, 0x00, 0x3f, 0x80, 0x00, 0x00, 0x00, 0x00, 0x00,
    0x00, 0x00, 0x00, 0x00, 0x00, 0x00, 0x00, 0x00, 0x00, 0x00, 0x00, 0x00,
    0x00, 0x00, 0x00, 0x00, 0x00, 0x00, 0x00, 0x00, 0x00, 0x00, 0x00, 0x00,
    0x00, 0x00, 0x00, 0x00, 0x00, 0x00, 0x00, 0x00, 0x00, 0x00, 0x00, 0x00,
    0x00, 0x00, 0x00, 0x00, 0x00, 0x00, 0x00, 0x00, 0x00, 0x00, 0x00, 0x78,
    0x01, 0xf8, 0x03, 0xf8, 0x07, 0xe0, 0x07, 0x80, 0x07, 0x00, 0x07, 0x00,
    0x07, 0x00, 0x07, 0x00, 0x7f, 0xf8, 0x7f, 0xf8, 0x7f, 0xf8, 0x0f, 0x00,
    0x07, 0x00, 0x07, 0x00, 0x07, 0x00, 0x07, 0x00, 0x07, 0x00, 0x07, 0x00,
    0x07, 0x00, 0x07, 0x00, 0x07, 0x00, 0x07, 0x00, 0x07, 0x00, 0x07, 0x00,
    0x07, 0x00, 0x07, 0x00, 0x07, 0x00, 0x07, 0x00, 0x07, 0x00, 0x07, 0x00,
    0x07, 0x00, 0x07, 0x00, 0x00, 0x00, 0x00, 0x00, 0x00, 0x00, 0x00, 0x00,
    0x00, 0x00, 0x00, 0x00, 0x00, 0x00, 0x00, 0x00, 0x00, 0x00, 0x00, 0x00,
    0x00, 0x00, 0x00, 0x00, 0x00, 0x00, 0x00, 0x00, 0x00, 0x00, 0x00, 0x00,
    0x00, 0x00, 0x00, 0x00, 0x00, 0x00, 0x00, 0x00, 0x00, 0x00, 0x00, 0x00,
    0x00, 0x00, 0x00, 0x00, 0x00, 0x00, 0x00, 0x00, 0x00, 0x00, 0x00, 0x00,
    0x00, 0x00, 0x00, 0x00, 0x00, 0x00, 0x00, 0x00, 0x00, 0x00, 0x00, 0x00,
    0x00, 0x00, 0x00, 0x00, 0x00, 0x00, 0x00, 0x00, 0x00, 0x7f, 0x07, 0x00,
    0x01, 0xff, 0xc7, 0x00, 0x03, 0xff, 0xe7, 0x00, 0x07, 0xe1, 0xf7, 0x00,
    0x0f, 0x80, 0x3f, 0x00, 0x1e, 0x00, 0x1f, 0x00, 0x1e, 0x00, 0x1f, 0x00,
    0x3c, 0x00, 0x0f, 0x00, 0x3c, 0x00, 0x0f, 0x00, 0x38, 0x00, 0x07, 0x00,
    0x38, 0x00, 0x07, 0x00, 0x38, 0x00, 0x07, 0x00, 0x38, 0x00, 0x07, 0x00,
    0x38, 0x00, 0x07, 0x00, 0x38, 0x00, 0x07, 0x00, 0x3c, 0x00, 0x0f, 0x00,
    0x3c, 0x00, 0x0f, 0x00, 0x1e, 0x00, 0x1f, 0x00, 0x1e, 0x00, 0x1f, 0x00,
    0x0f, 0x80, 0x3f, 0x00, 0x07, 0xe1, 0xf7, 0x00, 0x03, 0xff, 0xe7, 0x00,
    0x01, 0xff, 0xc7, 0x00, 0x00, 0x7f, 0x07, 0x00, 0x00, 0x00, 0x07, 0x00,
    0x00, 0x00, 0x07, 0x00, 0x0c, 0x00, 0x0f, 0x00, 0x1e, 0x00, 0x0e, 0x00,
    0x0f, 0x00, 0x3e, 0x00, 0x07, 0xe0, 0xfc, 0x00, 0x03, 0xff, 0xf8, 0x00,
    0x01, 0xff, 0xf0, 0x00, 0x00, 0x7f, 0x80, 0x00, 0x00, 0x00, 0x00, 0x00,
    0x00, 0x00, 0x00, 0x00, 0x00, 0x00, 0x00, 0x00, 0x00, 0x00, 0x00, 0x00,
    0x00, 0x00, 0x00, 0x00, 0x00, 0x00, 0x00, 0x00, 0x1c, 0x00, 0x00, 0x00,
    0x1c, 0x00, 0x00, 0x00, 0x1c, 0x00, 0x00, 0x00, 0x1c, 0x00, 0x00, 0x00,
    0x1c, 0x00, 0x00, 0x00, 0x1c, 0x00, 0x00, 0x00, 0x1c, 0x00, 0x00, 0x00,
    0x1c, 0x00, 0x00, 0x00, 0x1c, 0x00, 0x00, 0x00, 0x1c, 0x1f, 0x80, 0x00,
    0x1c, 0x7f, 0xe0, 0x00, 0x1c, 0xff, 0xf0, 0x00, 0x1f, 0xe1, 0xf8, 0x00,
    0x1f, 0x80, 0x7c, 0x00, 0x1f, 0x00, 0x3c, 0x00, 0x1f, 0x00, 0x1e, 0x00,
    0x1e, 0x00, 0x1e, 0x00, 0x1e, 0x00, 0x0e, 0x00, 0x1e, 0x00, 0x0e, 0x00,
    0x1c, 0x00, 0x0e, 0x00, 0x1c, 0x00, 0x0e, 0x00, 0x1c, 0x00, 0x0e, 0x00,
    0x1c, 0x00, 0x0e, 0x00, 0x1c, 0x00, 0x0e, 0x00, 0x1c, 0x00, 0x0e, 0x00,
    0x1c, 0x00, 0x0e, 0x00, 0x1c, 0x00, 0x0e, 0x00, 0x1c, 0x00, 0x0e, 0x00,
    0x1c, 0x00, 0x0e, 0x00, 0x1c, 0x00, 0x0e, 0x00, 0x1c, 0x00, 0x0e, 0x00,
    0x1c, 0x00, 0x0e, 0x00, 0x1c, 0x00, 0x0e, 0x00, 0x00, 0x00, 0x00, 0x00,
    0x00, 0x00, 0x00, 0x00, 0x00, 0x00, 0x00, 0x00, 0x00, 0x00, 0x00, 0x00,
    0x00, 0x00, 0x00, 0x00, 0x00, 0x00, 0x00, 0x00, 0x00, 0x00, 0x00, 0x00,
    0x00, 0x00, 0x00, 0x00, 0x00, 0x00, 0x00, 0x00, 0x00, 0x00, 0x00, 0x00,
    0x00, 0x00, 0x00, 0x00, 0x00, 0x00, 0x00, 0x00, 0x00, 0x00, 0x00, 0x00,
    0x1e, 0x00, 0x1e, 0x00, 0x1e, 0x00, 0x1e, 0x00, 0x1e, 0x00, 0x00, 0x00,
    0x00, 0x00, 0x00, 0x00, 0x1c, 0x00, 0x1c, 0x00, 0x1c, 0x00, 0x1c, 0x00,
    0x1c, 0x00, 0x1c, 0x00, 0x1c, 0x00, 0x1c, 0x00, 0x1c, 0x00, 0x1c, 0x00,
    0x1c, 0x00, 0x1c, 0x00, 0x1c, 0x00, 0x1c, 0x00, 0x1c, 0x00, 0x1c, 0x00,
    0x1c, 0x00, 0x1c, 0x00, 0x1c, 0x00, 0x1c, 0x00, 0x1c, 0x00, 0x1c, 0x00,
    0x1c, 0x00, 0x1c, 0x00, 0x00, 0x00, 0x00, 0x00, 0x00, 0x00, 0x00, 0x00,
    0x00, 0x00, 0x00, 0x00, 0x00, 0x00, 0x00, 0x00, 0x00, 0x00, 0x00, 0x00,
    0x00, 0x00, 0x00, 0x00, 0x00, 0x00, 0x00, 0x00, 0x00, 0x00, 0x1e, 0x00,
    0x1e, 0x00, 0x1e, 0x00, 0x1e, 0x00, 0x1e, 0x00, 0x00, 0x00, 0x00, 0x00,
    0x00, 0x00, 0x00, 0x00, 0x1c, 0x00, 0x1c, 0x00, 0x1c, 0x00, 0x1c, 0x00,
    0x1c, 0x00, 0x1c, 0x00, 0x1c, 0x00, 0x1c, 0x00, 0x1c, 0x00, 0x1c, 0x00,
    0x1c, 0x00, 0x1c, 0x00, 0x1c, 0x00, 0x1c, 0x00, 0x1c, 0x00, 0x1c, 0x00,
    0x1c, 0x00, 0x1c, 0x00, 0x1c, 0x00, 0x1c, 0x00, 0x1c, 0x00, 0x1c, 0x00,
    0x1c, 0x00, 0x1c, 0x00, 0x1c, 0x00, 0x1c, 0x00, 0x1c, 0x00, 0x1c, 0x00,
    0x1c, 0x00, 0x1c, 0x00, 0x1c, 0x00, 0x1c, 0x00, 0x1c, 0x00, 0x00, 0x00,
    0x00, 0x00, 0x00, 0x00, 0x00, 0x00, 0x00, 0x00, 0x00, 0x00, 0x00, 0x00,
    0x00, 0x00, 0x00, 0x1c, 0x00, 0x00, 0x1c, 0x00, 0x00, 0x1c, 0x00, 0x00,
    0x1c, 0x00, 0x00, 0x1c, 0x00, 0x00, 0x1c, 0x00, 0x00, 0x1c, 0x00, 0x00,
    0x1c, 0x00, 0x00, 0x1c, 0x00, 0x00, 0x1c, 0x00, 0x7c, 0x1c, 0x00, 0xf8,
    0x1c, 0x01, 0xf0, 0x1c, 0x03, 0xe0, 0x1c, 0x07, 0xc0, 0x1c, 0x0f, 0x80,
    0x1c, 0x1f, 0x00, 0x1c, 0x1e, 0x00, 0x1c, 0x3c, 0x00, 0x1c, 0x78, 0x00,
    0x1c, 0xfc, 0x00, 0x1f, 0xfc, 0x00, 0x1f, 0xde, 0x00, 0x1f, 0x8f, 0x00,
    0x1f, 0x0f, 0x80, 0x1e, 0x07, 0x80, 0x1e, 0x03, 0xc0, 0x1c, 0x03, 0xe0,
    0x1c, 0x01, 0xe0, 0x1c, 0x00, 0xf0, 0x1c, 0x00, 0xf8, 0x1c, 0x00, 0x78,
    0x1c, 0x00, 0x3c, 0x1c, 0x00, 0x3e, 0x00, 0x00, 0x00, 0x00, 0x00, 0x00,
    0x00, 0x00, 0x00, 0x00, 0x00, 0x00, 0x00, 0x00, 0x00, 0x00, 0x00, 0x00,
    0x00, 0x00, 0x00, 0x00, 0x00, 0x00, 0x00, 0x00, 0x00, 0x00, 0x00, 0x00,
    0x00, 0x00, 0x00, 0x00, 0x00, 0x00, 0x00, 0x00, 0x00, 0x00, 0x1c, 0x00,
    0x1c, 0x00, 0x1c, 0x00, 0x1c, 0x00, 0x1c, 0x00, 0x1c, 0x00, 0x1c, 0x00,
    0x1c, 0x00, 0x1c, 0x00, 0x1c, 0x00, 0x1c, 0x00, 0x1c, 0x00, 0x1c, 0x00,
    0x1c, 0x00, 0x1c, 0x00, 0x1c, 0x00, 0x1c, 0x00, 0x1c, 0x00, 0x1c, 0x00,
    0x1c, 0x00, 0x1c, 0x00, 0x1c, 0x00, 0x1c, 0x00, 0x1c, 0x00, 0x1c, 0x00,
    0x1c, 0x00, 0x1c, 0x00, 0x1c, 0x00, 0x1c, 0x00, 0x1c, 0x00, 0x1c, 0x00,
    0x1c, 0x00, 0x1c, 0x00, 0x00, 0x00, 0x00, 0x00, 0x00, 0x00, 0x00, 0x00,
    0x00, 0x00, 0x00, 0x00, 0x00, 0x00, 0x00, 0x00, 0x00, 0x00, 0x00, 0x00,
    0x00, 0x00, 0x00, 0x00, 0x00, 0x00, 0x00, 0x00, 0x00, 0x00, 0x00, 0x00,
    0x00, 0x00, 0x00, 0x00, 0x00, 0x00, 0x00, 0x00, 0x00, 0x00, 0x00, 0x00,
    0x00, 0x00, 0x00, 0x00, 0x00, 0x00, 0x00, 0x00, 0x00, 0x00, 0x00, 0x00,
    0x00, 0x00, 0x00, 0x00, 0x00, 0x00, 0x00, 0x00, 0x00, 0x00, 0x00, 0x00,
    0x00, 0x00, 0x00, 0x00, 0x00, 0x00, 0x00, 0x00, 0x00, 0x00, 0x00, 0x00,
    0x00, 0x00, 0x00, 0x00, 0x00, 0x00, 0x00, 0x00, 0x00, 0x00, 0x1c, 0x3f,
    0x00, 0x3e, 0x00, 0x1c, 0x7f, 0xc0, 0xff, 0x80, 0x1c, 0xff, 0xe1, 0xff,
    0xc0, 0x1f, 0xe3, 0xf3, 0xc3, 0xe0, 0x1f, 0x80, 0xff, 0x01, 0xf0, 0x1f,
    0x00, 0x7e, 0x00, 0xf0, 0x1e, 0x00, 0x3e, 0x00, 0x78, 0x1e, 0x00, 0x3c,
    0x00, 0x78, 0x1e, 0x00, 0x3c, 0x00, 0x38, 0x1c, 0x00, 0x3c, 0x00, 0x38,
    0x1c, 0x00, 0x3c, 0x00, 0x38, 0x1c, 0x00, 0x3c, 0x00, 0x38, 0x1c, 0x00,
    0x3c, 0x00, 0x38, 0x1c, 0x00, 0x3c, 0x00, 0x38, 0x1c, 0x00, 0x3c, 0x00,
    0x38, 0x1c, 0x00, 0x3c, 0x00, 0x38, 0x1c, 0x00, 0x3c, 0x00, 0x38, 0x1c,
    0x00, 0x3c, 0x00, 0x38, 0x1c, 0x00, 0x3c, 0x00, 0x38, 0x1c, 0x00, 0x3c,
    0x00, 0x38, 0x1c, 0x00, 0x3c, 0x00, 0x38, 0x1c, 0x00, 0x3c, 0x00, 0x38,
    0x1c, 0x00, 0x3c, 0x00, 0x38, 0x1c, 0x00, 0x3c, 0x00, 0x38, 0x00, 0x00,
    0x00, 0x00, 0x00, 0x00, 0x00, 0x00, 0x00, 0x00, 0x00, 0x00, 0x00, 0x00,
    0x00, 0x00, 0x00, 0x00, 0x00, 0x00, 0x00, 0x00, 0x00, 0x00, 0x00, 0x00,
    0x00, 0x00, 0x00, 0x00, 0x00, 0x00, 0x00, 0x00, 0x00, 0x00, 0x00, 0x00,
    0x00, 0x00, 0x00, 0x00, 0x00, 0x00, 0x00, 0x00, 0x00, 0x00, 0x00, 0x00,
    0x00, 0x00, 0x00, 0x00, 0x00, 0x00, 0x00, 0x00, 0x00, 0x00, 0x00, 0x00,
    0x00, 0x00, 0x00, 0x00, 0x00, 0x00, 0x00, 0x00, 0x00, 0x00, 0x00, 0x00,
    0x00, 0x00, 0x00, 0x00, 0x00, 0x00, 0x00, 0x00, 0x00, 0x00, 0x00, 0x00,
    0x00, 0x00, 0x00, 0x00, 0x00, 0x00, 0x00, 0x00, 0x00, 0x00, 0x00, 0x00,
    0x00, 0x00, 0x00, 0x00, 0x00, 0x00, 0x00, 0x00, 0x1c, 0x1f, 0x80, 0x00,
    0x1c, 0x7f, 0xe0, 0x00, 0x1c, 0xff, 0xf0, 0x00, 0x1f, 0xe1, 0xf8, 0x00,
    0x1f, 0x80, 0x7c, 0x00, 0x1f, 0x00, 0x3c, 0x00, 0x1f, 0x00, 0x1e, 0x00,
    0x1e, 0x00, 0x1e, 0x00, 0x1e, 0x00, 0x0e, 0x00, 0x1e, 0x00, 0x0e, 0x00,
    0x1c, 0x00, 0x0e, 0x00, 0x1c, 0x00, 0x0e, 0x00, 0x1c, 0x00, 0x0e, 0x00,
    0x1c, 0x00, 0x0e, 0x00, 0x1c, 0x00, 0x0e, 0x00, 0x1c, 0x00, 0x0e, 0x00,
    0x1c, 0x00, 0x0e, 0x00, 0x1c, 0x00, 0x0e, 0x00, 0x1c, 0x00, 0x0e, 0x00,
    0x1c, 0x00, 0x0e, 0x00, 0x1c, 0x00, 0x0e, 0x00, 0x1c, 0x00, 0x0e, 0x00,
    0x1c, 0x00, 0x0e, 0x00, 0x1c, 0x00, 0x0e, 0x00, 0x00, 0x00, 0x00, 0x00,
    0x00, 0x00, 0x00, 0x00, 0x00, 0x00, 0x00, 0x00, 0x00, 0x00, 0x00, 0x00,
    0x00, 0x00, 0x00, 0x00, 0x00, 0x00, 0x00, 0x00, 0x00, 0x00, 0x00, 0x00,
    0x00, 0x00, 0x00, 0x00, 0x00, 0x00, 0x00, 0x00, 0x00, 0x00, 0x00, 0x00,
    0x00, 0x00, 0x00, 0x00, 0x00, 0x00, 0x00, 0x00, 0x00, 0x00, 0x00, 0x00,
    0x00, 0x00, 0x00, 0x00, 0x00, 0x00, 0x00, 0x00, 0x00, 0x00, 0x00, 0x00,
    0x00, 0x00, 0x00, 0x00, 0x00, 0x00, 0x00, 0x00, 0x00, 0x00, 0x00, 0x00,
    0x00, 0x00, 0x00, 0x00, 0x00, 0x00, 0x00, 0x00, 0x00, 0x00, 0x00, 0x00,
    0x00, 0x00, 0x00, 0x00, 0x00, 0x00, 0x00, 0x00, 0x00, 0x7f, 0x80, 0x00,
    0x01, 0xff, 0xe0, 0x00, 0x03, 0xff, 0xf0, 0x00, 0x07, 0xe1, 0xf8, 0x00,
    0x0f, 0x80, 0x7c, 0x00, 0x1e, 0x00, 0x1e, 0x00, 0x1e, 0x00, 0x1e, 0x00,
    0x3c, 0x00, 0x0f, 0x00, 0x3c, 0x00, 0x0f, 0x00, 0x38, 0x00, 0x07, 0x00,
    0x38, 0x00, 0x07, 0x00, 0x38, 0x00, 0x07, 0x00, 0x38, 0x00, 0x07, 0x00,
    0x38, 0x00, 0x07, 0x00, 0x38, 0x00, 0x07, 0x00, 0x3c, 0x00, 0x0f, 0x00,
    0x3c, 0x00, 0x0f, 0x00, 0x1e, 0x00, 0x1e, 0x00, 0x1e, 0x00, 0x1e, 0x00,
    0x0f, 0x80, 0x7c, 0x00, 0x07, 0xe1, 0xf8, 0x00, 0x03, 0xff, 0xf0, 0x00,
    0x01, 0xff, 0xe0, 0x00, 0x00, 0x7f, 0x80, 0x00, 0x00, 0x00, 0x00, 0x00,
    0x00, 0x00, 0x00, 0x00, 0x00, 0x00, 0x00, 0x00, 0x00, 0x00, 0x00, 0x00,
    0x00, 0x00, 0x00, 0x00, 0x00, 0x00, 0x00, 0x00, 0x00, 0x00, 0x00, 0x00,
    0x00, 0x00, 0x00, 0x00, 0x00, 0x00, 0x00, 0x00, 0x00, 0x00, 0x00, 0x00,
    0x00, 0x00, 0x00, 0x00, 0x00, 0x00, 0x00, 0x00, 0x00, 0x00, 0x00, 0x00,
    0x00, 0x00, 0x00, 0x00, 0x00, 0x00, 0x00, 0x00, 0x00, 0x00, 0x00, 0x00,
    0x00, 0x00, 0x00, 0x00, 0x00, 0x00, 0x00, 0x00, 0x00, 0x00, 0x00, 0x00,
    0x00, 0x00, 0x00, 0x00, 0x00, 0x00, 0x00, 0x00, 0x00, 0x00, 0x00, 0x00,
    0x00, 0x00, 0x00, 0x00, 0x00, 0x00, 0x00, 0x00, 0x1c, 0x1f, 0xc0, 0x00,
    0x1c, 0x7f, 0xf0, 0x00, 0x1c, 0xff, 0xfc, 0x00, 0x1d, 0xf0, 0x7e, 0x00,
    0x1f, 0xc0, 0x1f, 0x00, 0x1f, 0x80, 0x0f, 0x00, 0x1f, 0x00, 0x07, 0x80,
    0x1e, 0x00, 0x07, 0x80, 0x1e, 0x00, 0x03, 0x80, 0x1e, 0x00, 0x03, 0xc0,
    0x1c, 0x00, 0x03, 0xc0, 0x1c, 0x00, 0x03, 0xc0, 0x1c, 0x00, 0x03, 0xc0,
    0x1c, 0x00, 0x03, 0xc0, 0x1e, 0x00, 0x03, 0xc0, 0x1e, 0x00, 0x03, 0x80,
    0x1e, 0x00, 0x07, 0x80, 0x1f, 0x00, 0x07, 0x80, 0x1f, 0x80, 0x0f, 0x00,
    0x1f, 0xc0, 0x1f, 0x00, 0x1f, 0xf0, 0x7e, 0x00, 0x1c, 0xff, 0xfc, 0x00,
    0x1c, 0x7f, 0xf0, 0x00, 0x1c, 0x1f, 0xc0, 0x00, 0x1c, 0x00, 0x00, 0x00,
    0x1c, 0x00, 0x00, 0x00, 0x1c, 0x00, 0x00, 0x00, 0x1c, 0x00, 0x00, 0x00,
    0x1c, 0x00, 0x00, 0x00, 0x1c, 0x00, 0x00, 0x00, 0x1c, 0x00, 0x00, 0x00,
    0x1c, 0x00, 0x00, 0x00, 0x1c, 0x00, 0x00, 0x00, 0x00, 0x00, 0x00, 0x00,
    0x00, 0x00, 0x00, 0x00, 0x00, 0x00, 0x00, 0x00, 0x00, 0x00, 0x00, 0x00,
    0x00, 0x00, 0x00, 0x00, 0x00, 0x00, 0x00, 0x00, 0x00, 0x00, 0x00, 0x00,
    0x00, 0x00, 0x00, 0x00, 0x00, 0x00, 0x00, 0x00, 0x00, 0x00, 0x00, 0x00,
    0x00, 0x00, 0x00, 0x00, 0x00, 0x00, 0x00, 0x00, 0x00, 0x00, 0x00, 0x00,
    0x00, 0x00, 0x00, 0x00, 0x00, 0x00, 0x00, 0x00, 0x00, 0x7f, 0x07, 0x00,
    0x01, 0xff, 0xc7, 0x00, 0x03, 0xff, 0xe7, 0x00, 0x07, 0xe1, 0xf7, 0x00,
    0x0f, 0x80, 0x3f, 0x00, 0x1f, 0x00, 0x1f, 0x00, 0x1e, 0x00, 0x1f, 0x00,
    0x3c, 0x00, 0x0f, 0x00, 0x3c, 0x00, 0x0f, 0x00, 0x38, 0x00, 0x07, 0x00,
    0x38, 0x00, 0x07, 0x00, 0x38, 0x00, 0x07, 0x00, 0x38, 0x00, 0x07, 0x00,
    0x38, 0x00, 0x07, 0x00, 0x38, 0x00, 0x07, 0x00, 0x3c, 0x00, 0x0f, 0x00,
    0x3c, 0x00, 0x0f, 0x00, 0x1e, 0x00, 0x1f, 0x00, 0x1f, 0x00, 0x1f, 0x00,
    0x0f, 0x80, 0x3f, 0x00, 0x07, 0xe1, 0xf7, 0x00, 0x03, 0xff, 0xe7, 0x00,
    0x01, 0xff, 0xc7, 0x00, 0x00, 0x7f, 0x07, 0x00, 0x00, 0x00, 0x07, 0x00,
    0x00, 0x00, 0x07, 0x00, 0x00, 0x00, 0x07, 0x00, 0x00, 0x00, 0x07, 0x00,
    0x00, 0x00, 0x07, 0x00, 0x00, 0x00, 0x07, 0x00, 0x00, 0x00, 0x07, 0x00,
    0x00, 0x00, 0x07, 0x00, 0x00, 0x00, 0x07, 0x00, 0x00, 0x00, 0x00, 0x00,
    0x00, 0x00, 0x00, 0x00, 0x00, 0x00, 0x00, 0x00, 0x00, 0x00, 0x00, 0x00,
    0x00, 0x00, 0x00, 0x00, 0x00, 0x00, 0x00, 0x00, 0x00, 0x00, 0x00, 0x00,
    0x00, 0x00, 0x00, 0x00, 0x1c, 0x0e, 0x1c, 0x3e, 0x1c, 0x7e, 0x1c, 0xf8,
    0x1d, 0xe0, 0x1f, 0x80, 0x1f, 0x80, 0x1f, 0x00, 0x1e, 0x00, 0x1e, 0x00,
    0x1e, 0x00, 0x1e, 0x00, 0x1e, 0x00, 0x1c, 0x00, 0x1c, 0x00, 0x1c, 0x00,
    0x1c, 0x00, 0x1c, 0x00, 0x1c, 0x00, 0x1c, 0x00, 0x1c, 0x00, 0x1c, 0x00,
    0x1c, 0x00, 0x1c, 0x00, 0x00, 0x00, 0x00, 0x00, 0x00, 0x00, 0x00, 0x00,
    0x00, 0x00, 0x00, 0x00, 0x00, 0x00, 0x00, 0x00, 0x00, 0x00, 0x00, 0x00,
    0x00, 0x00, 0x00, 0x00, 0x00, 0x00, 0x00, 0x00, 0x00, 0x00, 0x00, 0x00,
    0x00, 0x00, 0x00, 0x00, 0x00, 0x00, 0x00, 0x00, 0x00, 0x00, 0x00, 0x00,
    0x00, 0x00, 0x00, 0x00, 0x00, 0x00, 0x00, 0x00, 0x00, 0x00, 0x00, 0x00,
    0x00, 0x00, 0x00, 0x00, 0x00, 0x00, 0x01, 0xfe, 0x00, 0x07, 0xff, 0x80,
    0x1f, 0xff, 0xc0, 0x1f, 0x07, 0xe0, 0x3c, 0x01, 0xe0, 0x3c, 0x00, 0xf0,
    0x38, 0x00, 0x70, 0x3c, 0x00, 0x00, 0x3c, 0x00, 0x00, 0x1f, 0x00, 0x00,
    0x0f, 0xf0, 0x00, 0x07, 0xff, 0x00, 0x00, 0xff, 0xc0, 0x00, 0x0f, 0xe0,
    0x00, 0x01, 0xf0, 0x00, 0x00, 0x78, 0x38, 0x00, 0x78, 0x38, 0x00, 0x78,
    0x3c, 0x00, 0x78, 0x3e, 0x00, 0xf0, 0x1f, 0x83, 0xf0, 0x0f, 0xff, 0xe0,
    0x07, 0xff, 0xc0, 0x00, 0xfe, 0x00, 0x00, 0x00, 0x00, 0x00, 0x00, 0x00,
    0x00, 0x00, 0x00, 0x00, 0x00, 0x00, 0x00, 0x00, 0x00, 0x00, 0x00, 0x00,
    0x00, 0x00, 0x00, 0x00, 0x00, 0x00, 0x00, 0x00, 0x00, 0x00, 0x00, 0x00,
    0x00, 0x00, 0x00, 0x00, 0x00, 0x00, 0x00, 0x00, 0x00, 0x00, 0x00, 0x00,
    0x07, 0x80, 0x07, 0x80, 0x07, 0x80, 0x07, 0x80, 0x07, 0x80, 0x07, 0x80,
    0x07, 0x80, 0x07, 0x80, 0x7f, 0xfc, 0x7f, 0xfc, 0x7f, 0xfc, 0x07, 0x80,
    0x07, 0x80, 0x07, 0x80, 0x07, 0x80, 0x07, 0x80, 0x07, 0x80, 0x07, 0x80,
    0x07, 0x80, 0x07, 0x80, 0x07, 0x80, 0x07, 0x80, 0x07, 0x80, 0x07, 0x80,
    0x07, 0x80, 0x07, 0x80, 0x07, 0x80, 0x07, 0x80, 0x07, 0x80, 0x07, 0x80,
    0x07, 0x80, 0x07, 0x80, 0x00, 0x00, 0x00, 0x00, 0x00, 0x00, 0x00, 0x00,
    0x00, 0x00, 0x00, 0x00, 0x00, 0x00, 0x00, 0x00, 0x00, 0x00, 0x00, 0x00,
    0x00, 0x00, 0x00, 0x00, 0x00, 0x00, 0x00, 0x00, 0x00, 0x00, 0x00, 0x00,
    0x00, 0x00, 0x00, 0x00, 0x00, 0x00, 0x00, 0x00, 0x00, 0x00, 0x00, 0x00,
    0x00, 0x00, 0x00, 0x00, 0x00, 0x00, 0x00, 0x00, 0x00, 0x00, 0x00, 0x00,
    0x00, 0x00, 0x00, 0x00, 0x00, 0x00, 0x00, 0x00, 0x00, 0x00, 0x00, 0x00,
    0x00, 0x00, 0x00, 0x00, 0x00, 0x00, 0x00, 0x00, 0x1c, 0x00, 0x0e, 0x00,
    0x1c, 0x00, 0x0e, 0x00, 0x1c, 0x00, 0x0e, 0x00, 0x1c, 0x00, 0x0e, 0x00,
    0x1c, 0x00, 0x0e, 0x00, 0x1c, 0x00, 0x0e, 0x00, 0x1c, 0x00, 0x0e, 0x00,
    0x1c, 0x00, 0x0e, 0x00, 0x1c, 0x00, 0x0e, 0x00, 0x1c, 0x00, 0x0e, 0x00,
    0x1c, 0x00, 0x0e, 0x00, 0x1c, 0x00, 0x0e, 0x00, 0x1c, 0x00, 0x0e, 0x00,
    0x1c, 0x00, 0x0e, 0x00, 0x1c, 0x00, 0x1e, 0x00, 0x1c, 0x00, 0x1e, 0x00,
    0x1e, 0x00, 0x1e, 0x00, 0x1e, 0x00, 0x1e, 0x00, 0x0f, 0x00, 0x3e, 0x00,
    0x0f, 0x80, 0x7e, 0x00, 0x07, 0xe1, 0xfe, 0x00, 0x03, 0xff, 0xce, 0x00,
    0x01, 0xff, 0x8e, 0x00, 0x00, 0x7e, 0x0e, 0x00, 0x00, 0x00, 0x00, 0x00,
    0x00, 0x00, 0x00, 0x00, 0x00, 0x00, 0x00, 0x00, 0x00, 0x00, 0x00, 0x00,
    0x00, 0x00, 0x00, 0x00, 0x00, 0x00, 0x00, 0x00, 0x00, 0x00, 0x00, 0x00,
    0x00, 0x00, 0x00, 0x00, 0x00, 0x00, 0x00, 0x00, 0x00, 0x00, 0x00, 0x00,
    0x00, 0x00, 0x00, 0x00, 0x00, 0x00, 0x00, 0x00, 0x00, 0x00, 0x00, 0x00,
    0x00, 0x00, 0x00, 0x00, 0x00, 0x00, 0x00, 0x00, 0x00, 0x00, 0x00, 0x00,
    0x00, 0x00, 0x00, 0x00, 0x00, 0x00, 0x00, 0x00, 0x00, 0x00, 0x00, 0x00,
    0x00, 0x00, 0x00, 0x00, 0x00, 0x00, 0xf0, 0x00, 0x3c, 0x78, 0x00, 0x3c,
    0x78, 0x00, 0x38, 0x38, 0x00, 0x78, 0x3c, 0x00, 0x78, 0x3c, 0x00, 0x70,
    0x1c, 0x00, 0xf0, 0x1e, 0x00, 0xe0, 0x1e, 0x01, 0xe0, 0x0e, 0x01, 0xe0,
    0x0f, 0x01, 0xc0, 0x07, 0x03, 0xc0, 0x07, 0x83, 0xc0, 0x07, 0x83, 0x80,
    0x03, 0x87, 0x80, 0x03, 0xc7, 0x00, 0x03, 0xc7, 0x00, 0x01, 0xcf, 0x00,
    0x01, 0xee, 0x00, 0x00, 0xfe, 0x00, 0x00, 0xfe, 0x00, 0x00, 0xfc, 0x00,
    0x00, 0x7c, 0x00, 0x00, 0x78, 0x00, 0x00, 0x00, 0x00, 0x00, 0x00, 0x00,
    0x00, 0x00, 0x00, 0x00, 0x00, 0x00, 0x00, 0x00, 0x00, 0x00, 0x00, 0x00,
    0x00, 0x00, 0x00, 0x00, 0x00, 0x00, 0x00, 0x00, 0x00, 0x00, 0x00, 0x00,
    0x00, 0x00, 0x00, 0x00, 0x00, 0x00, 0x00, 0x00, 0x00, 0x00, 0x00, 0x00,
    0x00, 0x00, 0x00, 0x00, 0x00, 0x00, 0x00, 0x00, 0x00, 0x00, 0x00, 0x00,
    0x00, 0x00, 0x00, 0x00, 0x00, 0x00, 0x00, 0x00, 0x00, 0x00, 0x00, 0x00,
    0x00, 0x00, 0x00, 0x00, 0x00, 0x00, 0x00, 0x00, 0x00, 0x00, 0x00, 0x00,
    0x00, 0x00, 0x00, 0x00, 0x00, 0x00, 0x00, 0x00, 0x00, 0x00, 0x00, 0x00,
    0x00, 0x00, 0x00, 0x00, 0x00, 0x00, 0x00, 0x00, 0x00, 0x00, 0xf0, 0x01,
    0xe0, 0x03, 0xc0, 0x70, 0x01, 0xe0, 0x03, 0xc0, 0x78, 0x01, 0xf0, 0x03,
    0x80, 0x78, 0x03, 0xf0, 0x07, 0x80, 0x38, 0x03, 0xf0, 0x07, 0x80, 0x38,
    0x03, 0xf8, 0x07, 0x00, 0x3c, 0x07, 0xb8, 0x07, 0x00, 0x3c, 0x07, 0x38,
    0x0f, 0x00, 0x1c, 0x07, 0x3c, 0x0f, 0x00, 0x1e, 0x0f, 0x1c, 0x0e, 0x00,
    0x1e, 0x0e, 0x1c, 0x1e, 0x00, 0x0e, 0x0e, 0x1c, 0x1e, 0x00, 0x0e, 0x0e,
    0x1e, 0x1c, 0x00, 0x0f, 0x1e, 0x0e, 0x1c, 0x00, 0x07, 0x1c, 0x0e, 0x3c,
    0x00, 0x07, 0x1c, 0x0f, 0x38, 0x00, 0x07, 0xbc, 0x07, 0x38, 0x00, 0x07,
    0xb8, 0x07, 0x78, 0x00, 0x03, 0xb8, 0x07, 0xf8, 0x00, 0x03, 0xf8, 0x03,
    0xf0, 0x00, 0x03, 0xf0, 0x03, 0xf0, 0x00, 0x01, 0xf0, 0x03, 0xf0, 0x00,
    0x01, 0xf0, 0x03, 0xe0, 0x00, 0x01, 0xf0, 0x01, 0xe0, 0x00, 0x00, 0x00,
    0x00, 0x00, 0x00, 0x00, 0x00, 0x00, 0x00, 0x00, 0x00, 0x00, 0x00, 0x00,
    0x00, 0x00, 0x00, 0x00, 0x00, 0x00, 0x00, 0x00, 0x00, 0x00, 0x00, 0x00,
    0x00, 0x00, 0x00, 0x00, 0x00, 0x00, 0x00, 0x00, 0x00, 0x00, 0x00, 0x00,
    0x00, 0x00, 0x00, 0x00, 0x00, 0x00, 0x00, 0x00, 0x00, 0x00, 0x00, 0x00,
    0x00, 0x00, 0x00, 0x00, 0x00, 0x00, 0x00, 0x00, 0x00, 0x00, 0x00, 0x00,
    0x00, 0x00, 0x00, 0x00, 0x00, 0x00, 0x00, 0x00, 0x00, 0x00, 0x00, 0x00,
    0x00, 0x00, 0x00, 0x00, 0x00, 0x00, 0x00, 0x00, 0x00, 0x00, 0x00, 0x00,
    0x00, 0x00, 0x00, 0x00, 0x00, 0x00, 0x78, 0x00, 0x78, 0x3c, 0x00, 0xf0,
    0x1e, 0x01, 0xf0, 0x1e, 0x01, 0xe0, 0x0f, 0x03, 0xc0, 0x07, 0x87, 0x80,
    0x07, 0x87, 0x80, 0x03, 0xcf, 0x00, 0x01, 0xfe, 0x00, 0x00, 0xfe, 0x00,
    0x00, 0xfc, 0x00, 0x00, 0x78, 0x00, 0x00, 0xfc, 0x00, 0x00, 0xfc, 0x00,
    0x01, 0xfe, 0x00, 0x03, 0xcf, 0x00, 0x03, 0xc7, 0x80, 0x07, 0x87, 0x80,
    0x0f, 0x03, 0xc0, 0x1f, 0x01, 0xe0, 0x1e, 0x01, 0xe0, 0x3c, 0x00, 0xf0,
    0x7c, 0x00, 0x78, 0x78, 0x00, 0x7c, 0x00, 0x00, 0x00, 0x00, 0x00, 0x00,
    0x00, 0x00, 0x00, 0x00, 0x00, 0x00, 0x00, 0x00, 0x00, 0x00, 0x00, 0x00,
    0x00, 0x00, 0x00, 0x00, 0x00, 0x00, 0x00, 0x00, 0x00, 0x00, 0x00, 0x00,
    0x00, 0x00, 0x00, 0x00, 0x00, 0x00, 0x00, 0x00, 0x00, 0x00, 0x00, 0x00,
    0x00, 0x00, 0x00, 0x00, 0x00, 0x00, 0x00, 0x00, 0x00, 0x00, 0x00, 0x00,
    0x00, 0x00, 0x00, 0x00, 0x00, 0x00, 0x00, 0x00, 0x00, 0x00, 0x00, 0x00,
    0x00, 0x00, 0x00, 0x00, 0x00, 0x00, 0xf0, 0x00, 0x1e, 0x78, 0x00, 0x3c,
    0x78, 0x00, 0x3c, 0x38, 0x00, 0x38, 0x3c, 0x00, 0x78, 0x3c, 0x00, 0x70,
    0x1c, 0x00, 0xf0, 0x1e, 0x00, 0xf0, 0x0e, 0x00, 0xe0, 0x0f, 0x01, 0xe0,
    0x0f, 0x01, 0xc0, 0x07, 0x03, 0xc0, 0x07, 0x83, 0xc0, 0x03, 0x83, 0x80,
    0x03, 0xc7, 0x80, 0x03, 0xc7, 0x00, 0x01, 0xc7, 0x00, 0x01, 0xef, 0x00,
    0x00, 0xee, 0x00, 0x00, 0xfe, 0x00, 0x00, 0xfc, 0x00, 0x00, 0x7c, 0x00,
    0x00, 0x78, 0x00, 0x00, 0x78, 0x00, 0x00, 0x78, 0x00, 0x00, 0x70, 0x00,
    0x00, 0xf0, 0x00, 0x00, 0xe0, 0x00, 0x01, 0xe0, 0x00, 0x01, 0xe0, 0x00,
    0x03, 0xc0, 0x00, 0x03, 0xc0, 0x00, 0x03, 0x80, 0x00, 0x00, 0x00, 0x00,
    0x00, 0x00, 0x00, 0x00, 0x00, 0x00, 0x00, 0x00, 0x00, 0x00, 0x00, 0x00,
    0x00, 0x00, 0x00, 0x00, 0x00, 0x00, 0x00, 0x00, 0x00, 0x00, 0x00, 0x00,
    0x00, 0x00, 0x00, 0x00, 0x00, 0x00, 0x00, 0x00, 0x00, 0x00, 0x00, 0x00,
    0x00, 0x00, 0x00, 0x00, 0x00, 0x00, 0x3f, 0xff, 0xf0, 0x3f, 0xff, 0xf0,
    0x3f, 0xff, 0xf0, 0x00, 0x01, 0xe0, 0x00, 0x03, 0xe0, 0x00, 0x07, 0xc0,
    0x00, 0x07, 0x80, 0x00, 0x0f, 0x00, 0x00, 0x1e, 0x00, 0x00, 0x3e, 0x00,
    0x00, 0x7c, 0x00, 0x00, 0x78, 0x00, 0x00, 0xf0, 0x00, 0x01, 0xe0, 0x00,
    0x03, 0xe0, 0x00, 0x03, 0xc0, 0x00, 0x07, 0x80, 0x00, 0x0f, 0x00, 0x00,
    0x1f, 0x00, 0x00, 0x3e, 0x00, 0x00, 0x3c, 0x00, 0x00, 0x7f, 0xff, 0xf0,
    0x7f, 0xff, 0xf0, 0x7f, 0xff, 0xf0, 0x00, 0x00, 0x00, 0x00, 0x00, 0x00,
    0x00, 0x00, 0x00, 0x00, 0x00, 0x00, 0x00, 0x00, 0x00, 0x00, 0x00, 0x00,
    0x00, 0x00, 0x00, 0x00, 0x00, 0x00, 0x00, 0x00, 0x00, 0x00, 0x00, 0x00,
    0x00, 0x00, 0x00, 0x00, 0x00, 0x00, 0x00, 0x00, 0x00, 0x00, 0x00, 0x00,
    0x00, 0x00, 0x00, 0xf0, 0x03, 0xf0, 0x07, 0xf0, 0x07, 0x80, 0x07, 0x00,
    0x07, 0x00, 0x07, 0x00, 0x07, 0x00, 0x07, 0x00, 0x07, 0x00, 0x07, 0x00,
    0x07, 0x00, 0x07, 0x00, 0x07, 0x00, 0x0f, 0x00, 0x0e, 0x00, 0x0e, 0x00,
    0x1c, 0x00, 0x78, 0x00, 0x78, 0x00, 0x3c, 0x00, 0x1e, 0x00, 0x0e, 0x00,
    0x0e, 0x00, 0x07, 0x00, 0x07, 0x00, 0x07, 0x00, 0x07, 0x00, 0x07, 0x00,
    0x07, 0x00, 0x07, 0x00, 0x07, 0x00, 0x07, 0x00, 0x07, 0x00, 0x07, 0x00,
    0x07, 0x80, 0x03, 0xf0, 0x01, 0xf0, 0x00, 0x70, 0x00, 0x00, 0x00, 0x00,
    0x00, 0x00, 0x00, 0x00, 0x1c, 0x00, 0x1c, 0x00, 0x1c, 0x00, 0x1c, 0x00,
    0x1c, 0x00, 0x1c, 0x00, 0x1c, 0x00, 0x1c, 0x00, 0x1c, 0x00, 0x1c, 0x00,
    0x1c, 0x00, 0x1c, 0x00, 0x1c, 0x00, 0x1c, 0x00, 0x1c, 0x00, 0x1c, 0x00,
    0x1c, 0x00, 0x1c, 0x00, 0x1c, 0x00, 0x1c, 0x00, 0x1c, 0x00, 0x1c, 0x00,
    0x1c, 0x00, 0x1c, 0x00, 0x1c, 0x00, 0x1c, 0x00, 0x1c, 0x00, 0x1c, 0x00,
    0x1c, 0x00, 0x1c, 0x00, 0x1c, 0x00, 0x1c, 0x00, 0x1c, 0x00, 0x1c, 0x00,
    0x1c, 0x00, 0x1c, 0x00, 0x1c, 0x00, 0x1c, 0x00, 0x1c, 0x00, 0x1c, 0x00,
    0x1c, 0x00, 0x1c, 0x00, 0x1c, 0x00, 0x1c, 0x00, 0x00, 0x00, 0x00, 0x00,
    0x00, 0x00, 0x00, 0x00, 0x00, 0x00, 0x00, 0x00, 0x00, 0x00, 0x00, 0x00,
    0x00, 0x00, 0x78, 0x00, 0x7e, 0x00, 0x7f, 0x00, 0x07, 0x00, 0x07, 0x80,
    0x03, 0x80, 0x03, 0x80, 0x03, 0x80, 0x03, 0x80, 0x03, 0x80, 0x03, 0x80,
    0x03, 0x80, 0x03, 0x80, 0x03, 0x80, 0x03, 0x80, 0x03, 0x80, 0x01, 0xc0,
    0x01, 0xe0, 0x00, 0xf8, 0x00, 0xf8, 0x01, 0xe0, 0x01, 0xc0, 0x03, 0x80,
    0x03, 0x80, 0x03, 0x80, 0x03, 0x80, 0x03, 0x80, 0x03, 0x80, 0x03, 0x80,
    0x03, 0x80, 0x03, 0x80, 0x03, 0x80, 0x03, 0x80, 0x03, 0x80, 0x07, 0x80,
    0x0f, 0x00, 0x7f, 0x00, 0x7e, 0x00, 0x78, 0x00, 0x00, 0x00, 0x00, 0x00,
    0x00, 0x00, 0x00, 0x00, 0x00, 0x00, 0x00, 0x00, 0x00, 0x00, 0x00, 0x00,
    0x00, 0x00, 0x00, 0x00, 0x00, 0x00, 0x00, 0x00, 0x00, 0x00, 0x00, 0x00,
    0x00, 0x00, 0x00, 0x00, 0x00, 0x00, 0x00, 0x00, 0x00, 0x00, 0x00, 0x00,
    0x00, 0x00, 0x00, 0x00, 0x00, 0x00, 0x00, 0x00, 0x00, 0x00, 0x00, 0x00,
    0x00, 0x00, 0x00, 0x00, 0x00, 0x00, 0x00, 0x00, 0x00, 0x00, 0x00, 0x00,
    0x00, 0x00, 0x00, 0x07, 0xc0, 0x0c, 0x0f, 0xf8, 0x0c, 0x1f, 0xfe, 0x38,
    0x1c, 0x7f, 0xf8, 0x10, 0x1f, 0xf0, 0x30, 0x03, 0xe0, 0x00, 0x00, 0x00,
    0x00, 0x00, 0x00, 0x00, 0x00, 0x00, 0x00, 0x00, 0x00, 0x00, 0x00, 0x00,
    0x00, 0x00, 0x00, 0x00, 0x00, 0x00, 0x00, 0x00, 0x00, 0x00, 0x00, 0x00,
    0x00, 0x00, 0x00, 0x00, 0x00, 0x00, 0x00, 0x00, 0x00, 0x00, 0x00, 0x00,
    0x00, 0x00, 0x00, 0x00, 0x00, 0x00, 0x00, 0x00, 0x00, 0x00, 0x00, 0x00,
    0x00, 0x00, 0x00, 0x00, 0x00, 0x00, 0x00, 0x00, 0x00, 0x00, 0x00, 0x00,
};

const struct gfx_font GFX_FONT_48 = {
    48, Q48_GLYPHS, Q48_BITMAP
};
